Country,Year,Temperature,Rainfall,HDD,CDD,HDD_pw,CDD_pw,Inflation,GDP_growth,Broad_money_GDP,Exchange_rate,Population
AUS,1990,22.3953846153846,6.14,14.73,71.87,251369335.44,1226470749.36,7.33302195235871,3.57741096455418,54.063103065705,1.28105666666667,17065128
AUS,1991,23.0107692307692,3.67,11.13,76.27,192371320.68,1318253425.72,3.17667536988686,-0.382260201054848,53.3023061069217,1.28375583333333,17284036
AUS,1992,21.53,6.64,15.69,61.58,274239783.15,1076334343.3,1.01223112610713,0.428289544126571,56.1607817520318,1.36164833333333,17478635
AUS,1993,21.9669230769231,8.04,16.68,68.25,294148597.44,1203575646,1.75365344467641,4.04672816534581,56.5767739161559,1.47056,17634808
AUS,1994,21.5169230769231,3.11,19.31,65.03,343823587.08,1157889584.04,1.96963479688141,3.98038838722397,59.2265343954464,1.36775083333333,17805468
AUS,1995,21.76,7.26,15.18,64.06,273314108.76,1153392740.92,4.62776659959759,3.88592623460093,60.483001153584,1.3490325,18004882
AUS,1996,22.5446153846154,3.06,10.96,70.04,199743446.32,1276462680.68,2.61538461538461,3.86388891398424,62.7331696753496,1.27786333333333,18224767
AUS,1997,21.8861538461539,10.8,19.24,69.76,354459231.88,1285191061.12,0.224887556221889,3.91324731942255,63.9699601376052,1.34738,18423037
AUS,1998,22.2307692307692,10.13,16.26,71.26,302559315.84,1325976435.84,0.860134629768138,4.66321460379962,65.5282645441586,1.59182833333333,18607584
AUS,1999,22.3184615384615,6.37,13.6,69.74,255846790.4,1311967291.36,1.48312940304041,5.02768409342292,69.3641404165601,1.54995,18812264
AUS,2000,21.4661538461539,17.26,19.45,64.51,370110198.9,1227548017.02,4.45743514797223,3.9215029305806,67.5206398621343,1.72482666666667,19028802
AUS,2001,21.0176923076923,18.89,19.74,58.97,380482597.74,1136629117.97,4.40713536201469,2.02510553454593,70.1651514131993,1.9334425,19274701
AUS,2002,22.4507692307692,4.79,14.35,72.21,279756263.5,1407749114.1,2.98157453936348,3.97958568067362,70.2326982768036,1.8405625,19495210
AUS,2003,22.1784615384615,8.92,15.13,69.45,298374750.81,1369605184.65,2.73259596616786,3.09076190489348,74.5953282347256,1.54191416666667,19720737
AUS,2004,22.4192307692308,7.83,16.19,73.64,322710769.18,1467845648.08,2.34325522482584,4.22428481359962,77.2473544374943,1.3597525,19932722
AUS,2005,22.7692307692308,6.14,14.31,76.31,288730637.64,1539694965.64,2.69183168316832,3.15416753184221,78.2575131748516,1.30947333333333,20176844
AUS,2006,22.7707692307692,3.9,19.94,81.96,407792262.04,1676161173.36,3.55528773727026,2.75534610557227,83.3665724272263,1.3279734405,20450966
AUS,2007,22.4292307692308,6.57,16.18,73.76,336990923.96,1536245398.72,2.32761128891475,3.77332171303566,90.4718105339808,1.1950725,20827622
AUS,2008,22.0369230769231,6.54,17.19,69.67,365273730.81,1480431694.33,4.35029854990048,3.58626695226046,97.7256039423242,1.19217833333333,21249199
AUS,2009,22.5430769230769,4.48,12.9,71.96,279822323.7,1560931349.88,1.77111716621253,1.89255581922549,94.3187877479573,1.28218881008452,21691653
AUS,2010,20.2730769230769,19.24,21.8,51.35,480292150,1131330362.5,2.91834002677376,2.21998026536549,100.459042792971,1.09015948638677,22031750
AUS,2011,21.1661538461539,16.29,17.63,58.79,393854623.12,1313370010.96,3.30385015608741,2.40708018291988,99.728804783364,0.969463201496735,22340024
AUS,2012,21.4315384615385,8.01,20.52,65.13,466490701.8,1480630575.45,1.76278015613196,3.91670942454073,101.19446506818,0.965801030658708,22733465
AUS,2013,22.8915384615385,6.37,12.11,75.7,280081642.19,1750799365.3,2.44988864142539,2.60219339436559,105.455059106318,1.03584309652054,23128129
AUS,2014,22.1746153846154,8.06,17.58,71.85,412702559.88,1686728039.1,2.48792270531401,2.59528411594042,108.491631141717,1.10936329281692,23475686
AUS,2015,22.0753846153846,5.6,17.19,70.17,409396954.05,1671168369.15,1.5083667216592,2.19016928695221,113.225861547199,1.33109026245502,23815995
AUS,2016,22.4892307692308,4.03,13.63,71.99,329722062.41,1741503394.93,1.2769909449733,2.7593859723839,118.315204222111,1.34521397601947,24190907
AUS,2017,23.0953846153846,1.72,11.74,77.98,288716983.12,1917730012.24,1.94864740944521,2.27959179820343,116.647808132161,1.30475807671592,24592588
AUS,2018,22.96,1.59,16.45,80.93,410645594.1,2020276469.94,1.91140094445694,2.87846971467883,113.945951653995,1.33841214646451,24963258
AUS,2019,23.2115384615385,0.55,16.03,83.78,406117260.78,2122551722.28,1.6107678729038,2.17154505737176,122.940117524787,1.43850654421382,25334826
AUS,2020,22.4084615384615,4.03,17.36,74.67,445270945.28,1915229348.16,0.846905537459283,-0.119590735829973,137.321972035631,1.45308511847016,25649248
AUS,2021,21.6684615384615,7.17,13.9,61.59,357027226.8,1581964525.08,2.86391042204996,2.11116814768786,139.205450060915,1.33122425957081,25685412
AUS,2022,21.5469230769231,9.7,16.66,62.77,433399887.34,1632923825.23,6.59409671341846,4.24238555336139,134.369350483084,1.44166445896522,26014399
AUS,2023,22.5007692307692,8.32,12.89,71.4,343554295.53,1903008277.8,5.59701492537313,3.44199220009025,126.75325891471,1.50519106560509,26652777
AUT,1990,4.90230769230769,37.8,170.27,0,1307307519.5,0,3.26187231878578,4.34564183768971,,11.3698333333333,7677850
AUT,1991,3.92846153846154,40.02,182.93,0,1418602210.63,0,3.33742703474788,3.44162748808654,,11.6759166666667,7754891
AUT,1992,4.96384615384615,35.06,169.47,0,1328764954.23,0,4.02084780038558,2.0935244262602,,10.9893333333333,7840709
AUT,1993,4.40615384615385,36.92,176.72,0,1397083463.76,0,3.63178524943176,0.526809769496765,,11.6321825,7905633
AUT,1994,5.62153846153846,34.77,160.92,0,1277080108.56,0,2.95340936761079,2.40211843259056,,11.4218249166667,7936118
AUT,1995,4.28153846153846,38.62,178.34,0,1417495898.52,0,2.24336631500905,2.66798388882503,,10.0814958333333,7948278
AUT,1996,3.65230769230769,43.17,186.52,0,1484515850.84,0,1.86097115760432,2.21576713087359,,10.5865575,7959017
AUT,1997,4.88076923076923,44.81,170.55,0,1358949392.55,0,1.30597857227693,2.1458350552646,,12.2042441666667,7968041
AUT,1998,4.81076923076923,43.61,171.46,0,1367700241.94,0,0.922467196680793,3.49288002962309,,12.379065,7976789
AUT,1999,4.87538461538462,42.92,170.62,0,1363650320.88,0,0.568993765885571,3.76192435190464,,0.938283072395283,7992324
AUT,2000,5.63153846153846,44.86,160.79,0,1288179697.14,0,2.34486285357281,3.18952292988787,,1.08270508132602,8011566
AUT,2001,4.57384615384615,39.25,174.54,0,1403701820.22,0,2.65000077279529,1.31698749571339,,1.11653308564462,8042293
AUT,2002,5.46384615384615,44.99,162.97,0,1317116532.29,0,1.81035787764127,1.48436877605324,,1.05755899623965,8081957
AUT,2003,4.91,33.39,170.17,0,1382022551.91,0,1.35555370896452,1.14156504542775,,0.88404792718493,8121423
AUT,2004,4.21,42.49,179.27,0,1464988344.82,0,2.06120618032862,2.56525534067859,,0.803921647747618,8171966
AUT,2005,3.76461538461538,45.88,185.06,0,1522642034.74,0,2.29913785639286,2.32036514266782,,0.803800192161442,8227829
AUT,2006,4.69923076923077,42.46,172.91,0,1429730715.31,0,1.44154851119019,3.26933601506059,,0.796432730949102,8268641
AUT,2007,5.25461538461539,46.34,165.69,0,1374479241.03,0,2.1685552880075,3.77522468729185,,0.729672399984083,8295487
AUT,2008,5.37615384615385,46.06,164.11,0,1365640708.56,0,3.21595033239886,1.45330562142114,,0.679922680042729,8321496
AUT,2009,4.77769230769231,52.61,171.89,0,1434133790.47,0,0.506308827696515,-3.58626472551299,,0.716957702016136,8343323
AUT,2010,3.91153846153846,41.11,183.15,0,1531757442.6,0,1.81353438995062,1.80898243043663,,0.754308990105961,8363404
AUT,2011,5.61153846153846,35.21,161.05,0,1351474105.15,0,3.28657914875377,2.92746800169145,,0.718413898653317,8391643
AUT,2012,4.84615384615385,46.17,171,0,1441528461,0,2.48567562177015,0.628246239479637,,0.778338120416812,8429991
AUT,2013,4.51307692307692,39.29,175.33,0,1486767366.59,0,2.00015616900599,-0.250726423318454,,0.752945122701996,8479823
AUT,2014,6.11230769230769,45.73,154.54,0,1320753856.24,0,1.60581182954475,0.755798850316665,,0.752728196932603,8546356
AUT,2015,5.78923076923077,37.48,158.74,0,1371942039.26,0,0.896563335260335,1.30352331826198,,0.901296423367096,8642699
AUT,2016,5.34615384615385,48.2,164.5,0,1437181886,0,0.891591752655315,2.11721964494312,,0.903421436257263,8736668
AUT,2017,5.12153846153846,49.27,167.42,0,1472888499.72,0,2.08126911385585,2.27224992038207,,0.885205508269372,8797566
AUT,2018,6.01538461538462,42.92,155.8,0,1377353171.8,0,1.99837981429547,2.48422114080024,,0.846772667108111,8840521
AUT,2019,5.84615384615385,42.62,158,0,1403027360,0,1.53089564152644,1.75497619649288,,0.893276257067409,8879920
AUT,2020,5.73538461538462,50.8,159.44,0,1421704796.16,0,1.38191063351859,-6.31825509209936,,0.875506396987998,8916864
AUT,2021,4.97230769230769,40.83,169.36,0,1516753779.92,0,2.7666666666667,4.79532885699543,,0.84549413889045,8955797
AUT,2022,6.24384615384615,43.98,152.83,0,1381866088.33,0,8.54686993188449,5.27789448538658,,0.949623753156941,9041851
AUT,2023,6.28307692307692,53.46,152.32,0,1390949835.52,0,7.81413417002833,-0.954962529389121,,0.924839558470698,9131761
BFA,1990,28.0653846153846,23.9,0,130.85,0,1198501732.6,,-0.602928477580988,18.1784041666065,272.264787954393,9159356
BFA,1991,27.2569230769231,33.09,0,120.34,0,1130550014.88,,9.06998445877436,18.1305668248272,282.10690880882,9394632
BFA,1992,27.3215384615385,24.77,0,121.18,0,1166875544.5,,0.232710761845951,18.7615381720288,264.691800750579,9629275
BFA,1993,27.9169230769231,28.43,0,128.92,0,1272661239.96,,3.46138493945818,19.8654620062825,283.162579500018,9871713
BFA,1994,27.1276923076923,33.2,0,118.66,0,1201289870.68,,1.31500727210265,22.1304757143247,555.204695655697,10123798
BFA,1995,27.3830769230769,28.75,0,121.98,0,1266972349.56,,5.71637386269622,23.9702848549793,499.14842590131,10386722
BFA,1996,27.8423076923077,28.96,0,127.95,0,1363427778.9,,11.014743869558,22.6304264307343,511.552430272516,10655942
BFA,1997,27.7176923076923,24.43,0,126.33,0,1381320391.59,,6.31683473483768,24.6756491490467,583.669372353396,10934223
BFA,1998,28.3246153846154,30.64,0,134.22,0,1508721922.08,,7.30771963496896,21.5261861392885,589.951774567332,11240664
BFA,1999,27.5130769230769,32.4,0,123.67,0,1431471345.76,,7.39523780111931,17.5109436038408,615.473349319164,11574928
BFA,2000,28.0046153846154,24.57,0,130.06,0,1551036512.76,,1.88847388906525,18.6289597846143,710.207977031367,11925546
BFA,2001,28.0876923076923,21.94,0,131.14,0,1612366431.14,,6.61340574539679,16.2839927625652,732.397693260228,12295001
BFA,2002,28.8,18.11,0,140.4,0,1780397938.8,,4.35296382988099,14.6847701654749,693.713226496374,12680897
BFA,2003,27.97,31.24,0,129.61,0,1695626972.52,,7.80249388870359,22.69470571933,579.897426172466,13082532
BFA,2004,28.2323076923077,21.91,0,133.02,0,1795840899.66,,4.47845213670386,20.7600330070757,527.338032291576,13500533
BFA,2005,28.7138461538462,24.3,0,139.28,0,1940466091.44,,8.66187322841225,17.9641579126181,527.258362649626,13932123
BFA,2006,28.0823076923077,26.22,0,131.07,0,1883961776.49,,6.25316468817478,18.7747960550847,522.425624895176,14373707
BFA,2007,27.5392307692308,28.35,0,124.01,0,1837370231.07,,4.11137901761516,18.9952949594834,478.633718476363,14816307
BFA,2008,27.3184615384615,28.81,0,121.14,0,1848365386.02,,5.79999174105387,20.8826596935394,446.000041432788,15258093
BFA,2009,27.8807692307692,30.65,0,128.45,0,2017957977.7,,2.96195085866692,24.450580568313,470.293423341398,15710066
BFA,2010,27.4123076923077,38.05,0,122.36,0,1979356295.28,,8.44628157707625,25.6262389906549,494.794262222947,16176498
BFA,2011,27.1061538461538,29.5,0,118.38,0,1972436669.04,2.75976724854531,6.62256261306693,25.7564537101449,471.248625718937,16661908
BFA,2012,26.9553846153846,38.04,0,116.42,0,1999197652.54,3.81815240252386,6.45267237953146,26.4211963324223,510.556338454251,17172287
BFA,2013,27.3407692307692,33.15,0,121.43,0,2148753514.87,0.533738507090531,5.79258484509867,28.2873353776802,493.899623852237,17695409
BFA,2014,27.9869230769231,27.47,0,129.83,0,2366730921.63,-0.25808951753536,4.32684561452976,30.2894261109739,493.757329875312,18229461
BFA,2015,27.4738461538462,31.36,0,123.16,0,2312635298.92,0.7248389810706,3.9212287937935,35.5971028843395,591.21169798261,18777487
BFA,2016,27.7246153846154,29.52,0,126.42,0,2444312495.52,0.441041448058777,5.95797670754024,36.5625742997606,592.605615063022,19334856
BFA,2017,27.9338461538462,28.25,0,129.14,0,2569163719.98,1.48299897161327,6.20348941121868,41.1011430661806,580.656749587858,19894407
BFA,2018,27.62,31.75,0,125.06,0,2556012297.28,1.95594302672532,6.60456906812341,42.1281649957099,555.446458398226,20438288
BFA,2019,27.5169230769231,32.34,0,123.72,0,2593412701.44,-3.23338933983324,5.88920497068135,43.1817672363833,585.911013180369,20961952
BFA,2020,27.3361538461539,34.45,0,121.37,0,2606868605.3,1.88470066518848,2.01077262406221,46.8446169956733,575.586004510945,21478690
BFA,2021,28.1938461538462,24.35,0,132.52,0,2914809602.36,3.65326761825511,6.94252492572348,51.1321303038172,554.530675033104,21995243
BFA,2022,27.0853846153846,37.2,0,118.11,0,2658542478.18,,1.4972397409897,48.698614509138,623.759700911182,22509038
BFA,2023,27.7830769230769,34.54,0,127.18,0,2928418191.68,,2.96018147384929,45.034670336818,606.569750165917,23025776
BGD,1990,26.4569230769231,37.98,0,109.94,0,12273010846.98,,5.62225816160344,22.4466391322843,34.5688083333333,111633717
BGD,1991,26.4961538461539,41.04,0,110.45,0,12567786189.05,,3.48522781598027,24.0087114615132,36.5961833333333,113787109
BGD,1992,26.6938461538462,24.8,0,113.02,0,13104916739.84,,5.44268554966725,24.8676501147129,38.9507583333333,115952192
BGD,1993,26.2415384615385,45.49,0,107.14,0,12656701050.4,,4.71156172453999,26.2049500333029,39.5672575,118132360
BGD,1994,26.7669230769231,28.83,0,113.97,0,13715512110.63,,3.89012644116818,28.9521640750639,40.2117391666667,120343179
BGD,1995,26.4276923076923,41.21,0,109.56,0,13432096537.2,,5.12127789724337,28.827915737296,40.2783183333333,122600370
BGD,1996,26.4876923076923,36.83,0,110.34,0,13777292830.86,,4.52291921684423,25.6338800863882,41.7941683333333,124862179
BGD,1997,25.6430769230769,56.41,0,99.36,0,12638400135.84,,4.4898964976265,25.9368786504287,43.8921158333333,127198069
BGD,1998,25.4915384615385,71.18,0.0899999999999999,97.48,11666009.88,12635584923.36,,5.1770268731498,26.2325061615944,46.9056516666666,129622332
BGD,1999,25.8684615384615,60.07,0.0300000000000011,102.32,3963241.95000015,13517297210.8,,4.67015636882111,27.8851595216238,49.0854,132108065
BGD,2000,25.15,65.97,0,92.95,0,12505893056.8,,5.29329471892532,30.5539892604712,52.1416666666667,134544304
BGD,2001,25.3692307692308,67.9,1.57,97.37,214785121.7,13320781719.7,,5.07728777526728,40.2671476674779,55.8066666666667,136805810
BGD,2002,25.5092307692308,66.01,0,97.62,0,13562703693.96,,3.83312393993225,42.740177242997,57.888,138933658
BGD,2003,25.41,58.36,1.53,97.86,215684637.03,13795358548.86,,4.73956739963045,43.9885771769768,58.15004,140970351
BGD,2004,25.4692307692308,73.22,0.0799999999999983,97.18,11432228.4799998,13887299546.08,,5.23953291029852,45.6229943594212,59.5126583333333,142902856
BGD,2005,25.6530769230769,67.06,0.16,99.65,23154525.76,14420928074.9,,6.53594493875502,47.4210681471904,64.327475,144715786
BGD,2006,25.7346153846154,60.33,0.77,101.32,112732599.21,14833853184.36,,6.67190498576788,50.4759985553139,68.9332333333333,146405973
BGD,2007,25.1238461538462,90.68,1,93.61,147989278,13853276313.58,,7.05859935449848,50.2819117580457,68.874875,147989278
BGD,2008,25.4292307692308,56.74,0.510000000000002,97.09,76231874.6400002,14512456291.76,,6.01378975738535,51.1876270713566,68.598275,149474264
BGD,2009,25.8184615384615,67.38,0,101.64,0,15334804290.96,,5.04512479919337,54.8817155926531,69.0390666666667,150873714
BGD,2010,25.8423076923077,64.76,0.440000000000001,102.39,66968871.6400002,15583960834.59,,5.57178818533122,58.7459016095395,69.6492916666667,152201981
BGD,2011,25.4761538461539,60.04,1.11,98.3,170486094.36,15098002770.8,11.3951651552399,6.46437912497728,59.8117683130297,74.1524,153591076
BGD,2012,25.44,53.5,0.780000000000001,97.5,120954678.78,15119334847.5,6.21750422069283,6.52145877906443,60.7424608294873,81.8626583333333,155070101
BGD,2013,25.4746153846154,64.74,1.42,98.59,222275640.22,15432503781.19,7.53040640913172,6.01360565834344,61.399914294208,78.103235,156532141
BGD,2014,25.9792307692308,59.89,0.0599999999999987,103.79,9477895.7399998,16395179980.91,6.99163889220849,6.0610593588495,63.3375540979273,77.6414083333333,157964929
BGD,2015,25.8553846153846,79.82,0,102.12,0,16276210239.48,6.19428022984985,6.55263987816197,64.5065520747659,77.9469083333333,159383179
BGD,2016,26.1969230769231,102.87,0,106.56,0,17136119473.92,5.51352572692994,7.11347821270093,54.9691444990129,78.4680916666667,160811932
BGD,2017,25.23,173.98,0,93.99,0,15243875956.53,5.70207015717244,6.59024999794057,55.8375416123996,80.4375416666667,162186147
BGD,2018,25.0546153846154,99.19,2.44,94.15,398996371.32,15395700147.45,5.54362139486472,7.31941263014136,54.8325562875275,83.4662019166666,163523103
BGD,2019,25.66,106.39,0,99.58,0,16422042016.9,5.59199639930633,7.88191515117722,54.8702535060565,84.4535225,164913055
BGD,2020,25.1023076923077,103.52,1.02,93.35,169623984.48,15523920540.4,5.69107474746208,3.44801755122445,57.7630649896826,84.8713916666667,166298024
BGD,2021,25.6646153846154,82.19,0.399999999999999,100.04,67063541.5999998,16772591754.16,5.54565430773475,6.93867912442445,56.6372785923275,85.08376325,167658854
BGD,2022,25.3315384615385,75.95,0.52,95.83,88080146.4399999,16232154679.51,7.69695437176898,7.09982877575158,54.117700850947,91.7454544396961,169384897
BGD,2023,25.8161538461539,90.3,0.0300000000000011,101.64,5144009.7000002,17427904863.6,9.88350303779208,5.77511237007889,51.2185633263359,106.309484297483,171466990
BHS,1990,25.88,20.56,0,102.44,0,28267805.8,,-1.59624908755521,38.7586860391661,1,275945
BHS,1991,25.9107692307692,24.14,0,102.84,0,28870376.04,,-4.18178502345002,42.058267655794,1,280731
BHS,1992,25.4338461538462,20.04,0,96.64,0,27631985.28,,-3.82558229706301,44.3969121904149,1,285927
BHS,1993,25.5592307692308,20.46,0,98.27,0,28629883.53,,0.307806596011844,51.8402328589909,1,291339
BHS,1994,25.9930769230769,23,0,103.91,0,30810250.19,,3.14891597200189,53.476526541884,1,296509
BHS,1995,25.7853846153846,31.11,0,101.21,0,30510867.81,,4.37875203482501,55.1706036745407,1,301461
BHS,1996,25.2746153846154,23.13,0,94.57,0,28963764.76,,4.22353036224139,55.3671377112774,1,306268
BHS,1997,25.8961538461538,46.29,0,102.65,0,31914295.6,,1.28775320549799,38.9637354793473,1,310904
BHS,1998,26.0407692307692,32.16,0,104.53,0,32965417.04,,4.71679855496301,41.9728912577087,1,315368
BHS,1999,25.6323076923077,42.53,0,99.22,0,31712101.08,,7.14410390677141,41.2695685897861,1,319614
BHS,2000,25.4023076923077,42.85,0,96.23,0,31162642.05,,4.14841930754267,42.9197409264196,1,323835
BHS,2001,25.4669230769231,64.24,0,97.07,0,31823040.52,,2.62600982683425,43.7205376883153,1,327836
BHS,2002,25.9084615384615,49.6,0,102.81,0,34093235.34,,2.70495624731029,42.1679150020943,1,331614
BHS,2003,26.0876923076923,32.23,0,105.14,0,35286876.52,,-1.26491667612372,43.7729493161851,1,335618
BHS,2004,25.3346153846154,32.24,0,95.35,0,32398213.7,,0.882373744518318,46.8311892827287,1,339782
BHS,2005,25.5792307692308,35.85,0,98.53,0,33883875.82,,3.39608420536011,47.784713608914,1,343894
BHS,2006,25.4153846153846,38.81,0,96.4,0,33583350,,2.51659221712706,49.8168137893727,1,348375
BHS,2007,25.8207692307692,46.56,0,101.67,0,35923467.78,,1.44609991235758,52.7229303262092,1,353334
BHS,2008,25.7623076923077,39.31,0,100.91,0,36137889.2,,-2.32364807041851,55.9804294128824,1,358120
BHS,2009,25.6130769230769,38.03,0,98.97,0,35907305.7,,-4.17542805647342,60.0142657353866,1,362810
BHS,2010,25.1838461538462,40.75,0,93.39,0,34318770.42,,1.53866248693835,62.6146504888191,1,367478
BHS,2011,25.7461538461539,40.78,0,100.7,0,37433110.3,3.19878141660322,0.613170735890648,64.3066306474884,1,371729
BHS,2012,25.5615384615385,49.57,0,98.3,0,36908602.7,1.97336755976255,4.5201241028963,62.1986452614641,1,375469
BHS,2013,25.8038461538462,45.09,0,101.45,0,38444781.85,0.722414784530534,-2.86328002994493,64.0010400705469,1,378953
BHS,2014,26.1838461538462,37.57,0,106.39,0,40672684.22,1.51375643050832,1.84730594220663,61.1239748792093,1,382298
BHS,2015,26.6238461538462,31.69,0,112.11,0,43201140.06,1.86148302863365,0.996748943241684,57.3012497794316,1,385346
BHS,2016,26.2192307692308,34.38,0,106.85,0,41463676.75,-0.346376929989347,-1.15626703753399,62.1149963950542,1,388055
BHS,2017,26.2076923076923,28.58,0,106.7,0,41664749.5,1.51820700736147,3.37123648611268,60.3619123301384,1,390485
BHS,2018,26.2692307692308,33.69,0,107.5,0,42217077.5,2.26586346678732,2.39852000603884,59.2254539138168,1,392717
BHS,2019,26.6107692307692,38.66,0,111.94,0,44179919.5,2.49123527368049,-0.839051301013157,63.2407973748588,1,394675
BHS,2020,26.5023076923077,48.86,0,110.53,0,43754737.39,0.0385210980054084,-20.0895554324841,80.8052358384476,1,395863
BHS,2021,26.4584615384615,39.12,0,109.96,0,43585175.08,2.90491262928485,17.5868973691568,72.5873043974412,1,396373
BHS,2022,26.6315384615385,45.92,0,112.21,0,44607738.98,5.60540633583038,10.8774550145968,68.758904994747,1,397538
BHS,2023,26.9407692307692,47.45,0,116.23,0,46426911.2,3.05291578969747,3.0487749628502,,1,399440
BLZ,1990,24.4615384615385,33.54,0,84,0,15378384,,11.4464944649447,30.2289134606598,2,183076
BLZ,1991,24.46,42.22,0,83.98,0,15707619.2,,11.7806767763724,30.4970691676436,2,187040
BLZ,1992,24.2261538461539,38.39,0,80.94,0,15458164.02,,12.7310426540284,29.5472172351885,2,190983
BLZ,1993,23.8576923076923,58.47,0,76.15,0,14841787.3,,6.13799989489728,28.2206282792057,2,194902
BLZ,1994,25.1023076923077,17.92,0,92.33,0,18382626.01,,-0.0198049215230043,29.8152272432992,2,199097
BLZ,1995,24.6161538461539,53.9,0,86.01,0,17558597.46,,0.73292725201803,33.2281911971186,2,204146
BLZ,1996,23.61,46.66,0,72.93,0,15337908.3,,1.10614030775282,34.4113533525298,2,210310
BLZ,1997,24.3723076923077,42.06,0,82.84,0,18013226.64,,4.23514538558784,37.3911724295855,2,217446
BLZ,1998,24.4946153846154,57.3,0,84.43,0,19011356.39,,3.89046974856558,37.201667563206,2,225173
BLZ,1999,23.2115384615385,63.14,0,67.75,0,15789747.25,,9.42481253648242,40.0210447388153,2,233059
BLZ,2000,23.2615384615385,83.63,0,68.4,0,16470651.6,,12.2404595814526,39.5136974273422,2,240799
BLZ,2001,23.5323076923077,53.8,0,71.92,0,17863417.68,,4.99396775490806,42.2864085948158,2,248379
BLZ,2002,23.9638461538462,60.56,0,77.53,0,19848377.77,,5.39712385528743,41.0156268830595,2,256009
BLZ,2003,23.9284615384615,56.6,0,77.07,0,20329524.6,,9.66665565429979,40.9253571701429,2,263780
BLZ,2004,23.7869230769231,52.78,0,75.23,0,20439088.24,,4.78084048802529,43.2686940072099,2,271688
BLZ,2005,24.1838461538462,63.3,0,80.39,0,22487575.09,,2.21953884192973,43.7962981795993,2,279731
BLZ,2006,23.3538461538462,76.09,0,69.6,0,20036308.8,,4.5114473758227,47.2864387185369,2,287878
BLZ,2007,24.14,50.77,0,79.82,0,23634702,,3.35324829108133,50.8493980581102,2,296100
BLZ,2008,23.7092307692308,61.4,0,74.22,0,22589673.42,,-1.68211644620352,56.5482442357237,2,304361
BLZ,2009,24.1023076923077,46.52,0,79.33,0,24799668.62,,-0.389321468298107,61.9831562203139,2,312614
BLZ,2010,23.6392307692308,58.72,0,73.31,0,23477160.95,,1.11403578740261,59.8836156682133,2,320245
BLZ,2011,23.9376923076923,61.53,0,77.19,0,25264132.62,,-0.244543781225346,60.2388415492187,2,327298
BLZ,2012,23.6123076923077,60.94,0,72.96,0,24398845.44,1.30058074547862,3.73777578617181,63.9864242657379,2,334414
BLZ,2013,24.0530769230769,79.34,0,78.69,0,26882628.63,0.509747768983173,4.45432600686063,60.9168160218915,2,341627
BLZ,2014,23.5069230769231,81.23,0,71.59,0,24979397.57,1.20139964481059,4.03084557750317,62.4823309269262,2,348923
BLZ,2015,23.8338461538462,86.78,0,75.84,0,27024294.72,-0.86158400942767,2.87618379515959,65.5275642119423,2,356333
BLZ,2016,23.9584615384615,76.92,0,77.46,0,28250049.3,0.663427167917562,0.0545516535970023,65.8477322823855,2,364705
BLZ,2017,23.9030769230769,66.15,0,76.74,0,28639521.48,1.14765339305811,-1.81285354051658,64.8495463625733,2,373202
BLZ,2018,23.7546153846154,67,0,74.81,0,28444707.06,0.269982622646363,1.11057125008675,65.7869732024419,2,380226
BLZ,2019,24.8461538461539,43.55,0,89,0,34338781,0.187069385181459,4.26763689618086,66.1006030431688,2,385829
BLZ,2020,24.4861538461539,93.19,0,84.32,0,32953267.84,0.121434644614868,-13.9029100645218,86.4919590483883,2,390812
BLZ,2021,23.9723076923077,71.91,0,77.64,0,30694663.44,3.23563659237068,17.7461701205679,82.0411247513995,2,395346
BLZ,2022,23.7215384615385,116.64,0,74.38,0,29955280.54,6.27689319447547,9.65297772389758,72.1879449188534,2,402733
BLZ,2023,24.8946153846154,77.26,0,89.63,0,36847430.78,4.38984017487678,1.14901682065862,72.5102002262908,2,411106
BOL,1990,25.2884615384615,50.9,0,94.75,0,675580954.5,,4.63578742813276,24.4743037788536,3.17265,7130142
BOL,1991,25.5630769230769,51.76,0,98.32,0,715798014.48,,5.26652666784713,29.7776593940152,3.58060833333333,7280289
BOL,1992,23.6969230769231,76.27,0.0500000000000007,74.11,371516.800000005,550662200.96,,1.64649818317069,34.8010262193987,3.90051666666667,7430336
BOL,1993,25.1438461538462,49.08,0,92.87,0,703879839.65,,4.26929611661502,41.8787066387135,4.26508333333333,7579195
BOL,1994,26.2261538461539,49.37,0,106.94,0,826359814.68,,4.66726510266786,46.0375691038907,4.62051666666667,7727322
BOL,1995,25.6938461538462,48.39,0,100.02,0,787625093.52,,4.67827659709971,42.4922259133467,4.80034166666667,7874676
BOL,1996,24.8884615384615,55.21,0,89.55,0,718346458.8,,4.36134195244576,51.0278982209993,5.0746125,8021736
BOL,1997,26.35,44.8,0,108.55,0,886625545,,4.95420874299721,54.7179177861923,5.25425833333333,8167900
BOL,1998,26.5138461538462,51.19,0,110.68,0,920126447.92,,5.02935475543072,55.1987792417582,5.51013333333333,8313394
BOL,1999,25.9038461538462,42.72,0,102.75,0,869245066.5,,0.426885422588825,55.4037082624968,5.81240833333333,8459806
BOL,2000,26.4976923076923,36.61,0,110.47,0,950740833.22,,2.50781080899483,52.1769138021437,6.18354166666667,8606326
BOL,2001,26.6615384615385,42.13,0,112.6,0,985558073.6,,1.68379912721825,63.478429025317,6.60691666666667,8752736
BOL,2002,26.6353846153846,45.82,0,112.26,0,999153852.3,,2.48556573783829,56.7448767192623,7.17,8900355
BOL,2003,25.56,54.22,0,98.28,0,889502796,,2.71133983700673,59.3469065277089,7.65916666666667,9050700
BOL,2004,26.0923076923077,43.36,0,105.2,0,968290992.4,,4.17329558916248,50.0696742124679,7.93626666666666,9204287
BOL,2005,25.6461538461538,46.49,0,99.4,0,930458947.6,,4.42143312687979,51.5273082664293,8.0660625,9360754
BOL,2006,25.9346153846154,42.12,0,103.15,0,982162220.35,4.28239604802562,4.79700882356067,53.36272918429,8.01161666666667,9521689
BOL,2007,25.5669230769231,47.1,0,98.37,0,952807885.2,8.70560923578868,4.56438426887887,60.333265491656,7.85124516125,9685960
BOL,2008,25.3261538461539,48.1,0,95.24,0,938195715.92,14.006810770252,6.14849787462164,64.207384597071,7.23832069891666,9850858
BOL,2009,25.8884615384615,46.4,0,102.55,0,1027169001.25,3.34645420142013,3.35699957430565,70.1103985691524,7.02,10016275
BOL,2010,26.33,35.42,0,108.29,0,1102646140.05,2.50327605844241,4.1267225910567,69.7187384776906,7.01666666666667,10182345
BOL,2011,26.6230769230769,34.27,0,112.1,0,1160114940.9,9.88446419823886,5.204092443086,71.1065192908019,6.9369625,10348929
BOL,2012,26.0361538461539,44.38,0,104.47,0,1098586357.29,4.51560291399369,5.12227558091757,75.3900148041806,6.91,10515807
BOL,2013,25.3015384615385,43.69,0,94.92,0,1013993151.36,5.73640023719612,6.79601142810841,78.6599622330564,6.91,10682608
BOL,2014,25.2884615384615,52.44,0,94.75,0,1027932138,5.76660074579141,5.46056950635136,84.5230679036935,6.91,10848888
BOL,2015,26.5530769230769,39.39,0,111.19,0,1224725048.95,4.05961041135646,4.85718717971413,95.6178161105184,6.91,11014705
BOL,2016,27.0223076923077,29.61,0,117.29,0,1311304545.8,3.62321431764138,4.26392086382113,92.9693808824292,6.91,11180020
BOL,2017,25.6092307692308,52.72,0,98.92,0,1122206546.04,2.8227580554717,4.19520633360395,92.5313009360763,6.91,11344587
BOL,2018,25.3130769230769,41.96,0,95.07,0,1094100545.76,2.27205987230154,4.22362365271844,89.7069553265835,6.91,11508368
BOL,2019,25.9307692307692,43.15,0,103.1,0,1203319896.6,1.83954504969027,2.21670563961031,86.9940314874398,6.91,11671386
BOL,2020,25.8815384615385,51.85,0,102.46,0,1210697995.54,0.940742153381827,-8.7378843576993,106.136811230536,6.91,11816299
BOL,2021,26.0461538461539,45.73,0,104.6,0,1248647856,0.737383721452307,6.11137269714146,102.335242558585,6.91,11937360
BOL,2022,25.5853846153846,38.45,0,98.61,0,1190928155.94,1.74632872945968,3.60568042633635,,6.91,12077154
BOL,2023,26.8661538461539,47.41,0,115.26,0,1411261766.34,2.57688800489189,3.08196521047731,,6.91,12244159
BRA,1990,26.6684615384615,58.97,0,112.69,0,16806949799.87,2947.73277248299,-4.35000000000022,30.3945142169109,0.0000295572678942699,149143223
BRA,1991,26.4876923076923,68.84,0,110.34,0,16741254407.04,432.786661926461,1.03218958549303,35.0296013245953,0.000175961443086024,151724256
BRA,1992,26.1753846153846,64.1,0,106.28,0,16396355396.12,951.962053052818,-0.54407204977727,60.9324088168595,0.00195302352248811,154275079
BRA,1993,27.1953846153846,51.25,0,119.54,0,18743223734.58,1927.38079016026,4.9246900037071,93.658846471248,0.038276610926673,156794577
BRA,1994,26.9830769230769,57.58,0,116.78,0,18598967400.68,2075.88839757325,5.85287036219013,45.4613037988532,0.664683514070577,159265006
BRA,1995,26.6776923076923,58.26,0,112.81,0,18245333585.13,66.0070335542481,4.22379363350413,32.4485468783574,0.917666666666667,161735073
BRA,1996,26.9961538461539,47.68,0,116.95,0,19203488105.55,15.7576656002606,2.20886405039022,35.1184815615403,1.0051,164202549
BRA,1997,26.5753846153846,64.48,0,111.48,0,18579441745.32,6.92671251629155,3.39484598630671,36.9651290490051,1.07799166666667,166661659
BRA,1998,28.1292307692308,46.88,0,131.68,0,22274943370.4,3.1950762928005,0.338097901207306,39.3317317435018,1.16051666666667,169159655
BRA,1999,27.4030769230769,51.1,0,122.24,0,20981462216.32,4.85844749902667,0.467937566477133,42.8110542091901,1.81393284657213,171641543
BRA,2000,26.6430769230769,62.04,0,112.36,0,19552694165.52,7.04414105947266,4.38794944745618,46.4865878084167,1.82942312207561,174018282
BRA,2001,27.1130769230769,57.36,0,118.47,0,20886403519.41,6.84035902487524,1.38989640095637,58.6361717179962,2.34963170932244,176301203
BRA,2002,27.7392307692308,44.75,0,126.61,0,22600326109.24,8.45016437708332,3.05346185909312,55.0049821710286,2.92036301775519,178503484
BRA,2003,26.8623076923077,55.25,0,115.21,0,20809539884.48,14.7149197228147,1.14082899824888,56.5263637987962,3.07747511847802,180622688
BRA,2004,26.6215384615385,62.2,0,112.08,0,20474230027.44,6.59718509985963,5.75996463670954,56.3320651081006,2.92511944951586,182675143
BRA,2005,27.5984615384615,47.69,0,124.78,0,23045381242.78,6.86953720898965,3.20213206130431,60.1330444575852,2.43439003623188,184688101
BRA,2006,26.5761538461539,55.74,0,111.49,0,20809954787.94,4.18356812896909,3.96198871122617,63.249779480805,2.17532666666667,186653106
BRA,2007,27.7307692307692,40.29,0,126.5,0,23851868480,3.64127299102653,6.06987060678338,68.3591986263751,1.94705833333333,188552320
BRA,2008,26.6846153846154,54.44,0,112.9,0,21492468395.8,5.67859390284167,5.09419544658736,70.4894529717055,1.83376666666667,190367302
BRA,2009,26.2153846153846,64.63,0,106.8,0,20514138766.8,4.88803479876799,-0.125812002161169,76.0904194419747,1.99942817314426,192079951
BRA,2010,27.2053846153846,49.94,0,119.67,0,23180309843.43,5.03872690108075,7.52822581815364,74.2193801456555,1.75922671058718,193701929
BRA,2011,26.4376923076923,59.16,0,109.69,0,21420782472.46,6.63644962213086,3.97442307944702,76.8252751388075,1.67282875525659,195284734
BRA,2012,27.0630769230769,50.42,0,117.82,0,23195943398.02,5.40349914037005,1.92117598576537,79.0528620285005,1.95306861112487,196876111
BRA,2013,26.6461538461538,68.26,0,112.4,0,22308960807.6,6.20431066640096,3.00482266944432,78.6265278077097,2.15608915126311,198478299
BRA,2014,27.2623076923077,44.33,0,120.41,0,24092250142.07,6.32904015516141,0.503955740242247,81.9065640141112,2.35295196276669,200085127
BRA,2015,27.5507692307692,42.52,0,124.16,0,25040034053.12,9.02990102416137,-3.54576339269425,88.0696276488211,3.32690438276879,201675532
BRA,2016,28.0307692307692,45.79,0,130.4,0,26499642065.6,8.73914352329392,-3.27591690782192,93.8211379334009,3.49131342157271,203218114
BRA,2017,27.8861538461539,34.45,0,128.52,0,26308486751.4,3.44637335032668,1.32286905404399,93.05959919945,3.19138944630048,204703445
BRA,2018,27.3430769230769,45.35,0,121.46,0,25033787921.06,3.66485028376727,1.783666761634,93.7130340304617,3.65382536145755,206107261
BRA,2019,28.6761538461539,28.07,0,138.79,0,28792743154.61,3.73297621216898,1.22077782360842,96.0578504265864,3.9444710972507,207455459
BRA,2020,28.0684615384615,32.71,0,130.89,0,27311617609.38,3.21176803803373,-3.2767587964736,109.154217103393,5.15517878751281,208660842
BRA,2021,27.8176923076923,44.14,0,127.63,0,26744904023.22,8.30165975585677,4.76260437908608,103.465634483918,5.39440078962503,209550294
BRA,2022,27.3007692307692,43.69,0,120.91,0,25428148637.65,9.28010608956872,3.01669435393015,104.302214318332,5.16397029102111,210306415
BRA,2023,28.7507692307692,37.35,0,139.76,0,29509028285.04,4.59356282283203,3.24165532906981,110.184539262781,4.99437976287199,211140729
BRB,1990,26.82,23.54,0,114.66,0,29649012.12,,-3.30759330759331,50.9612058314801,2,258582
BRB,1991,26.6146153846154,25.36,0,111.99,0,29047182.27,,-3.8999069126239,50.3754921259843,2,259373
BRB,1992,26.6307692307692,24.22,0,112.2,0,29201957.4,,-5.69252096794207,55.0927439959121,2,260267
BRB,1993,26.7561538461538,20.69,0,113.83,0,29712703.41,,0.793068252238612,53.8219277108434,2,261027
BRB,1994,26.5976923076923,18.94,0,111.77,0,29241267.4,,2.01078255047598,55.5199907557199,2,261620
BRB,1995,27.0615384615385,23.61,0,117.8,0,30868194.2,,2.01399817082066,56.4382148463781,2,262039
BRB,1996,26.9107692307692,24.3,0,115.84,0,30382978.56,,3.97647637887964,62.4354228018511,2,262284
BRB,1997,27.0330769230769,22.65,0,117.43,0,30812692.56,,4.74010332766066,62.6995024875622,2,262392
BRB,1998,27.5053846153846,33.11,0,123.57,0,32429216.52,,3.72846430604498,60.0195905400635,2,262436
BRB,1999,27.0361538461539,29.17,0,117.47,0,30837871.99,,0.334656057330989,61.3653360282971,2,262517
BRB,2000,26.8307692307692,30.43,0,114.8,0,30084832.4,,4.44718962836241,65.2549436182383,2,262063
BRB,2001,26.9892307692308,23.29,0,116.86,0,30666985.5,,-2.36546466744477,87.7336388934359,2,262425
BRB,2002,27.1030769230769,23.46,0,118.34,0,31259274.32,,0.787402032458374,99.5281345565749,2,264148
BRB,2003,27.3069230769231,22.98,0,120.99,0,32156238.24,,2.17548079415901,100.781570338059,2,265776
BRB,2004,27.3776923076923,35.46,0,121.91,0,32586299.18,,1.41159830663693,104.920162578023,2,267298
BRB,2005,27.8030769230769,40.5,0,127.44,0,34243892.64,,3.95545720757613,110.596216782301,2,268706
BRB,2006,27.5461538461539,26.3,0,124.1,0,33507248.2,,6.0705462167352,105.517530431624,2,270002
BRB,2007,27.4361538461539,27.94,0,122.67,0,33278898.96,,2.07918386258879,115.074499601718,2,271288
BRB,2008,27.1761538461539,32,0,119.29,0,32532053.06,,0.633460590859315,113.616764035499,2,272714
BRB,2009,27.4030769230769,21.6,0,122.24,0,33508795.52,,-5.01727538250903,122.546014587235,2,274123
BRB,2010,27.9892307692308,39.8,0,129.86,0,35743055.98,,-2.21771085628227,,2,275243
BRB,2011,27.5892307692308,40.79,0,124.66,0,34423487.74,9.43220240177219,-0.731434558650108,,2,276139
BRB,2012,27.4176923076923,30.66,0,122.43,0,33905519.34,4.53334753888772,-0.313311151079603,89.7932502192282,2,276938
BRB,2013,27.4,26.8,0,122.2,0,33930663,1.81410436049102,-1.01038184618172,91.6059899525803,2,277665
BRB,2014,27.1007692307692,26.18,0,118.31,0,32931351.88,1.76950322089726,0.0824054778140209,94.4234177981,2,278348
BRB,2015,27.2546153846154,17.62,0,120.31,0,33565286.9,-1.11278992510965,-0.846098521356325,101.68017527005,2,278990
BRB,2016,27.6069230769231,28.43,0,124.89,0,34918994.22,1.28192813061895,1.79193033431267,105.054463554045,2,279598
BRB,2017,27.4730769230769,27.97,0,123.15,0,34503058.65,4.66018463955998,0.12844600157031,102.735157840729,2,280171
BRB,2018,27.1315384615385,19.44,0,118.71,0,33323202.81,3.67381410406796,-1.17406509373819,100.551321701142,2,280711
BRB,2019,27.4653846153846,16.94,0,123.05,0,34602521.35,4.10028964518462,0.652585417698418,100.698022020058,2,281207
BRB,2020,27.5992307692308,23.36,0,124.79,0,35153093.42,,-15.0543629495892,120.961863293096,2,281698
BRB,2021,27.5546153846154,16.94,0,124.21,0,35045478.87,,-0.254965880216531,125.586457079269,2,282147
BRB,2022,27.39,25.06,0,122.07,0,34462558.26,,17.8328630251327,111.535749648353,2,282318
BRB,2023,27.9430769230769,26.69,0,129.26,0,36494751.36,9.79207077126447,4.09382010970572,104.818599818291,2,282336
BTN,1990,7.22,34.82,140.14,0,82582680.18,0,,10.3831179126517,21.4179577380024,17.5035,589287
BTN,1991,6.84923076923077,30.93,144.96,0,86944688.64,0,,-0.407875722553669,25.5797171050538,22.7424333333333,599784
BTN,1992,6.50615384615385,30.57,149.42,0,86330991.08,0,,4.60089124887257,25.4882739003641,25.9180833333333,577774
BTN,1993,7.07846153846154,33.04,141.98,0,78752472.54,0,,1.98636656014881,28.1829876399169,30.4932916666667,554673
BTN,1994,7.07076923076923,27.5,142.08,0,78782933.76,0,,4.95150372472288,29.4828716861064,31.3737425,554497
BTN,1995,6.80076923076923,34,145.59,0,79781718.51,0,,7.07411745757784,34.4891519950029,32.4270766666667,547989
BTN,1996,7.09692307692308,27.84,141.74,0,77784644.16,0,,5.56517288179062,32.924305240047,35.4331733333333,548784
BTN,1997,6.24461538461539,33.39,152.82,0,85380075.54,0,,5.37383854585261,43.9846614800224,36.3132858333333,558697
BTN,1998,7.64384615384615,36.02,134.63,0,76663034.05,0,,5.91403093576604,42.7472225708323,41.259365,569435
BTN,1999,7.86,38.14,131.82,0,76795563.78,0,,7.98397179406629,49.2347989630324,43.0554283333334,582579
BTN,2000,7.01538461538462,39.91,142.8,0,85232036.4,0,,3.35506838174288,47.982963164868,44.941605,596863
BTN,2001,7.42,38.82,137.54,0,84008606.76,0,,7.32837435673082,45.7741036067833,47.1864141666667,610794
BTN,2002,7.20076923076923,37.31,140.39,0,87660779.51,0,,10.4437797168913,56.4021545693294,48.6103191666667,624409
BTN,2003,7.37076923076923,41.52,138.18,0,88112273.34,0,,7.78656040877364,53.0632167439965,46.5832841666667,637663
BTN,2004,7.28538461538462,39.45,139.29,0,90614273.76,0,,5.15725736177561,56.1803374038809,45.3164666666666,650544
BTN,2005,7.38384615384616,40.47,138.01,0,91343988.65,0,,6.93507146766659,55.7488991800477,44.099975,661865
BTN,2006,7.78692307692308,32.01,132.77,0,89061983.23,0,,5.6408051539139,58.7576532430025,45.3070083333333,670799
BTN,2007,7.63769230769231,39.01,134.71,0,91419729.11,0,,16.1047836542012,54.0336410211856,41.3485333333333,678641
BTN,2008,7.41692307692308,37.95,137.58,0,94428170.58,0,,4.52944877696235,61.7583180578183,43.5051833333333,686351
BTN,2009,7.74692307692308,38.65,133.29,0,92501660.52,0,,7.66749238553135,69.1265171494716,48.4052666666666,693988
BTN,2010,7.78615384615385,44.27,132.78,0,93162696.96,0,,11.9318738376229,66.4991290563516,45.7258121212121,701632
BTN,2011,7.24461538461539,37.17,139.82,0,99185092.14,0,,8.4892584842808,58.7670397074705,46.6704666666667,709377
BTN,2012,7.16,37.4,140.92,0,101078956.68,0,,5.16482012683895,54.4166415523476,53.4372333333333,717279
BTN,2013,7.61307692307692,39.35,135.03,0,97933613.19,0,,1.73634039505693,52.269871161227,58.5978454166667,725273
BTN,2014,7.79769230769231,35.21,132.63,0,97236225.57,0,8.27106093949328,5.88108550658288,58.7955047901205,61.0295144607843,733139
BTN,2015,8.07615384615385,36.8,129.01,0,95547128.18,0,4.54814395082206,6.66080128866197,55.4856673223175,64.1519444632786,740618
BTN,2016,8.35153846153846,43.7,125.43,0,93804832.38,0,3.21988689395717,8.47594339232963,60.7292405134645,67.1953128073894,747866
BTN,2017,8.15846153846154,44.82,127.94,0,96509619.9,0,4.95508366985128,2.08684522733067,66.8861845021585,65.1215686450659,754335
BTN,2018,7.75692307692308,42.91,133.16,0,101169508.44,0,2.72396386183714,3.50187185732737,68.0727888928965,68.3894670935422,759759
BTN,2019,7.66846153846154,48.14,134.31,0,102723511.44,0,2.72643037388829,5.75514851246506,70.1856322709485,70.4203405359551,764824
BTN,2020,7.57384615384615,60.5,135.54,0,104366613.24,0,5.62936522632511,-10.2183974208569,95.0386160900432,74.0995668836052,770006
BTN,2021,7.95461538461538,42.23,130.59,0,101264970.78,0,7.3468144053353,4.42136738945015,87.2733152826067,73.9180128154351,775442
BTN,2022,8.12846153846154,52.93,128.33,0,100214693.62,0,5.63916671396366,5.21386783786224,86.6684640262381,78.6044905829916,780914
BTN,2023,8.09538461538462,35.63,128.76,0,101254932.6,0,4.22934419929255,4.88259396253632,83.9188095843967,82.5992764460784,786385
BWA,1990,23.6846153846154,10.57,3.43,77.33,4478537.28,100969471.68,,6.77282195004784,21.9202109934986,1.86046583333333,1305696
BWA,1991,22.7876923076923,15.2,6.06,68.3,8131041.36,91641934.8,,7.45870921940397,27.4563874164915,2.02155666666667,1341756
BWA,1992,23.9576923076923,6.3,6.04,83.49,8335399.32,115218955.17,,2.91707018751026,28.3321711496473,2.109725,1380033
BWA,1993,23.4946153846154,11.13,4.54,75.97,6447322.1,107886136.55,,1.9161070518754,21.037855501396,2.423075,1420115
BWA,1994,22.8007692307692,9.08,9.37,71.78,13680415.51,104800450.94,,3.62791615172975,20.9218512234796,2.6846455,1460023
BWA,1995,23.5553846153846,13.43,4.81,77.03,7209401.16,115455337.08,,7.03041024834083,20.4782602064937,2.77220666666667,1498836
BWA,1996,22.3476923076923,17.59,7.64,64.16,11734382.96,98544242.24,,5.82980001379714,19.794537974173,3.32419666666667,1535914
BWA,1997,22.7092307692308,17.33,5.38,66.6,8455697.58,104674620.6,,8.32589088396591,22.3896812492498,3.65076333333333,1571691
BWA,1998,23.4607692307692,15.36,3.03,74.02,4868903.97,118942663.98,,0.443663586075374,28.2630557202134,4.22588,1606899
BWA,1999,23.1423076923077,10.45,3.31,70.16,5435010.07,115202509.52,,9.66724070276106,28.5009502629981,4.62439525,1641997
BWA,2000,21.8984615384615,20.99,6.98,57.66,11708126.36,96717846.12,,1.98769583378552,24.8162094619534,5.10224166666667,1677382
BWA,2001,22.9653846153846,17.08,5.71,70.26,9776970.34,120302966.04,,0.250573949689084,39.3992277756433,5.84141666666667,1712254
BWA,2002,23.3592307692308,10.92,6.13,75.8,10695397.19,132253035.4,,6.06953087648317,45.2485422384937,6.32779166666667,1744763
BWA,2003,23.6076923076923,10.4,6.05,78.95,10743202.8,140194357.2,,4.62589474959299,47.8783144545501,4.94966666666667,1775736
BWA,2004,22.6853846153846,18.41,6.81,67.72,12306664.26,122379927.12,,2.70582170611173,46.8841420622167,4.69383333333333,1807146
BWA,2005,24.1238461538462,12.79,1.74,81.35,3201385.98,149673993.95,,4.55664565323181,44.4258385493897,5.11675,1839877
BWA,2006,21.9669230769231,21.56,8.67,60.24,16252053.72,112920843.84,,8.36387109282306,42.4813576164307,5.8303,1874516
BWA,2007,23.0315384615385,17.14,6.18,71.59,11811222.18,136822879.59,,5.79255577727118,49.7863917216888,6.13940833333333,1911201
BWA,2008,23.0907692307692,12.7,3.6,69.78,7019892,136068906.6,,3.25207295796832,53.5475302533667,6.82685833333333,1949970
BWA,2009,22.5776923076923,20.35,6.99,66.5,13914804.27,132379754.5,,-14.1442346163423,53.4769363816476,7.15514166666667,1990673
BWA,2010,23.0053846153846,20.4,7.18,72.25,14597736.98,146892269.75,,10.1197233309093,49.9227194246318,6.793625,2033111
BWA,2011,22.3130769230769,16.24,9.62,65.69,19947406.7,136210514.15,8.45987233408586,6.83841050060252,43.3206056577116,6.83823333333333,2073535
BWA,2012,23.2430769230769,11.54,5.6,73.76,11808255.2,155531589.92,7.53690261091912,-0.170857116593709,46.3360841335406,7.640525,2108617
BWA,2013,23.22,12.28,3.31,71.17,7085657.42000001,152352337.94,5.88460707056817,11.1029068778778,44.5408963251605,8.39890833333333,2140682
BWA,2014,22.0246153846154,21.34,6.53,58.85,14183447.32,127824789.4,4.4022530924343,5.69714422027599,40.2145223107546,8.97608333333333,2172044
BWA,2015,24.0092307692308,10.97,4.81,82.93,10597743.13,182717429.89,3.06203169580557,-4.85132504617629,48.8432930350265,10.1289916666667,2203273
BWA,2016,24.0684615384615,11.53,4.73,83.62,10570490.48,186871969.12,2.81495791361944,7.20442475914267,42.9088545386839,10.9011583333333,2234776
BWA,2017,22.8253846153846,17.66,1.88,64.61,4261484.36000001,146454523.67,3.3082807676822,4.11437856026637,43.4852588305467,10.3474166666667,2266747
BWA,2018,23.6746153846154,10.42,4.02,77.79,9242546.82,178850178.39,3.23801558947711,4.1886923900019,45.1835202596699,10.199975,2299141
BWA,2019,24.3938461538462,10.88,3.15,86.27,7346061.45,201188800.41,2.77286442863323,3.03177337082403,47.1185707035898,10.7558666666667,2332083
BWA,2020,23.0523076923077,15.92,7.04,72.72,16655893.76,172047811.68,1.8903591682421,-8.72888241149465,52.3734519477494,11.4562416666667,2365894
BWA,2021,22.1530769230769,25.77,6.55,60.54,15729438.55,145383238.14,7.24097765588445,11.916272413183,45.3457137126125,11.0872583333333,2401441
BWA,2022,23.1130769230769,16.14,4.14,70.61,10101152.88,172280774.12,11.665567478802,5.48601706446772,40.0500790434721,12.3688083333333,2439892
BWA,2023,24.03,19.41,3.15,81.54,7812768.6,202239095.76,5.06761549343829,3.20806812224438,41.7075017067109,13.5963833333333,2480244
CAN,1990,-2.16153846153846,17.84,262.1,0,7257847269.8,0,4.78047693336305,0.202947874139198,73.2579823752949,1.16677362666667,27691138
CAN,1991,-0.846153846153847,18.32,245.61,0.609999999999999,6886270726.2,17102826.2,5.62586408593006,-2.0910550979319,75.422394420988,1.14572584416667,28037420
CAN,1992,-0.983846153846154,16.96,246.79,0,7001744242.56,0,1.49013290374545,0.890466180427183,78.3888891982028,1.20872292,28371264
CAN,1993,-0.795384615384615,16.43,244.34,0,7008835235.76,0,1.86507936507938,2.65770691557481,76.8239056432278,1.29008788166667,28684764
CAN,1994,-1.48307692307692,20.95,253.28,0,7345287924.64,0,0.165562913907289,4.49404929532982,75.8206098195391,1.3656734475,29000663
CAN,1995,-1.86846153846154,18.44,258.29,0,7568493908.19,0,2.14876033057849,2.68232822733793,75.6932544993453,1.37244541833333,29302311
CAN,1996,-3.54076923076923,19.97,280.03,0,8291749346.54,0,1.57053112507139,1.68896122499937,76.1710981421995,1.36352163583333,29610218
CAN,1997,-1.16230769230769,25.04,249.11,0,7449870706.28,0,1.6212163808453,4.28016683621337,75.3758704149874,1.38459802833333,29905948
CAN,1998,0.272307692307693,12.05,230.72,0.260000000000002,6957401514.56,7840344.98000005,0.995942456658026,3.89288654344983,74.4388412743473,1.48350530166667,30155173
CAN,1999,-0.0176923076923078,17.33,234.23,0,7120893219.78,0,1.73484295105919,5.14100353715349,73.1874747623068,1.48570481916667,30401286
CAN,2000,-1.70307692307692,21.7,256.14,0,7859842882.2,0,2.71943995691976,5.1385391803606,71.1105063635616,1.485394095,30685730
CAN,2001,0.138461538461539,19.02,232.2,0,7203042531,0,2.52512013979906,1.87509810696022,154.641806759951,1.548839955,31020855
CAN,2002,-1.91846153846154,19.55,258.94,0,8120150989.06,0,2.25839440940855,2.99925535017809,152.211638142997,1.57034283416667,31359199
CAN,2003,-1.21769230769231,19.92,249.83,0,7905236031.63,0,2.75856321360112,1.80638512302554,145.544582392237,1.4010145475,31642461
CAN,2004,-2.67615384615385,22.24,268.79,0,8584831933.53,0,1.85725871857256,3.09236384292251,144.189725721781,1.301281595,31938807
CAN,2005,-0.500769230769231,24.39,240.51,0,7754699473.32,0,2.21355203439768,3.21045439063563,148.549593513664,1.21140513416667,32242732
CAN,2006,-0.304615384615385,26.57,237.96,0,7750641086.28,0,2.00202539534162,2.63794375007348,158.714200099694,1.13434472583333,32571193
CAN,2007,-2.03307692307692,23.87,261.13,0.699999999999999,8588274801.18,23022220.2,2.13838399266837,2.04990463726786,112.088553744153,1.07404562166667,32888886
CAN,2008,-2.92846153846154,19.17,272.07,0,9045592366.86,0,2.37027067444298,0.995406301140747,122.64334518177,1.06708691833333,33247298
CAN,2009,-2.32,22.9,264.16,0,8883719027.04,0,0.299466803009305,-2.91508621550267,,1.1415354059127,33630069
CAN,2010,-0.26,20.77,237.38,0,8072321016.76,0,1.77687154092627,3.09080634469335,,1.03011273517598,34005902
CAN,2011,-0.803076923076923,23.99,244.44,0,8393879181.24,0,2.91213508872347,3.13719442170364,,0.989258158636364,34339221
CAN,2012,-1.51153846153846,26.24,254.81,1.16,8845320179.95,40267538.2,1.51567823124525,1.75566129145483,,0.999364743593074,34713395
CAN,2013,-2.39538461538462,20.46,265.14,0,9301374218.88,0,0.938291897815245,2.32581354806429,,1.03013736373016,35080992
CAN,2014,-3.33923076923077,20.61,277.41,0,9829764249.06,0,1.90663590717867,2.87346677785811,,1.10474713237886,35434066
CAN,2015,-0.946923076923077,16.11,246.31,0,8794374902.38,0,1.12524136094278,0.649971001734855,,1.27878620362554,35704498
CAN,2016,-0.442307692307692,25.23,239.75,0,8657565019.25,0,1.42875954701085,1.03855092490855,,1.3256151637482,36110803
CAN,2017,-1.41076923076923,29.42,252.34,0,9221784225.5,0,1.5968841285297,3.03383491200222,,1.29793584646039,36545075
CAN,2018,-3.32461538461539,25.3,277.22,0,10277271716.4,0,2.26822567248104,2.74296344906655,,1.29581792813534,37072620
CAN,2019,-2.95461538461538,23.91,272.41,0,10247654222.95,0,1.94926902411596,1.90843194590616,,1.32679336266012,37618495
CAN,2020,-2.52846153846154,28.64,266.87,0,10148702623.06,0,0.716999632307807,-5.03823343468899,,1.34115267222386,38028638
CAN,2021,-1.85769230769231,24.34,258.15,0,9871620891.6,0,3.39519318527533,5.95052802804381,,1.2538769021268,38239864
CAN,2022,-2.79846153846154,19.9,270.38,0,10527497834.92,0,6.80280115341609,4.18903628100851,,1.30155477474355,38935934
CAN,2023,-0.14,19.63,235.82,0,9452487196.88,0,3.87900159788427,1.52874550838358,,1.3499086407939,40083484
CHE,1990,7.37076923076923,44.69,138.18,0,927950415.42,0,5.4039590921894,3.67462550079662,99.7302924289098,1.38915833333333,6715519
CHE,1991,6.65923076923077,37.91,147.43,0,1002520756.54,0,5.85959663468669,-0.915816616547943,97.7129372449134,1.43399166666667,6799978
CHE,1992,7.03076923076923,44.58,142.85,0.25,982145747.4,1718841,4.03703020778739,-0.0437330086271288,98.2078120348648,1.40621833333333,6875364
CHE,1993,6.80153846153846,43.21,145.58,0,1010072618.7,0,3.29262180313611,-0.125983460416222,104.651199502051,1.47761666666667,6938265
CHE,1994,7.98307692307692,46.81,131.31,1.09,918355221.45,7623236.55,0.852116995120703,1.26975779924055,106.374073786334,1.3676925,6993795
CHE,1995,6.44923076923077,54.2,150.45,0.289999999999999,1059271359.15,2041799.22999999,1.79982776867144,0.480866374676907,109.930212051439,1.18246916666667,7040687
CHE,1996,5.85846153846154,41.76,157.84,0,1116220804,0,0.811634064628204,0.471280025458157,119.54718471361,1.23601,7071850
CHE,1997,7.41923076923077,39.07,137.55,0,975079020.3,0,0.520225422736652,2.26132529914345,125.244318595392,1.4513125,7088906
CHE,1998,6.82307692307692,41.77,145.3,0,1033083145.3,0,0.0179384378439169,3.02996930632413,128.000779575473,1.44981330833333,7110001
CHE,1999,6.72538461538461,60.92,146.57,0,1047094760.87,0,0.80644438095945,1.66270104939127,142.565306619563,1.502155,7143991
CHE,2000,7.52153846153846,43.95,136.22,0,978638535,0,1.5585291967901,3.95871990780931,112.38195157871,1.6888425,7184250
CHE,2001,6.89692307692308,56.43,144.34,0,1043557126.36,0,0.989020329832542,1.57566198688916,113.858816294084,1.687615,7229854
CHE,2002,7.58307692307692,58.23,135.42,0,986501251.26,0,0.642711506543279,-0.0732172569941127,120.77483105616,1.5586075,7284753
CHE,2003,7.7,37.09,138.13,4.23,1013736208.13,31043974.23,0.638272930887198,-0.0323984255438887,129.386520767428,1.34665083333333,7339001
CHE,2004,6.85307692307692,46.02,144.91,0,1070830558.75,0,0.802908730955232,2.70170912949028,129.190421438144,1.24349583333333,7389625
CHE,2005,6.52230769230769,44.05,149.21,0,1109691929.15,0,1.17195420333702,2.74969910618739,133.161990777922,1.24517666666667,7437115
CHE,2006,7.49923076923077,48.34,138.63,2.12,1037497770.42,15865940.08,1.05950928324802,4.0736284178369,131.025851748756,1.25384333333333,7483934
CHE,2007,7.57384615384615,54.93,135.54,0,1023478398.18,0,0.73235060312225,3.91637577227581,127.260210891634,1.20036583333333,7551117
CHE,2008,7.09692307692308,49,141.74,0,1083981454.5,0,2.42604117060157,2.8079835919566,126.918989014741,1.08309,7647675
CHE,2009,7.22153846153846,43.79,140.12,0,1085065599.72,0,-0.480481936423277,-2.29737452570922,139.146831456938,1.08814169630268,7743831
CHE,2010,6.02846153846154,46.29,155.76,0.129999999999999,1218807825.84,1017238.16999999,0.688238707220029,3.24339715656356,141.746483765471,1.04290564573352,7824909
CHE,2011,8.41,40.39,124.67,0,986438658.66,0,0.231349207650933,1.81310830459596,154.887012330123,0.888042028223281,7912398
CHE,2012,7.19153846153846,53.06,140.51,0,1123638939.11,0,-0.692552018105286,1.17925385250513,172.879887822137,0.937684480709349,7996861
CHE,2013,6.64384615384615,45.21,147.81,0.18,1195686232.26,1456082.28,-0.217323155115691,1.79214400716117,176.911805521356,0.926903547758285,8089346
CHE,2014,8.15076923076923,49.26,128.04,0,1048474617.96,0,-0.0132025387514989,2.34988141500179,181.93748009791,0.916151047283613,8188649
CHE,2015,8.22538461538462,44.26,128.81,1.74,1066855428.76,14411369.04,-1.14390867228183,1.64462750849488,181.43105340969,0.962381328004354,8282396
CHE,2016,7.82615384615385,53.39,132.26,0,1107457683.88,0,-0.434618664285838,2.06868969039562,184.710285466754,0.985394394244835,8373338
CHE,2017,7.82153846153846,53.98,132.32,0,1118347468.8,0,0.533787839825897,1.36279965488859,,0.984691666666667,8451840
CHE,2018,8.70384615384615,45.21,121.99,1.14,1038662994.71,9706335.06,0.936335464113563,2.86044579439036,,0.977891666666667,8514329
CHE,2019,8.17076923076923,51.48,128.22,0.440000000000001,1099522401.6,3773123.20000001,0.362886179940615,1.14198218965691,,0.993709166666667,8575280
CHE,2020,8.59076923076923,47.06,122.32,0,1056620587.44,0,-0.725874933313387,-2.14173712008038,,0.938965,8638167
CHE,2021,7.24461538461539,50.82,139.82,0,1217069621.72,0,0.581814168489858,5.55962020605844,,0.913845833333333,8704546
CHE,2022,9.22,41.62,115.59,1.45,1014543601.92,12726777.6,2.8350279864446,3.04406102969423,,0.9548325,8777088
CHE,2023,9.18384615384615,53.05,115.46,0.849999999999998,1026219217.78,7554879.04999998,2.13540088016377,0.683328174376044,,0.89849,8888093
CHN,1990,7.18076923076923,12.76,143.06,2.41,162399566100,2735795850,,3.9416305983694,77.6425730845708,4.78320833333333,1135185000
CHN,1991,7.19615384615385,9.85,144.94,4.49,166794053200,5167002200,,9.36170212784847,84.2688789310812,5.32339166666667,1150780000
CHN,1992,7.08615384615385,11.81,143.83,1.95,167557635100,2271691500,,14.2996108947926,89.1253535368338,5.51459166666667,1164970000
CHN,1993,7.24846153846154,10.87,141.42,1.65,166654984800,1944426000,,13.9290780143689,99.6122245579946,5.76195833333334,1178440000
CHN,1994,8.13,10.54,134.07,5.76,159789318450,6864969600,24.2569897243361,13.0727091631599,96.0257622456623,8.61874266666666,1191835000
CHN,1995,7.59,10.61,140.31,4.98,169053205050,6000177900,16.7912251650916,11.0328121562746,98.5305615302014,8.35141666666667,1204855000
CHN,1996,7.22230769230769,9.38,144.59,4.48,176045554500,5454624000,8.31316028893908,9.97619992053447,105.379681099451,8.314175,1217550000
CHN,1997,7.62230769230769,10.24,138.19,3.28,169984064250,4034646000,2.78646505531882,9.2876465280865,114.512695543783,8.28981666666667,1230075000
CHN,1998,7.99923076923077,12.99,133.3,3.29,165549935500,4085966150,-0.773186011549315,7.92079207933551,122.938871865825,8.27895833333333,1241935000
CHN,1999,7.49846153846154,13.89,139.38,2.86,174606204300,3582822100,-1.40147268276465,7.7370030581299,132.461717092239,8.27825,1252735000
CHN,2000,7.10230769230769,13.47,145.64,3.97,183891617800,5012700650,0.347811226864583,8.58643201808462,134.204035985099,8.27850416666666,1262645000
CHN,2001,7.31153846153846,12.18,142.78,3.83,181594743000,4871185500,0.719125609120118,8.31263887091522,139.457645645892,8.27706833333333,1271850000
CHN,2002,7.55846153846154,11.24,140.54,4.8,179947416000,6145920000,-0.731970902350249,9.24339326638321,143.510188392199,8.2769575,1280400000
CHN,2003,7.22076923076923,15.7,142.11,1.98,183094524000,2551032000,1.12760348729637,10.1181928640117,151.396834348204,8.27703666666667,1288400000
CHN,2004,7.12153846153846,12.29,143.43,2.01,185896037250,2605110750,3.8246374310816,10.1314073631003,147.615589302677,8.27680083333333,1296075000
CHN,2005,7.07769230769231,14.63,144.83,2.84,188817767600,3702564800,1.7764140766757,11.458238455067,149.026378631702,8.19431666666667,1303720000
CHN,2006,7.85,12.97,138.22,6.27,181209184400,8220095400.00001,1.6494309945586,12.6746751655235,155.272748838162,7.97343833333333,1311020000
CHN,2007,7.55384615384615,14.75,138.54,2.74,182579787900,3611004900,4.81676767378834,14.1499854947127,147.145178873564,7.6075325,1317885000
CHN,2008,6.77076923076923,13.64,147.67,1.69,195611803850,2238666950,5.92525137041092,9.67024588602851,146.512649012789,6.948655,1324655000
CHN,2009,7.46846153846154,11.25,139.44,2.53,185630894400,3368087800,-0.728165250932903,9.40269972778044,172.126190075826,6.83141605176666,1331260000
CHN,2010,7.14846153846154,12.66,144.89,3.82,193820077450,5110033100,3.17532475269199,10.5962719761682,173.1296534949,6.77026902870939,1337705000
CHN,2011,6.75615384615385,14.66,150.19,4.02,202010806650,5407040700,5.55389892257491,9.4613358870736,171.792982609304,6.46146132655007,1345035000
CHN,2012,6.53538461538462,15.47,152.8,3.76,206920232000,5091754400,2.61952432645539,7.85617427055587,177.923288760071,6.31233282683186,1354190000
CHN,2013,7.74307692307692,15.81,137.37,4.03,187268278800,5493857200,2.62105001748119,7.77872409446717,183.302565918285,6.19575834608231,1363240000
CHN,2014,7.18076923076923,15.66,142.7,2.05,195764422000,2812313000,1.92164162788522,7.46190028229434,187.314251294572,6.14343409448867,1371860000
CHN,2015,7.66,13.58,136.73,2.31,188668257800,3187476600,1.43702380935656,6.97878002657477,198.185813599802,6.22748867298455,1379860000
CHN,2016,7.84923076923077,13.66,138.44,6.48,192125647600,8992879200,2.00000182191942,6.77555562837017,203.636484929709,6.6444778294468,1387790000
CHN,2017,7.66846153846154,17.08,138.59,4.28,193501436850,5975800200,1.59313600071433,6.8912663621211,197.758726760426,6.75875508633597,1396215000
CHN,2018,7.26461538461538,19.12,144.17,4.61,202235909200,6466723600,2.07479039965575,6.75671800166833,191.550070069751,6.61595717735439,1402760000
CHN,2019,7.35769230769231,18.79,140.46,2.11,197731862700,2970341950,2.89923416358229,6.06850235053705,194.078381206535,6.90838500992901,1407745000
CHN,2020,7.11230769230769,22.23,143.03,1.49,201829633000,2102539000,2.41942189457778,2.34018843078414,207.530288794204,6.90076726944925,1411100000
CHN,2021,7.47307692307692,16.59,140.62,3.77,198606063200,5324597200,0.981015135544894,8.57008513166322,199.568437256614,6.44897518024316,1412360000
CHN,2022,7.76923076923077,13.29,139.12,6.12,196461786000,8642511000,1.97357555739052,3.1341888719577,211.972452276011,6.73715811237119,1412175000
CHN,2023,7.95307692307692,16.66,135.33,4.72,190911384300,6658551200,0.23483682889306,5.41484330099675,222.011222933801,7.08399842343631,1410710000
CIV,1990,26.3807692307692,46.86,0,108.95,0,1328076313.1,,-1.09590841238308,28.7619528454125,272.264787954393,12189778
CIV,1991,25.8215384615385,53.27,0,101.68,0,1289695901.6,,0.0409251717252914,28.593682435283,282.10690880882,12683870
CIV,1992,25.9984615384615,40.48,0,103.98,0,1372568233.8,,-0.244560610691636,28.3307369325128,264.691800750579,13200310
CIV,1993,26.2884615384615,44.77,0,107.75,0,1480048720.25,,-0.192485098607804,26.3754859844724,283.162579500018,13735951
CIV,1994,26.6230769230769,39.13,0,112.1,0,1601595232.1,,0.811206679935481,26.2343249009021,555.204695655697,14287201
CIV,1995,26.4061538461539,49.69,0,109.28,0,1623416143.2,,7.12574472834217,26.041415794334,499.14842590131,14855565
CIV,1996,26.6430769230769,43.19,0,112.36,0,1735098176.32,,7.72932741916973,16.0747241604524,511.552430272516,15442312
CIV,1997,26.1692307692308,52.13,0,106.2,0,1704209454,,9.6488400474633,15.2620493279509,583.669372353396,16047170
CIV,1998,26.4553846153846,54.9,0,109.92,0,1831701164.16,4.61144759515383,4.26390594437231,14.7253686133616,589.951774567332,16663948
CIV,1999,25.2923076923077,58.02,0,94.8,0,1632070638,0.702375805955953,1.16685998202273,14.4225121856694,615.473349319164,17215935
CIV,2000,25.5446153846154,46.78,0,98.08,0,1735918312.32,2.53077516737988,-0.265789462275947,13.9827905566811,710.207977031367,17699004
CIV,2001,26.0369230769231,40.44,0,104.48,0,1899332830.24,4.36152914007261,-2.15401249077306,13.9805685742207,732.397693260228,18178913
CIV,2002,27.2438461538462,35.48,0,120.17,0,2241743831.07,3.0772648515743,-2.73052647441901,17.8358800206156,693.713226496374,18654771
CIV,2003,26.8676923076923,43.76,0,115.28,0,2204792481.76,3.29680746974212,-4.72586658630681,13.1091219082305,579.897426172466,19125542
CIV,2004,26.7469230769231,41.82,0,113.71,0,2228147450,1.45798835600739,3.18503822575397,14.0168363578859,527.338032291576,19595000
CIV,2005,26.7384615384615,41.86,0,113.6,0,2279776828.8,3.88583039886477,0.996065564854788,13.6877356540705,527.258362649626,20068458
CIV,2006,26.6569230769231,41.31,0,112.54,0,2312337097.08,2.46719148596918,2.81557859252327,14.8635624822961,522.425624895176,20546802
CIV,2007,26.6461538461538,38.45,0,112.4,0,2363834719.2,1.89200629349596,1.10142976793477,18.8465266467747,478.633718476363,21030558
CIV,2008,26.4323076923077,44.61,0,109.62,0,2358412803.18,6.30852769152581,4.7826659787672,18.4376064652673,446.000041432788,21514439
CIV,2009,26.2046153846154,49.11,0,106.66,0,2346300280.4,1.01950457731134,3.60332156667053,21.3064601936745,470.293423341398,21997940
CIV,2010,26.2253846153846,56.4,0,106.93,0,2404648790.45,1.22645612135478,6.84804939907013,23.3989011667238,494.794262222947,22488065
CIV,2011,25.5015384615385,45.75,0,97.52,0,2241204640,4.91243395052459,-5.37044724000579,25.968099902503,471.248625718937,22982000
CIV,2012,25.9192307692308,48.63,0,102.95,0,2415935680.1,1.30451119915597,7.62041176451649,25.4036956022817,510.556338454251,23467078
CIV,2013,26.2523076923077,45.44,0,107.28,0,2568259062,2.58117037252936,10.7602131311256,24.8226316343292,493.899623852237,23939775
CIV,2014,26.0030769230769,62.49,0,104.04,0,2551830175.8,0.44868207676616,9.37199994240375,24.8194590556386,493.757329875312,24527395
CIV,2015,25.5123076923077,47.51,0,97.66,0,2465557759.72,1.25149954781475,7.19494942728191,26.1100955291875,591.21169798261,25246342
CIV,2016,26.3615384615385,54.34,0,108.7,0,2825048323.5,0.723178457513241,7.17275963956332,27.3748610620111,592.605615063022,25989405
CIV,2017,26.2207692307692,48.02,0,106.87,0,2856995465.64,0.685881065304602,7.41076242592504,28.1221296447834,580.656749587858,26733372
CIV,2018,25.98,54.91,0,103.74,0,2849133307.02,0.3594090313807,4.84314605889178,29.9133201080609,555.446458398226,27464173
CIV,2019,26.1823076923077,60.39,0,106.37,0,2998890367.33,-1.10686343994195,6.72137167584978,30.4418281948488,585.911013180369,28193009
CIV,2020,25.7346153846154,54.14,0,100.55,0,2907448396.95,2.42500656821817,0.699728593494228,35.9517770758951,575.586004510945,28915449
CIV,2021,26.14,61.73,0,105.82,0,3136476863.52,4.09195189692865,7.06332910205232,38.3666069267738,554.530675033104,29639736
CIV,2022,25.6123076923077,59.63,0,98.96,0,3007889397.92,5.27616724262842,6.39988362720531,38.1534401302454,623.759700911182,30395002
CIV,2023,26.0207692307692,51.68,0,104.27,0,3249642742.58,4.38711707003282,6.45045796902575,36.1123707734812,606.569750165917,31165654
CMR,1990,22.3615384615385,56.76,0,56.7,0,642514250.7,,-6.10569764600656,21.2336852653104,272.264787954393,11331821
CMR,1991,22.2676923076923,55.98,0,55.48,0,647295146.4,,-3.80859937279318,21.6289440462884,282.10690880882,11667180
CMR,1992,21.6623076923077,51.38,0,47.61,0,571622466.33,,-3.10000321081914,18.8293120686533,264.691800750579,12006353
CMR,1993,22.1076923076923,60.35,0,53.4,0,659657195.4,,-7.93206657447536,11.9188114815468,283.162579500018,12353131
CMR,1994,21.86,61.1,0,50.18,0,637532032.54,,1.87680922580404,13.9818480031008,555.204695655697,12704903
CMR,1995,22.0261538461539,66.16,0,52.34,0,683482727.44,,2.89400137739698,11.9588597793816,499.14842590131,13058516
CMR,1996,22.08,56.51,0,53.04,0,711518711.28,,4.21507214953058,10.2738594743712,511.552430272516,13414757
CMR,1997,22.0738461538462,68.61,0,52.96,0,729535333.44,,4.52731376625037,10.9781752730351,583.669372353396,13775214
CMR,1998,22.86,53.45,0,63.18,0,893672254.8,,4.72553484802563,11.1785548375879,589.951774567332,14144860
CMR,1999,22.6838461538462,45.27,0,60.89,0,884435774.6,,4.51130422140731,11.8588183863838,615.473349319164,14525140
CMR,2000,22.5615384615385,66,0,59.3,0,884319018.3,,3.83241779430614,13.401148205749,710.207977031367,14912631
CMR,2001,22.2776923076923,47.62,0,55.61,0,851360738.9,,4.32426119221549,12.7084509376941,732.397693260228,15309490
CMR,2002,22.8276923076923,51.21,0,62.76,0,986934137.28,,4.47702683369155,14.341494680962,693.713226496374,15725528
CMR,2003,23.2153846153846,40.72,0,67.8,0,1095671052,,5.45315368881347,13.59913981428,579.897426172466,16160340
CMR,2004,23.7253846153846,39.48,0,74.43,0,1236318547.41,,7.04886281858374,13.6311761091468,527.338032291576,16610487
CMR,2005,23.9615384615385,40.77,0,77.5,0,1323281035,,2.22827020924117,13.8993501294851,527.258362649626,17074594
CMR,2006,23.7853846153846,40.99,0,75.21,0,1319966110.47,,3.80958327566137,14.1520910010792,522.425624895176,17550407
CMR,2007,23.2338461538462,50.36,0,68.04,0,1228114923.84,,4.32758900972871,15.5063350261574,478.633718476363,18049896
CMR,2008,22.7953846153846,48.08,0,62.34,0,1157906651.04,,2.8476778892105,16.3715836247368,446.000041432788,18574056
CMR,2009,23.3115384615385,54.31,0,69.05,0,1319819904.7,,2.57925177738754,16.6728729156932,470.293423341398,19113974
CMR,2010,23.1876923076923,51.37,0,67.44,0,1326414371.04,,2.89902472122014,18.314405045246,494.794262222947,19668066
CMR,2011,22.8776923076923,44.42,0,63.41,0,1282930396.64,2.93969946305093,3.37921128506045,19.0180387164544,471.248625718937,20232304
CMR,2012,22.7315384615385,58.79,0,61.51,0,1279994128.79,2.73529677529534,4.62597872209571,17.8203382055767,510.556338454251,20809529
CMR,2013,22.8061538461539,52.19,0,62.48,0,1337220452.48,2.05034718001742,4.99552916130783,18.3545710209579,493.899623852237,21402376
CMR,2014,23.0430769230769,48.3,0,65.56,0,1446246585.08,1.85489850366779,5.71981814509198,19.2725607454566,493.757329875312,22059893
CMR,2015,22.9653846153846,59.11,0,64.55,0,1469378373.7,2.67623531419901,5.66695298703932,19.7832423088138,591.21169798261,22763414
CMR,2016,22.8030769230769,75.53,0,62.44,0,1464477812.84,0.874190383288837,4.53579423678801,19.7406341351971,592.605615063022,23454161
CMR,2017,22.9038461538462,74.34,0,63.75,0,1538198313.75,0.640409149881966,3.54117654926007,19.8972084405868,580.656749587858,24128601
CMR,2018,22.7084615384615,80.84,0,61.21,0,1518398703.43,1.0688581131292,3.95551423892049,21.401849245219,555.446458398226,24806383
CMR,2019,22.8184615384615,64.34,0,62.64,0,1597701790.8,2.45280214062729,3.47505998194981,,585.911013180369,25506095
CMR,2020,22.4446153846154,69.23,0,57.78,0,1514446041.24,2.43760882182241,0.259932915907115,,575.586004510945,26210558
CMR,2021,22.6907692307692,70.63,0,60.98,0,1641322922.84,2.27185762503636,3.33885747179505,,554.530675033104,26915758
CMR,2022,21.9523076923077,85.19,0,51.38,0,1419771773.98,6.24767713343864,3.7367840056412,,623.759700911182,27632771
CMR,2023,23.2661538461538,37.82,0,68.46,0,1942394152.02,7.38281384280978,3.24834497823876,,606.569750165917,28372687
COD,1990,24.15,74.44,0,79.95,0,2932890836.85,,-6.56831069464246,12.889684642837,0.00000000239474833333333,36684063
COD,1991,24.4353846153846,61.88,0,83.66,0,3172873850.22,,-8.42105149913377,14.364225334,0.0000000519456941666667,37925817
COD,1992,24.7484615384615,60.66,0,87.73,0,3441552274.3,,-10.5000085646477,15.8024695875706,0.0000021513626025,39228910
COD,1993,24.1923076923077,74.8,0,80.5,0,3272835048,,-13.4690505381279,30.6835066864785,0.00002514416814,40656336
COD,1994,24.4384615384615,72.15,0,83.7,0,3567869521.2,,-3.89999680312387,8.40106010880216,0.0119411916666667,42626876
COD,1995,24.3792307692308,72.7,0,82.93,0,3684887072.72,,0.699998829794396,6.7405046846566,0.0702447166666667,44433704
COD,1996,24.1230769230769,73.53,0,79.6,0,3605571470.4,,-1.02317264199922,,0.501849175,45296124
COD,1997,24.5,70.95,0,84.5,0,3889526719,,-5.61704659870088,,1.3134476,46029902
COD,1998,26.53,46.67,0,110.89,0,5244830864,,-1.62415404478989,,1.60665988306526,47297600
COD,1999,26.3015384615385,42.9,0,107.92,0,5278687830.32,,-4.2701408311335,,4.0183333322314,48912971
COD,2000,25.8176923076923,56.91,0,101.63,0,5133071330.46,,-6.91092731652101,3.42308139669861,21.8183333273501,50507442
COD,2001,25.4192307692308,58.01,0,96.45,0,5028193706.7,,-2.10017302488846,2.85740812895541,206.61749994334,52132646
COD,2002,25.3984615384615,62.47,0,96.18,0,5169725398.32,,2.94776518359767,2.91725803901463,346.484999904984,53750524
COD,2003,26.7738461538462,42,0,114.06,0,6312521470.02,,5.57782231144424,3.16074494763066,405.17818323067,55343867
COD,2004,26.6438461538462,55.47,0,112.37,0,6404836156.17,,6.73837393324294,5.06281053286604,399.475791666667,56997741
COD,2005,26.3792307692308,47.13,0,108.93,0,6402439615.32,,6.13515115548972,4.53035061027253,473.908008333333,58775724
COD,2006,27.2238461538462,43.7,0,119.91,0,7268453528.28,,5.32097956548998,5.9414000673905,468.278825,60615908
COD,2007,25.8938461538462,60.52,0,102.62,0,6411466910.24,,6.25947776437397,7.00076202723583,516.749891666666,62477752
COD,2008,25.5346153846154,44.38,0,97.95,0,6307065538.8,,6.22589426869193,8.48253070023525,559.292508333333,64390664
COD,2009,25.3584615384615,58.9,0,95.66,0,6352976129.04,,2.85506401011484,9.71150702222512,809.785833333333,66412044
COD,2010,25.6123076923077,53.83,0,98.96,0,6784998240.48,,7.10797657581392,10.1163035677052,905.913458333333,68563038
COD,2011,25.3661538461539,62.47,0,95.76,0,6784530021.36,,6.8746708900163,10.1065207691826,919.4913,70849311
COD,2012,24.5323076923077,60.14,0,84.92,0,6220782160.56,,7.08689894671942,10.7499611405792,919.755016666667,73254618
COD,2013,25.2884615384615,50.61,0,94.75,0,7181045176.25,0.808223101487066,8.48195663608755,11.4492224837859,919.565907354881,75789395
COD,2014,25.4184615384615,52.91,0,96.44,0,7561208658.48,1.24303889760764,9.4702880993101,11.8740496220761,925.226282531997,78403242
COD,2015,25.35,55.25,0,95.55,0,7742944987.05,0.744198994781517,6.91616711922561,12.2903493660645,925.984961280393,81035531
COD,2016,26.7284615384615,41.6,0,113.47,0,9526534410.05,2.88585107290007,2.39939891133452,14.0066848676782,1010.30275716866,83956415
COD,2017,25.7776923076923,56.34,0,101.11,0,8805002371.78,,3.7269476588301,12.6728010964308,1464.41793163743,87083398
COD,2018,24.5684615384615,63.67,0,85.39,0,7689168321.16,,5.82112109969025,12.4147527131933,1622.52350162292,90047644
COD,2019,24.6469230769231,62.72,0,86.41,0,8031588463.22,,4.38452887429834,,1647.76012727639,92947442
COD,2020,25.7976923076923,51.31,0,101.37,0,9730506097.26,,1.73542276681493,,1851.12216183261,95989998
COD,2021,24.7376923076923,62.14,0,87.59,0,8684454953.88,,6.20015401075946,,1989.39147122828,99148932
COD,2022,25.43,45.39,0,96.59,0,9890523139.12,,8.92444785079518,,2006.70821944055,102396968
COD,2023,27.8469230769231,22.27,0,128.01,0,13542143465.31,,8.60908972348436,,2340.03570436145,105789731
COG,1990,24.9346153846154,58.78,0,90.15,0,214607484,,1.00000356627487,21.4318897637795,272.264787954393,2380560
COG,1991,25.7530769230769,44.97,0,100.79,0,246857790.91,,2.39536745255616,20.2250552881488,282.10690880882,2449229
COG,1992,25.3161538461539,58.66,0,95.11,0,239626316.15,,2.61194805533871,21.7892838742916,264.691800750579,2519465
COG,1993,24.8707692307692,61.06,0,89.32,0,231796475.68,,-0.979683208744774,16.3452177345086,283.162579500018,2595124
COG,1994,25.0107692307692,58.73,0,91.14,0,243630344.16,,-5.49307574541402,16.2127936805245,555.204695655697,2673144
COG,1995,24.9015384615385,62.78,0,89.72,0,246681640.92,,3.9853243781107,15.0715773527741,499.14842590131,2749461
COG,1996,24.8961538461538,54.41,0,89.65,0,253421275.25,,4.29048155870402,14.1704239439871,511.552430272516,2826785
COG,1997,25.3761538461538,49.1,0,95.89,0,276917087.18,,-0.624812152260716,14.8778490816552,583.669372353396,2887862
COG,1998,26.4561538461539,55.61,0,109.93,0,324520065.73,,3.73755276980884,15.2957134162247,589.951774567332,2952061
COG,1999,24.7876923076923,70.63,0,88.24,0,267620801.76,,-2.58219935813743,14.5499896501759,615.473349319164,3032874
COG,2000,24.89,56.58,0,89.57,0,282265971.65,,7.5759803952642,14.5814612868048,710.207977031367,3151345
COG,2001,24.7076923076923,75.65,0,87.2,0,285365226.4,,3.80260189913561,11.5470878289313,732.397693260228,3272537
COG,2002,25.22,65.41,0,93.86,0,314503366.06,,4.58187006108889,12.6619791914105,693.713226496374,3350771
COG,2003,25.0453846153846,63.12,0,91.59,0,315596517.27,,0.813264076303781,12.8882271877153,579.897426172466,3445753
COG,2004,25.4961538461539,57.27,0,97.45,0,347463237.3,,3.47663162118089,12.7938350028504,527.338032291576,3565554
COG,2005,26.5461538461539,49.48,0,111.1,0,410669262.3,,7.75575897806648,12.0267440975008,527.258362649626,3696393
COG,2006,26.2076923076923,44.02,0,106.7,0,409451540.3,,7.98623836334291,14.7089559157911,522.425624895176,3837409
COG,2007,25.3892307692308,69.52,0,96.06,0,382360105.8,2.65464645060703,-6.61399480441001,17.2004506508317,478.633718476363,3980430
COG,2008,24.9607692307692,68,0,90.49,0,372232153.33,4.95875092023152,6.30637595585259,18.5039484494991,446.000041432788,4113517
COG,2009,24.9915384615385,72.84,0,90.89,0,389119994.91,4.41500374795223,11.6372888615758,22.0572760170784,470.293423341398,4281219
COG,2010,24.9807692307692,78.51,0,90.75,0,404952817.5,0.391525011227614,9.93126543095578,20.4565775726738,494.794262222947,4462290
COG,2011,24.85,73.19,0,89.05,0,410495922.2,1.75958704273801,2.20591936286718,24.9001094939288,471.248625718937,4609724
COG,2012,24.7038461538462,69.23,0,87.15,0,413130217.5,5.01018773134469,9.94715314257564,24.3752178069678,510.556338454251,4740450
COG,2013,24.8261538461539,68.86,0,88.74,0,431018965.26,4.63161619729462,-0.712434451876447,25.0861986194118,493.899623852237,4857099
COG,2014,24.8446153846154,72.56,0,88.98,0,442753802.4,0.912139545450162,6.64606540928447,28.6204605365655,493.757329875312,4975880
COG,2015,24.9353846153846,59.94,0,90.16,0,459597902.96,3.16909796750827,0.415193061293763,30.479655342254,591.21169798261,5097581
COG,2016,25.2953846153846,69.45,0,94.84,0,495305314.24,3.19056179723774,-8.68524343913786,29.3906277095463,592.605615063022,5222536
COG,2017,25.2353846153846,63.04,0,94.06,0,503316094.66,0.450063823285532,-5.59477371915547,24.5043390590813,580.656749587858,5351011
COG,2018,24.8576923076923,75.27,0,89.15,0,488819969.7,1.15277896375524,-2.30431780125842,19.2866399178296,555.446458398226,5483118
COG,2019,25.6630769230769,52.83,0,99.62,0,559531768.82,2.20607305781522,1.12447391976529,22.0323782956445,585.911013180369,5616661
COG,2020,25.0346153846154,69.91,0,91.45,0,526092736.95,1.79537147083111,-6.26777227963225,31.1889506418211,575.586004510945,5752791
COG,2021,24.9376923076923,65.56,0,90.19,0,531415984.77,1.71564275451261,1.01507036990908,26.8786444966125,554.530675033104,5892183
COG,2022,24.8615384615385,72.43,0,89.2,0,538331276.8,3.04344334698473,1.47535613247133,24.3993579583107,623.759700911182,6035104
COG,2023,25.2823076923077,71.48,0,94.67,0,585333722.95,4.30174563591022,1.90686426346754,28.4001283076422,606.569750165917,6182885
COL,1990,18.1269230769231,65.43,0.990000000000002,2.64000000000001,32115668.3100001,85641782.1600003,29.1520245976216,4.28199833053058,24.116638694195,502.26,32440069
COL,1991,18.1346153846154,59.17,1.27,3.02,42034932.44,99957083.4399999,30.3878204854436,2.00160759559029,24.7296935438941,627.1525,33098372
COL,1992,18.4423076923077,62.01,0.93,6.68,31397331.03,225520614.28,27.010626623136,4.04492943933556,26.9398374337339,680.385833333333,33760571
COL,1993,18.0830769230769,74.67,1.21,2.29,41674182.33,78870973.17,22.4424828533275,5.38540993901029,28.4643572252727,786.346666666667,34441473
COL,1994,17.9730769230769,79.04,2.17,1.82,76226479.6999999,63931886.2,22.8462417553045,5.81466190724336,32.1082201432541,826.54,35127410
COL,1995,18.0438461538462,73.15,1.43,2,51200666.6599999,71609324.0000001,20.8917930194849,5.20243759278655,32.9296463798546,912.895,35804662
COL,1996,17.9569230769231,69.51,2.13,1.57,77665646.8500001,57246509.6499999,20.7975755127402,2.05585471287195,33.41472134795,1036.6225,36462745
COL,1997,18.46,54.49,0.950000000000003,6.93000000000001,35265091.5500001,257249562.57,18.4700217119089,3.43029367788374,34.2534486260465,1141.11666666667,37121149
COL,1998,18.9530769230769,66.78,0.329999999999998,12.72,12471414.4499999,480716338.8,18.6769799276672,0.569784088434517,33.046013382286,1426.42416666667,37792165
COL,1999,17.6992307692308,77.64,4.48,0.57,172277786.24,21919271.91,10.8736870857471,-4.20401524244947,34.2740263359738,1756.68583333333,38454863
COL,2000,17.8292307692308,62.91,2.93,0.710000000000001,114533506.62,27753853.14,9.22534818585364,2.92486148176778,25.8200005700064,2087.91833333333,39089934
COL,2001,18.5207692307692,53.15,0.0599999999999987,6.83,2382555.71999995,271214259.46,7.96556090304835,1.67789830787579,28.5091471133911,2299.89333333333,39709262
COL,2002,18.7176923076923,63.84,0.549999999999997,9.88,22178573.9999999,398407838.4,6.35150728778871,2.50398046659659,27.455592548075,2504.68083333333,40324680
COL,2003,19.0161538461539,50.55,0,13.21,0,540783437.09,7.12978862941861,3.91827190322513,27.3345394310413,2877.54333333333,40937429
COL,2004,18.6246153846154,54.09,1.07,9.19,44451192.97,381781741.49,5.90402005546502,5.33302206759905,28.8546460581021,2628.36833333333,41543171
COL,2005,19.16,46.32,0,15.08,0,635304973.16,5.05101962689696,4.82876110773741,30.90999647801,2321.13166666667,42128977
COL,2006,18.9823076923077,46.25,0.0599999999999987,12.83,2561465.03999995,547726607.72,4.29342363628925,6.71686869844402,32.2883014174959,2358.59460526316,42691084
COL,2007,19.0653846153846,42.47,0.129999999999999,13.98,5620598.61999996,604430528.52,5.54438485815156,6.73819469090975,33.7551965296607,2077.81095833333,43235374
COL,2008,19.3330769230769,29.39,0,17.33,0,758340142.64,6.99688495554511,3.28344618616541,35.9614943047243,1965.1375,43758808
COL,2009,19.2838461538462,45.41,0,16.69,0,738892019.29,4.20251661216482,1.13964864548062,36.920133331889,2157.59833333333,44271541
COL,2010,18.9461538461539,69.93,1.35,13.65,60449380.6500001,611210404.35,2.27200227892011,4.49465897070922,37.9368625133083,1898.9975,44777319
COL,2011,17.9007692307692,76.6,1.85000000000001,0.559999999999999,83730285.9000002,25345383.8399999,3.41503344776242,6.94789198173555,39.6524715556766,1848.01666666667,45259614
COL,2012,18.0838461538462,67.61,0.529999999999998,1.62,24229379.2999999,74059612.1999999,3.16930188840057,3.91263576716115,42.7462807925581,1798.01166666667,45715810
COL,2013,18.4153846153846,71.77,0.460000000000001,5.86,21229728.64,270448282.24,2.01699224310385,5.13399351995672,45.3776099797769,1868.895,46151584
COL,2014,18.4869230769231,62.53,0.0500000000000007,6.38,2328271.45000003,297087437.02,2.89883787761735,4.49903000110972,46.3781588471125,2001.105,46565429
COL,2015,19.0423076923077,48.13,0,13.55,0,636442687,4.9898311584953,2.95590137527523,48.9914370832794,2741.78166666667,46969940
COL,2016,19.4176923076923,60.58,0,18.43,0,874273346.16,7.51346024627682,2.08738250162794,48.9199583628706,3055.255,47437512
COL,2017,18.5130769230769,71.85,0.0199999999999996,6.69,962621.55999998,321996911.82,4.3143132569501,1.35936086788746,49.0241162749341,2951.48691120161,48131078
COL,2018,18.2892307692308,67.58,0.600000000000001,4.36,29414679.0000001,213746667.4,3.2405693293057,2.56432428277704,48.0161336588215,2955.70396997842,49024465
COL,2019,18.7646153846154,71.39,0,9.94000000000001,0,496085370.9,3.5230193274144,3.18685539245533,48.7027601927762,3281.62219381788,49907985
COL,2020,19.0407692307692,55.7,0,13.53,0,685023859.41,2.5266350008471,-7.18591413760859,58.2784380687885,3693.27583333333,50629997
COL,2021,19.12,45.95,0,14.56,0,745299798.88,3.49505757399449,10.8011981904878,54.6261375585987,3744.24416666667,51188173
COL,2022,18.5346153846154,78.41,0.0799999999999983,7.03,4139035.51999991,363717746.32,10.1772313546166,7.32827729427979,48.898502562114,4256.19416666667,51737944
COL,2023,18.8692307692308,68.08,0.460000000000001,11.76,24067729.92,615296747.52,11.735904494869,0.712380031974334,48.1570178846189,4325.955,52321152
CRI,1990,21.2607692307692,38.46,0,42.39,0,132329117.34,19.0397526635649,3.55306336572285,42.822205081057,91.5792916666666,3121706
CRI,1991,21.2338461538462,36.69,0,42.04,0,134619479.04,28.7092913706618,2.26565496296193,33.9697371452846,122.432416666667,3202176
CRI,1992,21.4669230769231,28.89,0,45.07,0,148021508.06,21.7911687900609,9.2011037327736,32.259591456302,134.506333333333,3284258
CRI,1993,21.3453846153846,38.23,0,43.49,0,146449704.66,9.77860078293777,7.09719123999687,31.4025330307708,142.171666666667,3367434
CRI,1994,21.3753846153846,28.02,0,43.88,0,151435233.36,13.5344687273428,4.51902837637206,31.6843044985007,157.066666666667,3451122
CRI,1995,21.1953846153846,44.92,0,41.54,0,146851211.04,23.1864981102567,4.15395304333353,26.2682219794938,179.729166666667,3535176
CRI,1996,21.0892307692308,33.77,0,40.16,0,145339562.08,17.5114524814592,1.35045949139338,33.2407760860418,207.689166666667,3619013
CRI,1997,21.56,55.74,0,46.28,0,171315185.08,13.2480440791191,5.4761657765486,14.9844688373708,232.5975,3701711
CRI,1998,21.8653846153846,73.28,0,50.25,0,190087609.5,11.6592997742233,7.15530857859194,15.0298011122346,257.229166666667,3782838
CRI,1999,20.4515384615385,82.65,0,31.87,0,123085158.87,10.0452817292494,4.21481117123987,16.9052409898701,285.684694833333,3862101
CRI,2000,20.6838461538462,61.31,0,34.89,0,137387713.71,10.9615496593622,3.86871808953644,18.4547634361911,308.186666666667,3937739
CRI,2001,21.1376923076923,54.28,0,40.79,0,163524948.13,11.2556157091171,3.49116989434005,41.3444336126812,328.870833333333,4008947
CRI,2002,21.3030769230769,70.6,0,42.94,0,175010772.7,9.1675204850912,3.41687639041064,43.4368770924739,359.81752688172,4075705
CRI,2003,21.3053846153846,50.24,0,42.97,0,177843548.48,9.44758091616983,4.31717986636224,46.9184453602134,398.662222222222,4138784
CRI,2004,21.3407692307692,58.85,0,43.43,0,182409387.54,12.3148150178852,4.42459959654504,48.6738621812112,437.935,4200078
CRI,2005,21.1246153846154,78.64,0,40.62,0,173091568.8,13.7982949108987,3.97666636818026,52.8860359402535,477.786741487455,4261240
CRI,2006,21.1569230769231,66.18,0,41.04,0,177347793.6,11.4705968149052,7.3266954325067,53.537093277109,511.301817940348,4321340
CRI,2007,21.1092307692308,73.83,0,40.42,0,177049624.16,9.35724456417157,8.21513198348715,53.9245551115533,516.617390232975,4380248
CRI,2008,20.8115384615385,66.24,0,36.55,0,162284046.8,13.4244635507284,4.73817487754022,56.6043766075203,526.23551344086,4440056
CRI,2009,21.3776923076923,61.13,0,43.91,0,197585822.81,7.84270167700653,-0.873455942787785,56.863634661028,573.287956733231,4499791
CRI,2010,21.2730769230769,81.15,0,42.55,0,193856183.1,5.66275708420022,5.36034352634111,51.0918426787819,525.829200716846,4555962
CRI,2011,21.0269230769231,69.02,0,39.35,0,181396928.55,4.877998309707,4.40315923970431,49.3301997157191,505.664239919355,4609833
CRI,2012,21.2061538461539,65.43,0,41.68,0,194392769.12,4.49545314354611,4.88259241025739,49.3686258314994,502.901461981567,4663934
CRI,2013,21.2746153846154,64.27,0,42.57,0,200766377.79,5.23133614174423,2.49476611209954,50.4829610731737,499.766832565284,4716147
CRI,2014,21.3907692307692,85.83,0,44.08,0,210134605.52,4.51920098516959,3.54210987765977,52.456806655535,538.317200279058,4767119
CRI,2015,21.6992307692308,93.88,0,48.09,0,231699447.42,0.801982005099561,3.65208096802883,50.6443739897657,534.565769969278,4818038
CRI,2016,21.7069230769231,95.8,0,48.19,0,234540633.62,-0.0174788505907852,4.20432325175899,49.1383907242327,544.73936722902,4866998
CRI,2017,21.3630769230769,118.34,0,43.72,0,214804098.44,1.6259069299173,4.1576989627609,46.5754635847273,567.51309030978,4913177
CRI,2018,21.15,123.39,0,40.95,0,203022647.1,2.22111461526584,2.6159044043379,45.3733550514679,576.97250124808,4957818
CRI,2019,21.6861538461539,108.15,0,47.92,0,239578579.76,2.09604635327805,2.41751181762513,44.9382934540001,587.294595686124,4999553
CRI,2020,21.4546153846154,117.4,0,44.91,0,226091311.2,0.724911478131341,-4.27335432161462,54.8657926973202,584.900854962304,5034320
CRI,2021,21.2323076923077,108.39,0,42.02,0,212620695.76,1.72647755109242,7.93576224743147,54.0070701461316,620.784720014081,5059988
CRI,2022,21.1415384615385,99.28,0,40.84,0,207539282.6,8.27477490232656,4.55149177958398,47.4587962612437,647.135817631363,5081765
CRI,2023,21.9307692307692,97.16,0,51.1,0,260892327.5,0.525193508693476,5.11192183229137,47.437867518601,544.050775505632,5105525
CYP,1990,19.4753846153846,7.46,28.19,47.37,22223614.69,37344186.87,,7.40399951139527,,0.458079916666667,788351
CYP,1991,19.0861538461539,19.46,29.94,44.06,23920383.36,35201472.64,,0.739501197535759,,0.4644285,798944
CYP,1992,17.9776923076923,11.79,41.98,41.69,34018115.18,33783116.29,,9.39999901631683,,0.449548583333333,810341
CYP,1993,19.0161538461539,9.96,34.6,47.81,28580776.4,39492685.54,,0.700000488145378,,0.497405166666667,826034
CYP,1994,19.9115384615385,18.37,29.08,53.93,24562916.36,45552891.31,,5.89999870094542,,0.492191,844667
CYP,1995,19.15,7.62,32.16,47.11,27744271.2,40641561.45,,8.36246930466535,,0.452420166666667,862695
CYP,1996,19.4361538461539,12.85,29.78,48.45,26215036.2,42650050.5,,1.24854147527125,,0.46631125,880290
CYP,1997,18.9276923076923,11.4,33.09,45.15,29700525.12,40525195.2,,2.64093066351474,,0.513897333333333,897568
CYP,1998,20.01,9.93,26.4,52.53,24144067.2,48041206.44,,6.11088294947106,,0.517825583333333,914548
CYP,1999,20.3761538461538,5.77,23.28,54.17,21679127.52,50444945.78,,4.99795469482918,,0.54294775,931234
CYP,2000,19.6676923076923,11.78,29.03,50.71,27510773.01,48056193.57,,5.96530445494226,,0.622409116666667,947667
CYP,2001,20.1546153846154,13.25,24.31,52.32,23437927.37,50443124.64,1.97304191729914,3.95256258200938,,0.643107026158333,964127
CYP,2002,19.7461538461539,10.03,27.21,49.91,26704982.4,48983670.4,2.80115505180746,3.72297491128981,,0.610659989666667,981440
CYP,2003,19.6715384615385,12.56,30.83,52.56,30817359.7,52538450.4,4.13906538686858,2.62329962315329,,0.517443261666667,999590
CYP,2004,19.49,14.5,30.44,49.81,30984115,50700353.75,2.28621706801675,5.02627226665527,,0.46860055225,1017875
CYP,2005,19.3761538461538,9.12,28.6,46.49,29633918.6,48170659.99,2.56016132330234,4.85298762175586,,0.464070507161667,1036151
CYP,2006,19.6438461538462,8.5,29.63,51,31242405.34,53775318,2.30468732978555,4.71378358593959,,0.458915946916667,1054418
CYP,2007,19.9684615384615,12.32,28.22,53.81,30271989.08,57722740.34,2.37265183669719,5.09822614854798,,0.426125,1072714
CYP,2008,20.1392307692308,7.14,25.56,53.37,27886624.56,58228057.62,4.66900841902485,3.64698922103939,,0.679922680042729,1091026
CYP,2009,19.9107692307692,18.04,26.6,51.44,29509268.6,57066044.24,0.3262766522498,-2.01508203683694,,0.716957702016136,1109371
CYP,2010,20.7630769230769,10.47,20.06,55.98,22623988.96,63135139.68,2.43004084102254,2.28267100119788,,0.754308990105961,1127816
CYP,2011,19.4715384615385,13.68,28.97,48.1,33213902.21,55146313.3,3.28944939564209,0.416711868408683,,0.718413898653317,1146493
CYP,2012,19.9315384615385,19.71,28.67,53.78,33411931.99,62675050.66,2.38905410042318,-3.44738151374587,,0.778338120416812,1165397
CYP,2013,19.8723076923077,6.09,25.23,49.57,29869670.85,58685675.15,-0.399357676464379,-6.58747751118347,,0.752945122701996,1183895
CYP,2014,20.1692307692308,11.03,20.35,48.55,24456650.35,58347438.55,-1.35498885446316,-1.77605867728616,,0.752728196932603,1201801
CYP,2015,19.6607692307692,13.14,29.07,50.66,35450923.14,61779971.32,-2.09699769053113,3.41892038889013,,0.901296423367096,1219502
CYP,2016,20.3623076923077,9.86,25.22,55.93,31199964.64,69191674.16,-1.42916666666665,6.57359080924678,,0.903421436257263,1237112
CYP,2017,19.96,10,27.92,53.4,35019358,66978285,0.531766496174477,5.75083236554525,,0.885205508269372,1254275
CYP,2018,20.9384615384615,13.75,19.47,57.67,24741249.39,73283402.79,1.43549119531763,6.27166360056404,,0.846772667108111,1270737
CYP,2019,20.18,16.81,26.13,54.47,33620713.23,70084969.37,0.250370996758475,5.87559583386607,,0.893276257067409,1286671
CYP,2020,20.4007692307692,12.34,25.49,56.7,33194276.03,73837404.9,-0.638422797978945,-3.22063018637567,,0.875506396987998,1302247
CYP,2021,20.4853846153846,11.88,22.76,55.07,29981952.84,72544206.63,2.44608867175474,11.3881892684305,,0.84549413889045,1317309
CYP,2022,19.9023076923077,13.04,27.61,52.34,36759125.7,69683905.8,8.39548297993332,7.20486780743879,,0.949623753156941,1331370
CYP,2023,20.6038461538462,12.12,22.15,56,29791218.4,75318656,3.54134188751658,2.76390975419605,,0.924839558470698,1344976
DEU,1990,8.41769230769231,23.66,125.72,1.15,9986320405.88,91347983.3499999,2.69646824292392,5.25500609657068,,1.61573333333333,79433029
DEU,1991,7.37923076923077,18.66,139.29,1.22,11145135573.84,97616953.1199999,4.04703259753466,5.10826150662902,,1.65954166666667,80013896
DEU,1992,8.23,26.09,128.93,1.92,10394929420.14,154799228.16,5.05697796731731,2.01418423268822,,1.56165,80624598
DEU,1993,7.44307692307692,25.69,137.24,0,11137899258.12,0,4.47457650752808,-0.973303672314501,,1.65332083333333,81156363
DEU,1994,8.76692307692308,27.51,123.87,3.84,10087768166.76,312723256.32,2.69305639854954,2.59758495227749,,1.62279416666667,81438348
DEU,1995,7.84923076923077,26.36,134.63,2.67,10996316006.13,218080396.17,1.70616041317077,1.50540577767291,,1.4331325,81678051
DEU,1996,5.99538461538462,22.29,156.06,0,12783628525.86,0,1.44972701963239,1.03815582464068,,1.50477416666667,81914831
DEU,1997,7.72692307692308,22.5,135.32,1.77,11100945211.72,145201544.67,1.9393719892273,1.8548172630131,,1.73405583333333,82034771
DEU,1998,8.08307692307692,28.24,128.92,0,10577524379.4,0,0.911183535014401,2.0961614012438,,1.7596676,82047195
DEU,1999,8.54538461538462,23.75,123.73,0.82,10158263066.39,67322199.26,0.585433064230788,2.13011669389533,,0.938283072395283,82100243
DEU,2000,8.88923076923077,23.13,118.48,0.0399999999999992,9740419467.84,3288460.31999993,1.4402683871974,2.87724595591061,,1.08270508132602,82211508
DEU,2001,8.01076923076923,26.95,131.49,1.63,10828191638.25,134230377.75,1.98385731334472,1.63654099437316,,1.11653308564462,82349925
DEU,2002,8.27076923076923,31.58,127.35,0.870000000000001,10504909838.25,71764990.6500001,1.42080615551526,-0.228310223930706,,1.05755899623965,82488495
DEU,2003,8.29307692307692,18.66,131.83,5.64,10880480422.08,465492752.64,1.03422218628562,-0.529929010433477,,0.88404792718493,82534176
DEU,2004,7.85846153846154,26.01,132.46,0.620000000000001,10930103799.6,51160081.2000001,1.66573696655992,1.16236825444811,,0.803921647747618,82516260
DEU,2005,8.20846153846154,23.11,127.97,0.68,10553611933.34,56079206.96,1.54691114751329,0.885697256705441,,0.803800192161442,82469422
DEU,2006,8.61384615384615,23.22,126.43,4.41,10414854699.93,363280148.91,1.57742642840562,3.85573614635729,,0.796432730949102,82376451
DEU,2007,8.87461538461539,34.3,118.63,0,9759259710.36,0,2.29834400700951,2.89010717888073,,0.729672399984083,82266372
DEU,2008,8.50384615384615,24.5,123.67,0.219999999999999,10154555695.99,18064221.3399999,2.6283798163722,0.910403214153277,,0.679922680042729,82110097
DEU,2009,8.13923076923077,29.07,129.04,0.850000000000001,10568673695.28,69616960.9500001,0.312739007368444,-5.54516454479311,,0.716957702016136,81902307
DEU,2010,6.38769230769231,29.31,153.68,2.72,12567478602.4,222433249.6,1.1038103778926,4.14676755040489,,0.754308990105961,81776930
DEU,2011,8.63923076923077,21.98,121.73,0.0399999999999992,9771873680.59,3210999.31999993,2.07517283735874,3.75796884487347,,0.718413898653317,80274983
DEU,2012,8.10846153846154,25.86,128.97,0.379999999999999,10372518392.31,30561812.7399999,2.00848884782953,0.47429132103845,,0.778338120416812,80425823
DEU,2013,7.42923076923077,26.07,138.25,0.829999999999998,11149254891.25,66935852.1499999,1.50472330251882,0.386224592046474,,0.752945122701996,80645605
DEU,2014,9.41923076923077,25.48,112.71,1.16,9127537575,93939700,0.906794000434214,2.16949889758517,,0.752728196932603,80982500
DEU,2015,9.00923076923077,21.83,121.29,4.41,9907769048.19,360237954.51,0.514426137125455,1.65271978656361,,0.901296423367096,81686611
DEU,2016,8.69846153846154,23.7,121.74,0.82,10025126964.06,67525908.58,0.491747008445213,2.29471066413561,,0.903421436257263,82348669
DEU,2017,8.48153846153846,30.7,123.84,0.100000000000001,10236243127.68,8265700.20000012,1.50949485109622,2.71602454639843,,0.885205508269372,82657002
DEU,2018,9.77,19.84,112.7,5.71,9343481631.4,473392015.22,1.73216879766948,1.11644310902427,,0.846772667108111,82905782
DEU,2019,9.55076923076923,24.68,114.64,4.8,9525777163.68,398846217.6,1.44565976888253,0.987893350164853,,0.893276257067409,83092962
DEU,2020,9.60615384615385,21.48,111.55,2.43,9276595160.05,202080916.53,0.144877925813963,-4.09513751682526,,0.875506396987998,83160871
DEU,2021,8.00384615384615,26.91,130.94,0.989999999999998,10893694453.32,82364117.2199999,3.0666666666667,3.6699998840452,,0.84549413889045,83196078
DEU,2022,9.96538461538462,19.47,110.73,6.28,9278950879.05,526251345.8,6.87257438551096,1.36973104612758,,0.949623753156941,83797985
DEU,2023,9.93230769230769,30.34,106.62,1.74,8945623030.26,145989346.02,5.94643667725828,-0.266438401180253,,0.924839558470698,83901923
DNK,1990,8.79615384615385,31.33,119.65,0,615113351.35,0,2.64160306382,1.66026774169177,56.9014049533473,6.18855833333333,5140939
DNK,1991,7.70846153846154,24.95,133.79,0,689593529.42,0,2.39515331724415,1.45818005306188,56.8201859386365,6.39645833333333,5154298
DNK,1992,8.44769230769231,26.19,124.18,0,642180726.6,0,2.09604442933217,2.0228112415746,54.3807591884919,6.03613333333333,5171370
DNK,1993,7.15769230769231,28.59,140.95,0,731337116.6,0,1.25785667953258,-0.078900412805325,64.774774721085,6.48393916666666,5188628
DNK,1994,8.20153846153846,32.58,128.51,1.13,669046191.8,5882983.4,1.99201463809525,5.29469615156448,54.5408196059997,6.36055166666667,5206180
DNK,1995,7.83769230769231,26.05,132.11,0,691380907.03,0,2.08360842382847,3.03802150461165,55.5112015638776,5.60236666666667,5233373
DNK,1996,6.50461538461539,22.98,149.44,0,786513778.56,0,2.12629802275584,2.89575069230459,57.1851190058485,5.79867166666666,5263074
DNK,1997,8.07538461538461,27.41,131.15,2.13,693126569.65,11257030.83,2.18216677907116,3.16848143784479,58.0399700185094,6.60445916666667,5284991
DNK,1998,7.54230769230769,34.26,135.95,0,721108573.05,0,1.8456512200789,2.32630274538961,57.8932470427943,6.70082666666667,5304219
DNK,1999,8.28076923076923,36.07,126.35,0,672409303.65,0,2.49779544404529,2.96730536257029,54.7986310686978,6.97624,5321799
DNK,2000,8.60230769230769,34.72,122.17,0,652340886.72,0,2.90328203236453,3.72400899471576,48.6367626704694,8.08314416666667,5339616
DNK,2001,7.41923076923077,29.59,137.55,0,737100601.65,0,2.33787000255262,0.95003224600012,48.6714582266551,8.3228175,5358783
DNK,2002,8.37692307692308,33.17,126.04,0.940000000000001,677582343.24,5053375.14000001,2.42443661219696,0.456530018779986,49.3267602898524,7.89471416666666,5375931
DNK,2003,7.92923076923077,25.41,130.92,0,705733948.08,0,2.07507820646508,0.441091006625101,47.3347121633959,6.58767333333333,5390574
DNK,2004,7.93846153846154,31.7,130.8,0,706911608.4,0,1.15435693124932,2.77635180744053,46.3458919535647,5.99105666666667,5404523
DNK,2005,8.01692307692308,26.51,129.78,0,703333884.96,0,1.81781458291254,2.35960882992528,50.3461916684505,5.99691,5419432
DNK,2006,8.54692307692308,34.37,123.84,0.949999999999999,673351764.48,5165408.4,1.92422138464594,3.81648769908172,52.956112740985,5.94677833333334,5437272
DNK,2007,8.61923076923077,31.72,121.95,0,666022364.1,0,1.69326586220316,0.987173815945127,59.9853357183154,5.44370083333334,5461438
DNK,2008,8.65384615384615,29.07,121.5,0,667474951.5,0,3.41626794258373,-0.417178439991005,61.8232365766759,5.09813083333334,5493621
DNK,2009,8.00461538461538,28.33,129.94,0,717670964.3,0,1.30470991024336,-4.97447905669058,67.6193340041992,5.36086666666667,5523095
DNK,2010,5.78461538461538,27.08,158.8,0,880972060.4,0,2.31092436974793,1.58289703108802,69.5920858820326,5.624075,5547683
DNK,2011,8.24692307692308,30.19,126.79,0,706292823.88,0,2.75868226051242,1.3108037609606,64.1990278045134,5.36871153508772,5570572
DNK,2012,7.39307692307692,32.61,137.89,0,771021863.08,0,2.39791485664643,-0.00543230161670749,63.9771088708753,5.79247553703916,5591572
DNK,2013,7.59307692307692,22.09,135.29,0,759644150.28,0,0.789071780078059,1.39267343161971,56.7035750498727,5.61631168617622,5614932
DNK,2014,9.39153846153846,29.02,112.82,0.91,636696849.5,5135562.25,0.564020540449519,1.27799983192831,63.2399396916332,5.61246666666667,5643475
DNK,2015,8.45076923076923,33.94,124.14,0,705547579.62,0,0.452034153691592,2.10441456445301,67.7979011798909,6.72790683129629,5683483
DNK,2016,8.34153846153846,24.34,125.56,0,719208935.6,0,0.25000000000002,3.07304549209093,60.778191262306,6.73171825724638,5728010
DNK,2017,8.40076923076923,31.12,124.79,0,719411854.2,0,1.14713216957606,3.05647723922718,61.3442860692224,6.60289346561404,5764980
DNK,2018,8.81461538461539,22.43,120.08,0.670000000000002,695699810.88,3881736.12000001,0.813609467455621,1.8600074900921,60.7676551769995,6.31461878666667,5793636
DNK,2019,8.84923076923077,33.9,118.96,0,691683641.12,0,0.758131572511616,1.71140093932736,62.6195940268246,6.669446615,5814422
DNK,2020,9.18769230769231,35.84,114.56,0,668045642.24,0,0.420711974110097,-1.78010601831291,68.1024405396096,6.54215220416667,5831404
DNK,2021,8.08230769230769,40.15,128.98,0.0500000000000007,755401422.34,292836.650000004,1.85304543989681,7.38206633449863,61.0661007003282,6.2871130825,5856733
DNK,2022,8.96923076923077,33.46,117.4,0,693016543.8,0,7.69656699889264,1.54017307357893,60.5411654108227,7.0761518625,5903037
DNK,2023,8.81153846153846,36.78,119.45,0,710363416.4,0,3.30517811237605,2.49518434516773,64.3488689963959,6.88970258583334,5946952
DZA,1990,23.9438461538462,2.34,17.26,94.53,437986480.6,2398775319.3,,0.800000580174981,61.771140409131,8.95750833333333,25375810
DZA,1991,22.8407692307692,0.31,21.45,84.38,557441055.6,2192861364.64,,-1.2000005864423,49.1113098506207,18.472875,25987928
DZA,1992,22.6692307692308,0.81,19.59,80.29,521653647.12,2138007724.72,,1.80000230253509,51.9419948112575,21.836075,26628568
DZA,1993,23.8615384615385,0.69,18.04,94.24,492077945.92,2570589003.52,,-2.10000075697259,50.1014581091891,23.3454066666667,27277048
DZA,1994,23.6915384615385,0.81,16.37,90.36,456514757.23,2519894530.44,,-0.899996552970833,45.3186722525255,35.0585008333333,27887279
DZA,1995,23.9569230769231,1.69,14.23,91.67,405130817.93,2609862408.97,,3.79999479063817,37.1694457949497,47.6627266666667,28470191
DZA,1996,23.98,2.21,12.1,89.84,351299832.4,2608328672.96,,4.09999847167964,33.0058364834078,54.7489333333333,29033044
DZA,1997,24.0523076923077,1.31,12.67,91.35,374769743.67,2702069146.35,,1.09999993684249,36.0814341402831,57.70735,29579301
DZA,1998,24.3253846153846,0.15,13.74,95.97,412943787.42,2884295144.01,,5.10000361107312,42.3768223541164,58.7389583333333,30054133
DZA,1999,24.4730769230769,2.28,21.73,105.88,662207712.42,3226624601.52,,3.20000155319546,42.2077031731846,66.573875,30474354
DZA,2000,23.7815384615385,0.86,16.63,91.79,513931740.59,2836668338.47,,3.80000000158476,37.8297248414823,75.2597916666666,30903893
DZA,2001,25.1253846153846,1.07,13.04,105.67,408559121.84,3310770123.07,,2.99999999863043,52.3817644227651,77.2150208333334,31331221
DZA,2002,24.7346153846154,0.69,11.95,99.5,379422478.25,3159208082.5,,5.40000000000001,57.8750799363848,79.6819,31750835
DZA,2003,24.3630769230769,1.26,16.51,99.23,531222755.18,3192806420.14,,6.50000000062043,58.0159636711519,77.394975,32175818
DZA,2004,23.9669230769231,2.63,13.84,91.41,451575478.24,2982551623.26,,4.49999999976698,55.0218644144851,72.06065,32628286
DZA,2005,24.4223076923077,0.99,20.23,103.72,669800107.27,3434091306.28,,5.39999999969525,51.8925610676587,73.2763083333333,33109249
DZA,2006,24.5392307692308,0.52,18.18,103.19,611275339.08,3469609584.14,2.31149918514424,2.89999999905852,54.4649954975876,72.6466166666667,33623506
DZA,2007,24.7353846153846,0.43,11.06,98.62,378134940.96,3371760205.92,3.678995747417,3.10000000128674,60.7173627576789,69.2924,34189416
DZA,2008,24.1469230769231,1.88,18.5,98.41,644113778.5,3426337132.01,4.85859062814938,2.49999999929371,59.7094462183175,64.5828,34816961
DZA,2009,23.9807692307692,1.28,14,91.75,496866230,3256248328.75,5.73706036145628,1.19999999969519,66.7819216878756,72.6474166666667,35490445
DZA,2010,25.5953846153846,0.76,5.74,104.48,207720474.64,3780946897.28,3.91106195534029,4.80000000093564,62.615639276869,74.3859833333333,36188236
DZA,2011,24.0292307692308,0.99,15.64,94.02,577168800.64,3469655411.52,4.5242115050527,2.99999999941909,62.3509795811349,72.9378833333333,36903376
DZA,2012,23.8053846153846,1.08,21.83,97.3,821815803.78,3662971951.8,8.8914509106232,2.40000000034432,62.5440245522635,77.5359666666667,37646166
DZA,2013,24.0669230769231,0.48,19.14,98.01,735247232.94,3764972899.71,3.25423910998842,2.60000000061164,65.5009854719817,79.3684,38414171
DZA,2014,24.6130769230769,0.35,15.71,101.68,615911037.01,3986367552.08,2.91692692067458,4.09999999866501,70.9674793280753,80.5790166666667,39205031
DZA,2015,24.3753846153846,0.21,16.42,99.3,657120666.18,3973939229.7,4.78444700693894,3.20000000089023,72.5912032929841,100.691433333333,40019529
DZA,2016,24.8084615384615,0.63,11.77,100.28,480812986.17,4096510301.88,6.39769480268751,3.90000000017621,69.8380710329262,109.443066666667,40850721
DZA,2017,24.2330769230769,1.46,17.15,98.18,714971477.85,4093055375.82,5.5911159096167,1.49999999895587,71.0633951979821,110.973016666667,41689299
DZA,2018,24.5392307692308,1.02,13.39,98.4,569142418.65,4182495444,4.26999020467083,1.40000000088281,73.341677611896,116.593791666667,42505035
DZA,2019,24.3269230769231,0.86,16.13,98.38,698341026.98,4259317435.48,1.95176821052892,0.899999999219148,71.5054716604823,119.353558333333,43294546
DZA,2020,25.1623076923077,0.31,11.57,104.68,509566992.87,4610326085.88,2.41513094083414,-4.99999999908597,84.871788930535,126.7768,44042091
DZA,2021,25.8138461538462,0.56,8.87,110.45,397030948.13,4943863384.55,7.22606307415475,3.79999999900707,79.8260317736638,135.064058333333,44761099
DZA,2022,25.2769230769231,0,9.16,103.76,416572883.24,4718733882.64,9.26551551551555,3.60000000094915,71.6469589045431,141.994975,45477389
DZA,2023,25.5769230769231,0.03,13.22,111.72,610290975.18,5157466546.68,9.32217375928319,4.10000000005964,72.3307737196533,135.842933333333,46164219
ECU,1990,16.9553846153846,63.41,13.83,0.25,144850897.59,2618418.25,48.5191129963729,3.67991405308877,13.920982233012,767.750833333333,10473673
ECU,1991,17.0569230769231,56.48,12.74,0.48,136348321.2,5137142.40000001,48.718080675219,4.29134246404705,13.2360120208729,1046.24933333333,10702380
ECU,1992,17.3423076923077,54.26,9.9,1.35000000000001,108208267.2,14755672.8000001,54.6078215093597,2.11431064978969,12.9791725558397,1533.96166666667,10930128
ECU,1993,16.8761538461538,68.5,14.61,0,162963943.14,0,44.9550537592163,1.97321813678619,18.1993423267319,1919.105,11154274
ECU,1994,16.8353846153846,64.76,15.14,0,172175062.58,0,27.3108817940496,4.25825042741626,21.1128285729422,2196.72833333333,11372197
ECU,1995,17.36,52.17,8.83,0.510000000000002,102344238.62,5911162.14000002,22.9341344145802,2.25254865225104,20.9518042357402,2564.49416666667,11590514
ECU,1996,16.9353846153846,60.79,14.16,0.32,167243052,3779504,24.4114592150674,1.73174762607862,22.8149524757757,3189.47416666667,11810950
ECU,1997,17.42,59.2,8.95,1.41,107678586.65,16963889.0700001,30.6575675722173,4.32786475767577,22.2925736509208,3998.26666666667,12031127
ECU,1998,17.7123076923077,65.15,6.95,3.21,85145728.8,39326300.64,36.0984331623885,3.26652934570988,18.7630942246312,5446.5729,12251184
ECU,1999,16.6669230769231,65.65,17.33,0,216118877.35,0,52.2420051858225,-4.73938585363382,13.1456625643925,11786.8016666667,12470795
ECU,2000,17.2876923076923,33.38,11.79,2.53,149605738.74,32103691.18,96.0963756926097,1.09180164720277,21.6446761777991,1,12689206
ECU,2001,17.2738461538462,50.05,10.71,1.27,138274025.4,16396639.8,37.6767454518094,4.20627185748789,21.6177136518247,1,12910740
ECU,2002,16.9784615384615,72.25,13.28,0,174478908.16,0,12.4835980082095,4.92809549611376,25.1549978028211,1,13138472
ECU,2003,17.1184615384615,73.55,11.81,0.349999999999998,157926933.86,4680307.09999997,7.92936487461556,2.88450036512064,25.9100625450344,1,13372306
ECU,2004,17.0846153846154,74.9,12.55,0.650000000000002,170789197.55,8845655.65000003,2.74323198926705,6.83239736646514,28.3514751194255,1,13608701
ECU,2005,18.6592307692308,20.09,0.0399999999999992,8.61,553846.519999988,119215463.43,2.16827701183721,5.39862243994342,29.6186201100235,1,13846163
ECU,2006,17.8969230769231,34.02,6.9,5.56,97194303.9000001,78318888.36,3.29874846258216,4.34113198577639,29.497177002651,1,14086131
ECU,2007,18.2984615384615,38.87,2.87,6.75,41123578.51,96719217.75,2.27618478002121,1.90242859700484,31.3915215103295,1,14328773
ECU,2008,17.0838461538462,69.23,12.95,1.04,188748865.9,15158210.08,8.40009593987462,6.56492068224719,31.7120206715018,1,14575202
ECU,2009,17.5938461538462,49.36,6.57,1.29,97406517.78,19125480.66,5.15996829181047,1.0910129698311,34.5502787587342,1,14825954
ECU,2010,18.0576923076923,42.6,2.4,3.15,36184068,47491589.25,3.55437734567847,4.02913787986621,35.4739834890087,1,15076695
ECU,2011,17.2430769230769,63.77,10.1,0.259999999999998,154794892.7,3984819.01999997,4.47453265795836,8.48147656332823,35.6943376986956,1,15326227
ECU,2012,16.9676923076923,72.32,13.91,0.490000000000002,216609218.54,7630375.06000003,5.10172180958668,5.783212336172,37.5849613554665,1,15572194
ECU,2013,17.1869230769231,74.69,11.08,0.510000000000002,175142978.24,8061635.28000002,2.72177577710365,7.21123653679159,38.911990511496,1,15807128
ECU,2014,17.4730769230769,50.45,7.6,0.75,121866942.4,12026343,3.58922016616669,4.22606520388456,42.0489528162959,1,16035124
ECU,2015,17.2130769230769,111.49,10.71,0.48,174211269.75,7807788.00000001,3.96664623255353,0.119692109287612,42.2870573611702,1,16266225
ECU,2016,17.6723076923077,108.49,7.97,3.71,131545957.83,61234065.69,1.72826463324535,-0.687954245877947,49.5926738926826,1,16505139
ECU,2017,17.3853846153846,108.81,8.84000000000001,0.849999999999998,148154147.96,14245591.15,0.41733558866682,5.97039880954841,37.0884180365937,1,16759519
ECU,2018,17.0292307692308,110.02,13.16,0.539999999999999,224372038.52,9206755.37999998,-0.224103246005501,1.04429460679607,37.7350788960455,1,17049547
ECU,2019,17.2946153846154,88.91,9.79,0.620000000000001,169758805.59,10750813.02,0.266012515466146,0.1654044646003,41.0318926476983,1,17340021
ECU,2020,17.7576923076923,63.65,5.97,2.82,104750008.05,49479903.3,-0.338872392562181,-9.24509619165865,50.6387503454972,1,17546065
ECU,2021,17.17,90.2,11.38,0.59,201226326.52,10432647.86,0.133251386096379,9.42189269033631,51.002508212564,1,17682454
ECU,2022,17.1361538461539,96.95,11.33,0.100000000000001,201944753.01,1782389.70000003,3.46616972213076,5.86842354862311,51.8338318107803,1,17823897
ECU,2023,17.4953846153846,117.44,8.01,1.45,144020464.83,26071120.35,2.21568764237062,1.98823813984235,52.2801272287696,1,17980083
EGY,1990,21.3830769230769,0.06,18.63,62.61,1087928993.34,3656212252.98,,5.66702915715818,86.1250521920668,1.55,58396618
EGY,1991,21.3276923076923,0.15,20.9,64.16,1254606037.3,3851460447.52,,1.12540459520747,87.5234666666667,3.13800833333333,60028997
EGY,1992,20.2646153846154,0.13,27.89,57.33,1714695607.4,3524686237.8,,4.47285918408184,84.5389647735442,3.32174833333333,61480660
EGY,1993,21.2453846153846,0.03,22.08,64.27,1389178236.48,4043590817.87,,2.90079079959442,85.8077963917526,3.3525175,62915681
EGY,1994,21.1938461538462,0.1,23.24,64.76,1493997088.36,4163134743.64,,3.97317218034541,84.6335428571429,3.38513333333333,64285589
EGY,1995,21.1192307692308,0.06,22.4,62.95,1470618732.8,4132832554.9,,4.64245877240639,79.7874019607843,3.39220833333333,65652622
EGY,1996,21.5338461538462,0.08,16.6,62.54,1112665596.8,4191934121.92,,4.98873056512208,78.6414559721011,3.39148333333334,67028048
EGY,1997,21.0030769230769,0.14,21.19,60.23,1450068570.6,4121643700.2,,5.49235474302942,75.1547574276044,3.38875,68431740
EGY,1998,21.6146153846154,0.02,20.7,67.69,1447826185.8,4734461570.86,,5.575497460986,77.0256437021573,3.388,69943294
EGY,1999,21.6592307692308,0.05,17.45,65.02,1248040647.3,4650292429.08,,6.05343878467555,76.0433680104031,3.39525,71520954
EGY,2000,20.9384615384615,0.02,24.18,62.38,1767153807.12,4558935255.92,,6.37000382991766,76.7418994413408,3.47205,73083284
EGY,2001,21.7330769230769,0.01,18.33,66.86,1368371691.57,4991234658.94,,3.53525197391507,82.3782826874826,3.973,74652029
EGY,2002,21.9330769230769,0.04,17.62,68.75,1343333593.94,5241440668.75,,2.39020402573726,87.8365003958828,4.49966666666667,76239137
EGY,2003,21.8153846153846,0,18.8,68.4,1463646702.4,5325182683.2,,3.19345473739745,96.6788502994012,5.850875,77853548
EGY,2004,21.8669230769231,0.03,15.78,66.05,1254154050.54,5249485110.15,,4.0920716112534,96.6786258633835,6.19624166666666,79477443
EGY,2005,21.6269230769231,0.04,16.99,64.14,1377906057.96,5201818396.56,,4.47174447174434,97.137842448468,5.77883333333333,81101004
EGY,2006,21.4553846153846,0.01,18.96,63.88,1567999640.88,5282901743.64,,6.84383819379117,97.3873117113486,5.73316666666666,82700403
EGY,2007,21.7238461538462,0.02,18.15,66.56,1529613483.75,5609425536,,7.08782742681038,96.2064140574651,5.63543333333334,84276225
EGY,2008,22.0407692307692,0.13,18.64,71.17,1600519666.96,6110997033.13,,7.15628356605819,88.4042515689559,5.4325,85864789
EGY,2009,21.7861538461539,0,16.89,66.11,1477902632.04,5784733155.96,,4.67359979952391,83.1559011993859,5.54455330862977,87501636
EGY,2010,23.3469230769231,0.04,8.7,78.21,776005826.4,6976024791.12,,5.1472348575531,80.7455617272054,5.6219429176105,89196072
EGY,2011,21.0661538461539,0.23,21.77,61.63,1983095894.43,5614065226.17,10.0649259874818,1.7645719489982,75.7939119305135,5.93282765151515,91093059
EGY,2012,21.7030769230769,0.05,22.69,70.83,2113823112.69,6598593700.83,7.11172943343081,2.22619979863525,69.7154590593826,6.05605833333333,93161001
EGY,2013,21.7123076923077,0.11,15.71,63.97,1497690117.63,6098487385.41,9.46971981064917,2.18546605362143,74.6118357615808,6.870325,95333553
EGY,2014,22.13,0.03,14.31,68,1395635038.74,6631948472,10.0702154687481,2.91591187985748,75.4426483751864,7.07760856060606,97528654
EGY,2015,22.0423076923077,0.04,17.35,69.9,1728013883.7,6961854205.8,10.370490343517,4.37201907790141,77.9858778916977,7.69125833333333,99597342
EGY,2016,22.1184615384615,1.02,18.79,72.33,1909901827.31,7351953122.37,13.813606214829,4.34664345555447,98.136132366497,10.0254007885465,101644589
EGY,2017,21.5546153846154,0.21,21.97,68.18,2278202372.29,7069997166.26,29.5066083940039,4.18122099994778,87.6024678721874,17.7825335150636,103696057
EGY,2018,22.7376923076923,0.15,15.01,76.6,1586288230.94,8095248400.4,14.4014657807422,5.3311086189448,77.765221186773,17.7672904218107,105682094
EGY,2019,22.1169230769231,0.24,20.51,74.03,2205915270.58,7962160286.74,9.15279959324804,5.55209307156956,73.4545303449416,16.7705818428763,107553158
EGY,2020,21.9969230769231,0.28,18.2,70.16,1989535256.8,7669549099.84,5.04493288977539,3.55016483786838,79.9747249270848,15.7591729166667,109315124
EGY,2021,22.35,0.18,16.03,72.58,1778640838.24,8053259640.64,5.21404940513041,3.29064601202211,87.3864940734796,15.6445272777113,110957008
EGY,2022,21.6092307692308,0.1,22.75,69.67,2562065187.5,7846113477.5,13.8956609775178,6.58784560886967,94.3926097523093,19.1604397412204,112618250
EGY,2023,22.6976923076923,0.39,14.96,76.03,1713455149.12,8708154745.16,33.8847763115546,3.76028052279247,87.4174690822081,30.6264136980311,114535772
ESP,1990,13.1207692307692,11.51,84.51,21.08,3284677382.22,819323147.76,6.72181952228657,3.7813935513235,,101.933916666667,38867322
ESP,1991,12.4776923076923,11.71,93.2,21.41,3631666243.2,834270110.16,5.93421344335924,2.54600049647455,,103.911583333333,38966376
ESP,1992,12.51,12.32,84.81,13.44,3320963264.85,526279286.4,5.9245312622849,0.929215482921151,,102.379083333333,39157685
ESP,1993,11.8207692307692,15.26,93.09,12.76,3664139879.58,502249703.12,4.56907173681812,-1.03149183695307,,127.260416666667,39361262
ESP,1994,13.3769230769231,11.2,79.32,19.22,3137035246.56,760133855.76,4.7184137396733,2.38319537908909,,133.957955,39549108
ESP,1995,13.7769230769231,13.2,71.26,16.36,2830735803,649885458,4.67380337624704,2.75749400293542,,124.689,39724050
ESP,1996,12.5261538461539,20.49,85.06,13.9,3393030811.12,554468942.8,3.55884559338557,2.60741117110229,,126.661583333333,39889852
ESP,1997,13.2838461538462,24.04,73.25,11.94,2934203744.25,478285224.66,1.97107395582927,3.58729972356299,,146.413628333333,40057389
ESP,1998,12.6661538461539,16.37,85.26,15.92,3429456377.34,640358263.28,1.8343299990841,4.30197745333581,,149.395331666667,40223509
ESP,1999,12.8707692307692,14.17,85.12,18.44,3437730800,744733975,2.31034813987067,4.40886545305924,,0.938283072395283,40386875
ESP,2000,12.9,16.88,82.93,16.63,3364292961.52,674643578.32,3.43351563418767,5.20064125553942,,1.08270508132602,40567864
ESP,2001,12.9738461538462,13.72,83.39,18.05,3406515856.68,737349936.6,3.58983413338112,3.91908880808811,,1.11653308564462,40850412
ESP,2002,13.2023076923077,16.55,78.02,15.65,3232490155.16,648403882.7,3.06565685902219,2.75545611564098,,1.05755899623965,41431558
ESP,2003,13.57,18.18,82.11,24.52,3464027530.95,1034441055.4,3.03888839396655,2.9392895953076,,0.88404792718493,42187645
ESP,2004,12.9292307692308,15.96,85.54,19.62,3671538898.3,842127579.9,3.03924881090924,3.1145314799161,,0.803921647747618,42921895
ESP,2005,13.2784615384615,11.75,83.8,22.42,3658134389,978703735.1,3.36881409750383,3.5512255846125,,0.803800192161442,43653155
ESP,2006,13.8546153846154,17.39,75.1,21.21,3334238656.9,941667135.99,3.51557576832128,4.04343515605099,,0.796432730949102,44397319
ESP,2007,12.5784615384615,15.43,83.6,13.12,3780960730.8,593375655.36,2.78679745804946,3.53350013165972,,0.729672399984083,45226803
ESP,2008,12.7730769230769,18.68,82.48,14.53,3790294662.88,667713160.18,4.07534335957339,0.767165748290694,,0.679922680042729,45954106
ESP,2009,13.8276923076923,13.21,76.37,22.13,3540738186.02,1026011994.98,-0.287813083535244,-3.76813306940053,,0.716957702016136,46362946
ESP,2010,12.5069230769231,19.9,89.91,18.5,4187728809.27,861672594.5,1.79986457728772,0.0941223116369514,,0.754308990105961,46576897
ESP,2011,13.9569230769231,14.82,71.86,19.3,3358930206.42,902134052.1,3.19610188833784,-0.639920636520344,,0.718413898653317,46742697
ESP,2012,13.2823076923077,12.59,82.4,21.07,3854099732,985508268.85,2.44612782366812,-2.86511368637748,,0.778338120416812,46773055
ESP,2013,12.6446153846154,14.69,88.86,19.24,4141248945.42,896664750.28,1.40858109183014,-1.42732224757626,,0.752945122701996,46604197
ESP,2014,13.8292307692308,17.51,71.95,17.73,3342849739.35,823748796.09,-0.151114837527205,1.52048593647231,,0.752728196932603,46460733
ESP,2015,14.24,11.36,71.13,22.25,3302018412.39,1032896241.75,-0.50036570990325,4.06086672473866,,0.901296423367096,46422303
ESP,2016,13.7576923076923,19.28,78.28,23.13,3636743120.92,1074576755.07,-0.20259800042646,2.91515598595787,,0.903421436257263,46458139
ESP,2017,14.3953846153846,11.04,69.42,22.56,3232974925.44,1050646993.92,1.95607633363965,2.89604207865007,,0.885205508269372,46571232
ESP,2018,13.3661538461539,22,81.86,21.62,3829575420.46,1011427077.82,1.67498136863794,2.39541124478878,,0.846772667108111,46782011
ESP,2019,14.13,14.11,71.98,21.67,3391589701.98,1021057916.67,0.699518994458692,1.96117850841711,,0.893276257067409,47118501
ESP,2020,13.9784615384615,20.25,72.34,20.06,3425980732.16,950030045.44,-0.322753017299685,-10.9400706350371,,0.875506396987998,47359424
ESP,2021,13.3584615384615,18.91,78.93,18.59,3744740791.53,881980632.39,3.09313511976412,6.68314420473001,,0.84549413889045,47443821
ESP,2022,15.0369230769231,16.01,66.32,27.8,3169174284.64,1328453635.6,8.39057634118634,6.17931219966114,,0.949623753156941,47786102
ESP,2023,14.3723076923077,20.75,68.64,21.48,3318600542.4,1038513106.8,3.53236133492429,2.6756634629066,,0.924839558470698,48347910
FIN,1990,3.63153846153846,31.79,186.79,0,931415446.49,0,6.14956531179849,0.691649917806032,,3.823505,4986431
FIN,1991,3.24,32.08,191.88,0,962036431.2,0,4.31021289843465,-5.88059618513641,,4.04397916666667,5013740
FIN,1992,3.14769230769231,28.94,193.08,0,973507815.36,0,2.91932319285012,-3.31137361706595,,4.47944,5041992
FIN,1993,2.50461538461539,25.12,201.44,0,1020585083.68,0,2.19065319556436,-0.779815061561479,,5.71229166666667,5066447
FIN,1994,2.22461538461539,27.94,205.77,0.690000000000001,1047026281.41,3510949.77000001,1.08855677589404,3.96437283726799,,5.2235125,5088333
FIN,1995,3.22615384615385,26.6,192.06,0,981002147.4,0,0.791239406938499,4.23436710187066,,4.36666666666667,5107790
FIN,1996,2.10384615384615,30.31,206.65,0,1058993010.45,0,0.629194238120968,3.66265716987186,,4.59355,5124573
FIN,1997,2.95615384615385,25.51,196.23,0.66,1008589822.05,3392291.1,1.1925588342584,6.39770068404337,,5.191435,5139835
FIN,1998,2.07076923076923,32.15,207.08,0,1067186365.84,0,1.39947378579841,5.45427021765444,,5.34406583333333,5153498
FIN,1999,3.12692307692308,26.25,193.35,0,998744397.9,0,1.16223155669444,4.38928070374669,,0.938283072395283,5165474
FIN,2000,4.50538461538462,27.55,175.43,0,908062344.87,0,3.04210080667795,5.75373770498848,,1.08270508132602,5176209
FIN,2001,2.62692307692308,28.65,200.93,1.08,1042426447.44,5603048.63999999,2.57844080098896,2.64026205699308,,1.11653308564462,5188008
FIN,2002,2.84846153846154,22.27,197.54,0.57,1027326128.92,2964340.86,1.5712201278938,1.68732644358099,,1.05755899623965,5200598
FIN,2003,3.10384615384615,28.62,195.94,2.29,1021437963.16,11937802.06,0.877440386254785,2.01179992738312,,0.88404792718493,5213014
FIN,2004,3.23461538461538,29.36,191.95,0,1003547615.4,0,0.187120559084422,4.00537952277651,,0.803921647747618,5228172
FIN,2005,3.82615384615385,28.95,185.09,0.829999999999998,970999908.64,4354259.67999999,0.623874450025191,2.77730918518017,,0.803800192161442,5246096
FIN,2006,3.71307692307692,25.4,185.73,0,978103955.64,0,1.56666380704386,4.01957326515895,,0.796432730949102,5266268
FIN,2007,3.99384615384615,29.08,182.08,0,962970137.6,0,2.51066565240339,5.31280176694145,,0.729672399984083,5288720
FIN,2008,4.40769230769231,35.24,176.7,0,938877603.3,0,4.0659535535838,0.784431235717051,,0.679922680042729,5313399
FIN,2009,2.99538461538462,24.54,195.06,0,1041400177.26,0,-0.000000917360392333758,-8.07603116552393,,0.716957702016136,5338871
FIN,2010,1.62692307692308,24.31,215.88,3.03,1157840429.76,16250956.56,1.18413523154647,3.1682879121621,,0.754308990105961,5363352
FIN,2011,4.42,30.71,178.2,1.66,960190070.4,8944531.52,3.4168075425521,2.39039455396828,,0.718413898653317,5388272
FIN,2012,2.51384615384615,33.89,201.32,0,1089940641.72,0,2.80833622561575,-1.52284013040689,,0.778338120416812,5413971
FIN,2013,4.22,28.47,179.14,0,974337444.08,0,1.47828615688808,-0.979741024949618,,0.752945122701996,5438972
FIN,2014,4.60538461538462,25.39,176.1,1.97,961772263.2,10759178.64,1.04119621178439,-0.4780684247837,,0.752728196932603,5461512
FIN,2015,4.85615384615385,27.92,170.87,0,936287461.97,0,-0.207928839905252,0.466503766322674,,0.901296423367096,5479531
FIN,2016,3.94846153846154,30.72,182.67,0,1003826999.01,0,0.356684500891724,2.57193414898754,,0.903421436257263,5495303
FIN,2017,3.54307692307692,31.76,187.94,0,1035213739.16,0,0.754015047084353,3.30337003591039,,0.885205508269372,5508214
FIN,2018,4.10153846153846,24.98,183.18,2.5,1010333869.5,13788812.5,1.08382098409304,1.19297759742292,,0.846772667108111,5515525
FIN,2019,3.89615384615385,30.9,183.35,0,1012386460.1,0,1.02409392963425,1.34973845741737,,0.893276257067409,5521606
FIN,2020,5.61461538461539,32.52,161.01,0,890311718.43,0,0.290554555653304,-2.49103605535707,,0.875506396987998,5529543
FIN,2021,3.28615384615385,34.74,193.99,2.71,1074901887.83,15016156.07,2.19457432340004,2.67634641498897,,0.84549413889045,5541017
FIN,2022,4.05538461538462,26.2,181.28,0,1007210895.68,0,7.12350773301401,0.763041912763526,,0.949623753156941,5556106
FIN,2023,3.54153846153846,33.73,187.96,0,1049551911.56,0,6.25064322154762,-0.946904862611035,,0.924839558470698,5583911
FJI,1990,24.5615384615385,68.8,0,85.3,0,65963854.8,,5.80000272386,49.460303030303,1.48090833333333,773316
FJI,1991,24.39,60.72,0,83.07,0,64766023.92,,-2.70000373096462,54.9344760039177,1.4755575,779656
FJI,1992,24.6353846153846,54.65,0,86.26,0,67743945.96,,6.10000190987678,55.8022316776659,1.50299083333333,785346
FJI,1993,23.9161538461539,59.36,0,76.91,0,60787279.79,,2.13003242138274,54.1789098116947,1.541775,790369
FJI,1994,24.1746153846154,55.22,0,80.27,0,63796268.17,,5.09999960852174,52.4256107141521,1.464125,794771
FJI,1995,24.6892307692308,52.6,0,86.96,0,69458952.16,,2.49999853846872,52.8466563210509,1.40633333333333,798746
FJI,1996,24.6938461538462,71.3,0,87.02,0,69945718.78,,4.80000043020962,49.4424209962507,1.4033,803789
FJI,1997,24.1653846153846,67.49,0,80.15,0,65092940.85,,-2.1999993686925,44.6710630965005,1.443675,812139
FJI,1998,25.0861538461539,39.93,0,92.12,0,75746406.96,,1.30000045153811,40.8210686558076,1.98681666666667,822258
FJI,1999,24.6546153846154,86.98,0,86.51,0,71961440.28,,8.79999871927239,39.948401982119,1.969625,831828
FJI,2000,24.7061538461539,92.76,0,87.18,0,73310446.62,,-1.69999841605511,41.9930856870924,2.128625,840909
FJI,2001,24.8123076923077,67.63,0,88.56,0,75240221.76,,2.00000014675206,44.4657168176502,2.27660294602613,849596
FJI,2002,24.7115384615385,71.2,0,87.25,0,74864775.25,,3.19999911373267,50.5143273942432,2.1867833500115,858049
FJI,2003,24.7453846153846,55.27,0,87.69,0,75964619.34,,0.999999344757299,53.9988320664037,1.89576838179997,866286
FJI,2004,24.7661538461539,57.48,0,87.96,0,76909233.36,,5.29999970460935,54.9281536807228,1.73310167837133,874366
FJI,2005,24.9269230769231,64,0,90.05,0,79458228.95,,0.700000402432437,58.9053852775794,1.69104621571552,882379
FJI,2006,24.7430769230769,58.95,0,87.66,0,78049395.9,,1.85248387199486,68.1585877604822,1.73126493278745,890365
FJI,2007,25.2492307692308,78.68,0,94.24,0,84611687.68,,-0.850654310045826,72.2557771542802,1.61041379610359,897832
FJI,2008,24.9007692307692,84.14,0,89.71,0,81043924.29,,1.03279422025967,65.4790014641185,1.59403441077344,903399
FJI,2009,24.1515384615385,81.34,0,79.97,0,72551902.83,3.13103559015965,-1.38603770763581,70.1263571777471,1.95809503538886,907239
FJI,2010,25.2853846153846,64.33,0,94.71,0,86225783.49,3.68901229670766,2.95467242212241,67.6410823586535,1.91850867822547,910419
FJI,2011,24.85,78.49,0,89.05,0,81301670.45,7.27811782708494,2.70514302901049,66.856629131097,1.79088383126012,912989
FJI,2012,24.6030769230769,90.13,0,85.84,0,78536561.12,3.42337523401979,1.41131438177968,67.6528843396108,1.78989281741094,914918
FJI,2013,24.95,74.52,0,90.35,0,82792403.2,2.91354193604001,4.73421948956532,74.1727541985573,1.84147661706532,916352
FJI,2014,24.78,55.37,0,88.14,0,80875941.9,0.519306474579164,5.60351440618308,68.9197297147808,1.88734535831922,917585
FJI,2015,24.6438461538462,49.79,0,86.37,0,79337581.86,1.37488542621438,4.50120041028764,73.2870308257235,2.09762981633101,918578
FJI,2016,25.1707692307692,67.48,0,93.22,0,85684654.52,3.86322538221276,2.44565179664174,73.4274552967453,2.09469593918508,919166
FJI,2017,25.0953846153846,73.37,0,92.24,0,84746330.16,3.34757834757835,5.35336455965106,74.0676395921425,2.06687530381454,918759
FJI,2018,25.0007692307692,74.23,0,91.01,0,83472551.8,4.0814763764453,3.81235122208518,72.0751921139217,2.08737978924997,917180
FJI,2019,24.9876923076923,81.46,0,90.84,0,83109425.16,1.77310182460277,-0.581946709343811,73.6611064903087,2.16039311531464,914899
FJI,2020,25.1092307692308,121.82,0,92.42,0,84560880.46,-2.59524325887374,-17.0386673704039,91.0157497742368,2.16880492424242,914963
FJI,2021,25.0569230769231,95.29,0,91.74,0,84099067.14,0.155855722131513,-4.88103619598493,109.363078749238,2.07063333333333,916711
FJI,2022,25.4492307692308,89.7,0,96.84,0,89036826.48,4.52019266394958,19.7927266886699,93.6396326674141,2.2014069869585,919422
FJI,2023,25.0838461538462,85.52,0,92.09,0,85104513.05,2.14817440623892,7.5242913513424,90.9830142011819,2.250125,924145
FRA,1990,10.3392307692308,20.71,104.1,4.51,6064971349.2,262757164.12,3.19428338029476,2.82962715326478,,5.445275,58261012
FRA,1991,9.39538461538462,19.38,117.39,5.53,6873682468.38,323804958.26,3.21340732409687,1.23666248297356,,5.64211666666667,58554242
FRA,1992,9.24307692307692,32.72,115.83,1.99,6816199824.72,117104702.16,2.36376046269354,1.5160611169627,,5.29381583333333,58846584
FRA,1993,8.79846153846154,31.76,119.62,0,7069912104.28,0,2.10446277124644,-0.35899781051468,,5.66323,59103094
FRA,1994,9.88230769230769,39.64,108.59,3.06,6442086873.17,181534080.78,1.65551532926993,2.38366086110145,,5.552045,59324863
FRA,1995,9.37692307692308,30.38,114.89,2.79,6840699267.66,166120210.26,1.79648142095594,2.30479278392259,,4.9914825,59541294
FRA,1996,8.51538461538462,29.62,123.3,0,7367730343.2,0,1.98288365089738,1.39707987198881,,5.1155225,59754504
FRA,1997,9.95307692307692,27.92,107.86,3.25,6468155598.76,194896214.5,1.20394294026963,2.5270616339357,,5.83669166666667,59968066
FRA,1998,8.97307692307692,28.2,118.26,0.91,7118150289.84,54773522.44,0.651126867833041,3.45259434279616,,5.89951566666667,60190684
FRA,1999,9.31846153846154,33.11,113.86,1,6888756125.96,60501986,0.537141639134644,3.39930808809441,,0.938283072395283,60501986
FRA,2000,9.66153846153846,30.42,109.48,1.08,6669375006.28,65792153.8799999,1.67595988720928,4.14099996402915,,1.08270508132602,60918661
FRA,2001,9.01307692307692,27.91,117.69,0.859999999999999,7221973529.13,52773364.22,1.63478079549602,1.89946701186636,,1.11653308564462,61364377
FRA,2002,9.89615384615385,25.62,105.35,0,6511909159.7,0,1.9234122872706,1.06775027069419,,1.05755899623965,61812142
FRA,2003,10.3592307692308,22.57,111.12,11.79,6917203887.6,733925790.45,2.09847219146923,0.967827182558352,,0.88404792718493,62249855
FRA,2004,8.95769230769231,30.47,117.55,0,7371276969.4,0,2.14208964640241,2.86825052501032,,0.803921647747618,62707588
FRA,2005,8.93307692307692,28.08,118.5,0.629999999999999,7486931199,39803938.0199999,1.74586936380482,1.88856584109286,,0.803800192161442,63180854
FRA,2006,9.68846153846154,34.84,111.52,3.47,7095163579.84,220769526.74,1.67512449608723,2.71406448755236,,0.796432730949102,63622342
FRA,2007,9.18384615384615,30.91,114.61,0,7336975762.9,0,1.4879980595386,2.53048188351066,,0.729672399984083,64016890
FRA,2008,8.83615384615385,34.59,119.13,0,7669007569.08,0,2.81286194914787,0.380171435849121,,0.679922680042729,64375116
FRA,2009,9.46538461538462,26.11,112.94,1.99,7307944881.84,128765807.64,0.0876204781574486,-2.82455153714783,,0.716957702016136,64706436
FRA,2010,8.15692307692308,31.74,128.96,1,8385780170.56,65026211,1.53112270420927,2.00032476039051,,0.754308990105961,65026211
FRA,2011,10.4684615384615,24.52,98.56,0.649999999999999,6439992204.8,42471539.4999999,2.11159795174999,2.43757653729007,,0.718413898653317,65340830
FRA,2012,9.36230769230769,27.27,114.1,1.81,7491538891.9,118840362.79,1.95419531613501,0.183835264973013,,0.778338120416812,65657659
FRA,2013,8.67461538461539,30.14,122.74,1.51,8100586173.68,99656877.3200001,0.863715497861873,0.781756446231,,0.752945122701996,65997932
FRA,2014,10.2807692307692,30.17,100.35,0,6654415923.45,0,0.507758822937963,0.997832947295251,,0.752728196932603,66312067
FRA,2015,10.39,23.13,104.62,5.69,6962280216.64,378659667.68,0.0375143805125298,1.06675474783462,,0.901296423367096,66548272
FRA,2016,9.74384615384615,31.44,108.88,1.55,7264920443.52,103422361.2,0.183334861123829,0.860031075424033,,0.903421436257263,66724104
FRA,2017,9.85384615384615,28.17,108.49,2.59,7259935989.8,173317671.8,1.03228275064667,2.08361485997399,,0.885205508269372,66918020
FRA,2018,10.6238461538462,27.65,100.71,4.82,6763517227.08,323703237.36,1.85081508315501,1.64590872395887,,0.846772667108111,67158348
FRA,2019,10.6707692307692,26.32,101.77,6.49,6857472347.97,437309575.89,1.10825492288292,2.02744646419237,,0.893276257067409,67382061
FRA,2020,10.8676923076923,27.01,97.08,4.36,6562715758.8,294740839.6,0.476498852725014,-7.44064589948231,,0.875506396987998,67601110
FRA,2021,9.43461538461539,29.15,111.35,0,7554297004.85,0,1.64233141038393,6.88233783360239,,0.84549413889045,67842811
FRA,2022,11.5184615384615,22.49,91.4,7.14,6221142371,485984207.1,5.22236748369736,2.57084047567793,,0.949623753156941,68065015
FRA,2023,11.3823076923077,28.25,93.55,7.52,6388294408.85,513521902.24,4.87835726508438,0.936487518850853,,0.924839558470698,68287487
GAB,1990,23.9123076923077,63.69,0,76.86,0,75609795.24,,5.19223727652398,16.3385165987906,272.264787954393,983734
GAB,1991,24.3592307692308,36.45,0,82.67,0,83564324.06,,6.11250348301178,18.8122826320151,282.10690880882,1010818
GAB,1992,24.3192307692308,53.97,0,82.15,0,85302917,,-3.09014565154393,16.3118641319768,264.691800750579,1038380
GAB,1993,24.1138461538462,58.59,0,79.48,0,84757869.4,,3.94655500790242,15.5019466436728,283.162579500018,1066405
GAB,1994,23.8915384615385,53.24,0,76.59,0,83844604.8,,3.71275484108966,14.0101531115392,555.204695655697,1094720
GAB,1995,23.9153846153846,59.17,0,76.9,0,86375079.7,,4.97384776335103,14.5022624434389,499.14842590131,1123213
GAB,1996,23.9438461538462,50.9,0,77.27,0,89016199.05,,3.62504902027987,14.4457909914859,511.552430272516,1152015
GAB,1997,24.2261538461539,46.25,0,80.94,0,95625672.66,,5.73836739483843,15.0597278955325,583.669372353396,1181439
GAB,1998,25.4438461538462,49.37,0,96.77,0,117259692.72,,3.47783358718901,17.3756143667297,589.951774567332,1211736
GAB,1999,23.9630769230769,64.76,0,77.52,0,96358600.32,,-8.93262280230105,15.5283873214908,615.473349319164,1243016
GAB,2000,24.1292307692308,68.02,0,79.68,0,101637576.96,,-1.88296639760897,14.6141289285516,710.207977031367,1275572
GAB,2001,23.9676923076923,54.33,0,77.58,0,101597914.62,,2.13523342197423,14.9309274080002,732.397693260228,1309589
GAB,2002,24.6915384615385,55.85,0,86.99,0,117013293.65,,-0.249033168543434,15.5400858029116,693.713226496374,1345135
GAB,2003,24.5038461538462,61.6,0,84.55,0,116877692.5,,2.2473300115045,14.9614060138191,579.897426172466,1382350
GAB,2004,24.4130769230769,60.75,0,83.37,0,118519542.33,,0.689543058464849,15.1275938784615,527.338032291576,1421609
GAB,2005,24.5792307692308,54.24,0,85.53,0,125172727.35,,2.67620333310926,16.276362896511,527.258362649626,1463495
GAB,2006,24.6792307692308,50.17,0,86.83,0,130968901.71,,-2.80657835569052,17.4254300235645,522.425624895176,1508337
GAB,2007,24.1953846153846,78.37,0,80.54,0,125339327.98,,6.00810802487668,16.9536460055297,478.633718476363,1556237
GAB,2008,24.5107692307692,36.82,0,84.64,0,136031292,,-3.30843064878751,16.1294990713945,446.000041432788,1607175
GAB,2009,24.8938461538462,92.84,0,89.62,0,148908648.72,,0.130331119816617,20.3295668434207,470.293423341398,1661556
GAB,2010,24.1953846153846,125.08,0,80.54,0,138519054.66,,7.08988731455126,19.6607552438889,494.794262222947,1719879
GAB,2011,23.8376923076923,79.24,0,75.89,0,135234841.65,1.26331707837422,7.09175334258654,20.7023005295064,471.248625718937,1781985
GAB,2012,23.6923076923077,91.51,0,74,0,136669786,2.65241828695621,5.25107691750407,22.2869719996744,510.556338454251,1846889
GAB,2013,23.9584615384615,77.84,0,77.46,0,148185550.14,0.505441058915667,5.63869900338696,24.9315584459845,493.899623852237,1913059
GAB,2014,23.8561538461538,129.84,0,76.13,0,150615515.87,4.69045751826286,4.31496444107469,23.4701903743794,493.757329875312,1978399
GAB,2015,24.0369230769231,79.38,0,78.48,0,160176816.72,-0.338795188753388,3.8788993950789,24.8968844551111,591.21169798261,2040989
GAB,2016,24.2746153846154,58.39,0,81.57,0,171321960.42,2.10670712784051,2.09144220829562,24.4547104671564,592.605615063022,2100306
GAB,2017,25.6261538461538,28.06,0,99.14,0,213835066,2.65192583143897,0.472642030911146,19.3624163679485,580.656749587858,2156900
GAB,2018,26.0738461538462,28.73,0,104.96,0,232204897.28,4.74906652083221,0.83791658082157,23.8697156154116,555.446458398226,2212318
GAB,2019,26.7169230769231,20.1,0,113.32,0,256976443.92,2.46456756151188,3.92080879452831,22.9275910548301,585.911013180369,2267706
GAB,2020,25.7961538461539,43.12,0,101.35,0,235389327.65,1.35276110675338,-1.8377610635094,,575.586004510945,2322539
GAB,2021,25.2846153846154,39.05,0,94.7,0,225075573.4,1.08690746519409,1.46795731508091,,554.530675033104,2376722
GAB,2022,25.4738461538462,38.31,0,97.16,0,236171378.52,4.23124798274575,3.03761449525692,,623.759700911182,2430747
GAB,2023,26.0992307692308,36.23,0,105.29,0,261623433.81,3.62901534185377,2.44588083096593,,606.569750165917,2484789
GBR,1990,7.48538461538462,43.44,136.69,0,7825172530.34,0,8.06346090938832,0.733755470094508,84.9601980271995,0.563177166666667,57247586
GBR,1991,6.80538461538462,38.23,145.53,0,8357045260.41,0,7.46178295746934,-1.10312166586773,82.0672689616431,0.567015333333333,57424897
GBR,1992,6.84769230769231,40.44,144.98,0,8348006681.96,0,4.5915492957746,0.401082085841935,56.4625020456135,0.569774166666667,57580402
GBR,1993,6.32846153846154,37.5,151.73,0,8757645302.22,0,2.55857796929706,2.48983092921434,56.1429859240901,0.666756553333333,57718614
GBR,1994,6.73923076923077,38.02,146.39,0,8470966410.55,0,2.21901260504204,3.84600918007958,57.4022136458059,0.653426604166667,57865745
GBR,1995,7.24461538461539,34.71,139.82,0,8112220774.6,0,2.69749518304432,2.53167000543779,60.4050032576349,0.63366812,58019030
GBR,1996,6.34769230769231,35.67,151.48,0,8811129586,0,2.85178236397749,2.58199387517438,64.7478606978295,0.640958255,58166950
GBR,1997,7.58846153846154,39.02,135.35,0,7893199723.9,0,2.20114313510882,4.92464829983174,77.5617916834923,0.610836114166667,58316954
GBR,1998,7.29,46.22,139.23,0,8143164641.43,0,1.82056163731556,3.40265822823224,89.4965553364493,0.603823594166667,58487141
GBR,1999,7.41923076923077,38.43,137.55,0,8071773198.3,0,1.7529508005142,3.05832327041962,89.4239912273975,0.618056845,58682466
GBR,2000,7.20153846153846,43.84,140.38,0,8267331115.32,0,1.18295624210409,4.34163419265596,94.1291044667645,0.660930833333333,58892514
GBR,2001,6.84230769230769,36.5,145.05,0,8575308568.65,0,1.53234960272418,2.57278043964686,98.3795975168719,0.694655,59119673
GBR,2002,7.46692307692308,49.24,136.93,0,8129599689.47,0,1.52040245947455,1.79566074059649,99.3650535193157,0.667223333333333,59370479
GBR,2003,7.69769230769231,33.95,133.93,0,7988599987.61,0,1.37650038542013,3.15234651882265,103.300634012909,0.6124725,59647577
GBR,2004,7.71076923076923,47,133.76,0,8023982172.8,0,1.39039756680422,2.45790443810543,107.930974258243,0.54618,59987905
GBR,2005,7.65538461538462,41.64,134.48,0,8122754182.88,0,2.0891364902507,2.73266076681189,116.192540620226,0.549998333333333,60401206
GBR,2006,7.87692307692308,42.1,131.6,0,8007441512,0,2.45566166439291,2.38069403532468,125.972291476171,0.543486666666667,60846820
GBR,2007,7.68153846153846,39.89,134.14,0,8225795186.82,0,2.38656150773327,2.62487995340285,139.033507549023,0.499771666666667,61322463
GBR,2008,7.20692307692308,49.81,140.31,0,8672139468.45,0,3.52140856342538,-0.248797260756646,158.753953313253,0.54396625,61806995
GBR,2009,7.31307692307692,45.01,138.93,0,8652042191.1,0,1.9617317356011,-4.62055370768425,163.239403460617,0.641919263495996,62276270
GBR,2010,6.06538461538462,36.88,155.15,0,9738201529.75,0,2.49265472467066,2.23331508815346,163.447112536883,0.647179345560165,62766365
GBR,2011,7.53384615384615,47.18,136.06,0,8606993688.6,0,3.85611244682819,1.13836239840663,151.148329613839,0.624140835740495,63258810
GBR,2012,6.73461538461539,48.09,146.45,0,9330475950,0,2.57323479654526,1.50899834668228,147.76817823104,0.633046988857327,63711000
GBR,2013,6.74692307692308,36.22,146.29,0,9382894310,0,2.29166666666667,1.79992149702836,145.145350114963,0.639660577613477,64139000
GBR,2014,7.89153846153846,43.08,131.41,0,8491714200,0,1.45112016293279,3.19463731938923,135.302828035766,0.607729626878255,64620000
GBR,2015,7.00153846153846,46.42,142.98,0,9306282240,0,0.36804684232537,2.22288842280334,134.09082726352,0.654545478931426,65088000
GBR,2016,7.16846153846154,40.29,140.81,0,9238121670,0,1.00841736811403,1.92171009934007,140.27545069528,0.740634463697084,65607000
GBR,2017,7.40692307692308,44.52,137.71,0,9084177860,0,2.55775577557753,2.65650487566202,145.286777988957,0.776976682344123,65966000
GBR,2018,7.37230769230769,39.61,138.16,0,9158488240,0,2.29283990345937,1.40519025981538,148.023745716219,0.749531540259847,66289000
GBR,2019,7.51615384615385,42.34,136.29,0,9081138990,0,1.73810460086515,1.62447518038404,140.670149033918,0.783445110011929,66631000
GBR,2020,7.68076923076923,44.73,134.15,0,8953707600,0,0.989486703772449,-10.296918859171,163.893698365475,0.779999576697153,66744000
GBR,2021,7.56461538461539,42.38,135.66,0,9087049440,0,2.5183710961421,8.57595087393024,165.529666579155,0.727064944688323,66984000
GBR,2022,8.23384615384615,39.84,126.96,0,8583003840,0,7.92204883147907,4.83908517877134,162.626364178991,0.811301715827773,67604000
GBR,2023,8.19076923076923,44.49,127.52,0,8734099840,0,6.79396706793964,0.39708234553963,147.557654678674,0.804538906734353,68492000
GHA,1990,27.0661538461539,41.1,0,117.86,0,1814413213.28,,3.32881788321653,14.1420904200405,0.032615621953405,15394648
GHA,1991,26.8284615384615,52.14,0,114.77,0,1811930915.92,,5.28182639834429,15.5627800944911,0.0367633074820789,15787496
GHA,1992,26.5507692307692,36.36,0,111.16,0,1799108481.8,,3.87941908037517,20.5258743254694,0.0436851673835125,16184855
GHA,1993,26.6638461538462,50.38,0,112.63,0,1868477524.97,,4.85000055379412,19.8354562123912,0.0648711875896057,16589519
GHA,1994,26.7415384615385,40.92,0,113.64,0,1931106111.6,,3.29999973947747,22.5131258405379,0.0955682388545159,16993190
GHA,1995,26.7130769230769,51.38,0,113.27,0,1970786655.59,,4.11241897162861,21.6429944399293,0.119913872960145,17399017
GHA,1996,26.9861538461539,43.4,0,116.82,0,2080585344.42,,4.60246115564627,20.5961071375025,0.163547167575201,17810181
GHA,1997,26.5361538461539,52.09,0,110.97,0,2023977169.26,,4.19635744019571,23.8419648702651,0.204796277898216,18238958
GHA,1998,28.3569230769231,28.24,0,134.64,0,2516157167.04,,4.70039078427911,22.8573763581591,0.231165900582341,18688036
GHA,1999,27.0030769230769,44.3,0,117.04,0,2241300082.56,4.86539785077533,4.39999682545296,24.0928291330063,0.266642972407191,19149864
GHA,2000,27.5384615384615,29.86,0,124,0,2434998788,40.240933123914,3.70000008164408,28.1661733054676,0.544919175868766,19637087
GHA,2001,27.7615384615385,32.97,0,126.9,0,2559201056.1,41.509496287803,4.00000012807919,31.4453255740362,0.716305157808996,20167069
GHA,2002,27.6307692307692,36.16,0,125.2,0,2595319377.6,9.36093239560312,4.49999955900331,34.1082281365568,0.792417084313167,20729388
GHA,2003,27.4361538461539,42.25,0,122.67,0,2612466802.35,29.7729797160384,5.200000133101,31.0459269884883,0.866764326525345,21296705
GHA,2004,26.9030769230769,44.98,0,115.74,0,2531036810.52,18.0427388232565,5.59999999077445,32.7225904303127,0.899494854007063,21868298
GHA,2005,27.1915384615385,37.64,0,119.49,0,2682483346.62,15.4389920155908,5.90000381855104,32.1100295243883,0.905209485833333,22449438
GHA,2006,27.3838461538462,36.97,0,121.99,0,2810735236.98,11.6791839392492,6.39991260618034,22.7692547025883,0.915106799166667,23040702
GHA,2007,26.8323076923077,41.48,0,114.82,0,2714606474.78,10.7342665456292,4.34681910440079,25.7168116882847,0.932619195,23642279
GHA,2008,26.73,42.77,0,113.49,0,2752126371.54,16.494639613412,9.14979893831817,27.461460329864,1.052275,24249946
GHA,2009,27.1023076923077,43.75,0,118.33,0,2941999031.12,19.2469482220857,4.84448705175076,28.247021571746,1.40496666666667,24862664
GHA,2010,27.5161538461538,42.36,0,123.71,0,3151511631.45,10.7333898354915,7.89971194051621,29.619193066523,1.42998333333333,25474995
GHA,2011,26.8092307692308,39.45,0,114.52,0,2988409477.76,8.72845937093023,14.0471235803149,30.5490058881024,1.520625,26095088
GHA,2012,26.7053846153846,46.12,0,113.17,0,3025517109.56,11.1863409441067,9.2927894063005,30.3617418407418,1.82486666666667,26734268
GHA,2013,27.8415384615385,29.17,0,127.94,0,3503789532.42,11.6661923071728,7.31252501678145,21.9527563428547,1.98135,27386193
GHA,2014,27.8861538461539,37.07,0,128.52,0,3603905403.84,15.4896160333319,2.85624016330883,23.642550556526,2.896575,28041592
GHA,2015,27.3176923076923,38.32,0,121.13,0,3475954716.84,17.1499695007878,2.12075933817334,25.6702732096289,3.71464166666667,28696068
GHA,2016,27.3046153846154,46.66,0,120.96,0,3550991512.32,17.4546347070868,3.37346574966936,26.2807758335841,3.90981666666667,29356742
GHA,2017,27.2876923076923,41.47,0,120.74,0,3623208661.96,12.3719215507049,8.12889488100956,25.4883349966688,4.35053333333333,30008354
GHA,2018,26.8430769230769,47.81,0,114.96,0,3522096771.6,7.80876516610703,6.20007768127284,25.1273803325435,4.585325,30637585
GHA,2019,27.0676923076923,50.31,0,117.88,0,3684804436.6,7.14364003330856,6.5077747939152,26.3917474285807,5.21736666666667,31258945
GHA,2020,26.7392307692308,42.29,0,113.61,0,3622773980.49,9.88728956269943,0.513941670628171,30.8173156252875,5.59570833333333,31887809
GHA,2021,27.4269230769231,50.45,0,122.55,0,3985162395.75,9.97108867504442,5.07646643533542,31.7346169321872,5.8057,32518665
GHA,2022,26.4138461538462,58.01,0,109.38,0,3625854245.76,31.2558951049016,3.80484980952164,31.4880169437337,8.2724,33149152
GHA,2023,26.99,52.7,0,116.87,0,3948793509.18,38.1069656296501,3.14009099763754,29.9421010524738,11.0204083333333,33787914
GMB,1990,27.9476923076923,27.07,0,129.32,0,136393286.72,,3.55887936756983,20.6576480269643,7.87899218084407,1054696
GMB,1991,28.2107692307692,23.2,0,132.74,0,146008557.66,,3.10703922385581,10.7610676072524,8.73314083987557,1099959
GMB,1992,27.7507692307692,30.06,0,126.76,0,145213974.32,,3.37868879121812,11.6201286275464,8.89571491305405,1145582
GMB,1993,27.8953846153846,30.11,0,128.64,0,152871273.6,,3.01210137437499,12.0979229760388,9.11441947156806,1188365
GMB,1994,27.2384615384615,37.04,0,120.1,0,147389842.6,,0.154345959845131,11.1987945979985,9.58177096011339,1227226
GMB,1995,27.5692307692308,28.52,0,124.4,0,157280537.2,,0.881848240754678,12.1960209235368,9.54426481930989,1264313
GMB,1996,27.5823076923077,33.24,0,124.57,0,162116643.7,,2.22354563838627,11.6456005227025,9.7971734695093,1301410
GMB,1997,27.6107692307692,31.48,0,124.94,0,167280791.66,,4.89999910999681,14.5180162436799,10.2001666666667,1338889
GMB,1998,28.7192307692308,26.52,0,139.35,0,191883138.45,,3.49999870205306,14.6656020115126,10.6431,1376987
GMB,1999,27.4176923076923,34.42,0,122.43,0,173333822.97,,6.39999905009302,15.8371705771847,11.3950916666667,1415779
GMB,2000,27.9992307692308,21.32,0,129.99,0,189146369.16,,5.50000021632955,19.8005135837806,12.7876250950944,1455084
GMB,2001,28.9553846153846,14.59,0,142.42,0,212919466.62,,5.80000024323377,21.9530369649078,15.6871583333333,1495011
GMB,2002,29.4538461538462,12.92,0,148.9,0,228664389.9,,-3.25000014970206,27.8064606875408,19.917825,1535691
GMB,2003,28.3361538461539,33.66,0,134.37,0,211983590.07,,6.86999962173842,32.8986293120564,28.5305083333333,1577611
GMB,2004,28.0238461538462,30.28,0,130.31,0,211273166.72,,7.05000000064635,19.3787214454149,30.0300833333333,1621312
GMB,2005,27.8607692307692,36.95,0,128.19,0,213697473.03,,-2.35172936176019,20.5956797970838,28.5754333333333,1667037
GMB,2006,27.6215384615385,29.53,0,125.08,0,214546597,2.0565034236599,-0.555580977246521,25.8918162855536,28.065725,1715275
GMB,2007,27.9492307692308,28.28,0,129.34,0,228385209.16,5.36913473801957,3.04324950829739,25.6959111443614,24.8734333333333,1765774
GMB,2008,27.7146153846154,40.47,0,126.29,0,229576529.08,4.4436549094501,6.25590553394287,27.8833287099057,22.19235,1817852
GMB,2009,27.0538461538462,40.14,0,117.7,0,220266369.4,4.56150687670983,6.6657243078367,28.7203048605845,26.6443612042313,1871422
GMB,2010,27.6807692307692,33.62,0,125.85,0,242466385.5,5.04968075857403,5.90833580968288,30.2487862417886,28.0119536626841,1926630
GMB,2011,28.1969230769231,23.35,0,132.56,0,262970407.04,4.79588266183109,-8.13044422315659,35.0121722998102,29.4615200601576,1983784
GMB,2012,27.8776923076923,31.67,0,128.41,0,262353700.54,4.25432199813901,5.24156924630741,34.3647140810726,32.0771338886217,2043094
GMB,2013,28.1176923076923,30.4,0,131.53,0,276715444.6,5.69912989637384,2.872768790327,36.1417430773726,35.9575868341651,2103820
GMB,2014,27.9792307692308,30.99,0,129.73,0,280804217.44,5.94799935696618,-1.40738249510954,37.9790482812269,41.7329616505126,2164528
GMB,2015,27.8015384615385,33.46,0,127.42,0,283449485.18,6.80845494579614,4.0580738039996,,42.5062080923725,2224529
GMB,2016,28.3969230769231,22.36,0,135.16,0,308674218.04,7.22879272057924,1.94335965478776,,43.3725276731819,2283769
GMB,2017,28.4338461538462,34.96,0,135.64,0,317694515.96,8.03418974545908,4.8226112492757,38.2839721428451,46.6089094621101,2342189
GMB,2018,27.6746153846154,36.05,0,125.77,0,301801716.64,6.52096823946574,7.23489033258579,39.4720955129567,48.1517806379073,2399632
GMB,2019,28.24,25.63,0,133.12,0,327055073.28,7.11567625631189,6.22205315994859,44.4200035932423,50.0624613684222,2456844
GMB,2020,28.0907692307692,44.58,0,131.18,0,330013854.94,5.93127636562442,0.591487287873974,52.9393661119146,51.5016603661723,2515733
GMB,2021,27.69,48.34,0,125.97,0,324499979.7,7.37034758876617,5.25596878816744,57.0207937608353,51.4844438783833,2576010
GMB,2022,27.0792307692308,42.29,0,118.03,0,311182554.1,11.5131198380505,5.49299825508946,53.5153549214281,54.9234673586679,2636470
GMB,2023,27.9023076923077,35.07,0,128.73,0,347293586.85,16.9742129632327,4.79750894530943,48.2670647704501,61.0963330077956,2697845
GNB,1990,26.4730769230769,45.94,0,110.15,0,107249640.35,,6.09999998628119,26.4926746884043,272.264787954393,973669
GNB,1991,26.8415384615385,50.2,0,114.94,0,114323806.66,,5.10000003451967,4.90376077835083,282.10690880882,994639
GNB,1992,26.2353846153846,58.62,0,107.06,0,109667553.36,,1.09999996776526,6.20010478954192,264.691800750579,1024356
GNB,1993,26.2392307692308,57.79,0,107.11,0,113402176.95,,2.09999998911347,5.72240454353908,283.162579500018,1058745
GNB,1994,26.0546153846154,59.54,0,104.71,0,114346566.01,,3.20000001913081,6.68096672912318,555.204695655697,1092031
GNB,1995,26.2692307692308,51.95,0,107.5,0,120394517.5,,4.4000000061065,6.32263978698623,499.14842590131,1119949
GNB,1996,26.4284615384615,48.39,0,109.57,0,125297129.95,,11.6000000043869,6.03443485654017,511.552430272516,1143535
GNB,1997,26.4161538461539,54.6,0,109.41,0,127522278.45,,6.49999999321456,9.2662709227379,583.669372353396,1165545
GNB,1998,27.1484615384615,54.26,0,118.93,0,141226163.89,,-22.4457270657526,9.62149879975614,589.951774567332,1187473
GNB,1999,26.2792307692308,62.41,0,107.63,0,130254471.78,,16.8150212692905,11.4305261095372,615.473349319164,1210206
GNB,2000,26.3984615384615,37.6,0,109.18,0,134809022.38,,1.10027815777423,23.5804716142607,710.207977031367,1234741
GNB,2001,27.5769230769231,22.07,0,124.5,0,157028488.5,,4.7859716500482,18.7833196997195,732.397693260228,1261273
GNB,2002,28.5330769230769,20.33,0,136.93,0,176544807.51,,3.65393603642713,22.0397577912881,693.713226496374,1289307
GNB,2003,27.8138461538462,39.35,0,127.58,0,168253269.48,,-0.285931052286514,9.43269346242573,579.897426172466,1318806
GNB,2004,27.2376923076923,40.55,0,120.09,0,162069020.67,,1.17189152277038,14.0017049770923,527.338032291576,1349563
GNB,2005,27.1069230769231,56.42,0,118.39,0,163565848.15,,6.55977111846077,15.1067439123063,527.258362649626,1381585
GNB,2006,26.42,46.1,0,109.46,0,154919066.38,,2.66650493269572,16.0297457248346,522.425624895176,1415303
GNB,2007,26.7746153846154,40.12,0,114.07,0,165513973.02,,2.55982647078751,18.6695106273411,478.633718476363,1450986
GNB,2008,27.0653846153846,69.12,0,117.85,0,175367163.9,,4.52457514610252,20.5487991421485,446.000041432788,1488054
GNB,2009,26.2292307692308,71.01,0,106.98,0,163291811.46,,2.44795106098685,22.3638014224458,470.293423341398,1526377
GNB,2010,26.8230769230769,66.63,0,114.7,0,179660000.9,,5.60536311358261,24.0611595441454,494.794262222947,1566347
GNB,2011,26.5269230769231,49.75,0,110.85,0,178255224.6,5.04610226320201,8.08504167173554,29.8702392273268,471.248625718937,1608076
GNB,2012,26.5969230769231,72.76,0,111.76,0,184562363.92,2.13054580274496,-1.71286958446419,28.7606814774351,510.556338454251,1651417
GNB,2013,26.5430769230769,62.52,0,111.06,0,188354761.38,1.20712555668413,3.25607190852087,29.5202357738202,493.899623852237,1695973
GNB,2014,26.3461538461539,66.93,0,108.5,0,188911737,-1.509244605705,0.964525745841428,42.9431625298517,493.757329875312,1741122
GNB,2015,26.4038461538462,59.66,0,109.25,0,195170427.25,1.47672048910486,6.1340893623123,44.9387451635836,591.21169798261,1786457
GNB,2016,26.8307692307692,60.71,0,114.8,0,210301316.4,1.50312055861089,5.4326782650304,45.3705593034327,592.605615063022,1831893
GNB,2017,27.1430769230769,60.67,0,118.86,0,223108777.92,1.69111461822294,4.66367943913264,40.3241926894459,580.656749587858,1877072
GNB,2018,26.5815384615385,58.55,0,111.56,0,214437062.08,0.38132470279102,3.76145359637003,42.2862285544659,555.446458398226,1922168
GNB,2019,26.9161538461539,50.26,0,115.91,0,228075643.36,0.246600268147865,5.56574533585568,39.3129379217763,585.911013180369,1967696
GNB,2020,27.4169230769231,84.7,0,122.42,0,246462677.1,1.14000939393216,2.12811490126288,41.1973874759399,575.586004510945,2013255
GNB,2021,27.1,62.02,0,118.3,0,243560890.3,2.24248879577664,5.23736640634888,46.3290246551178,554.530675033104,2058841
GNB,2022,26.7146153846154,87.43,0,113.29,0,238535380.41,9.39075933985203,5.58513728011474,43.5494461951544,623.759700911182,2105529
GNB,2023,27.1292307692308,69.42,0,118.68,0,255558272.52,7.10220928557054,4.46369936133392,39.2031020871167,606.569750165917,2153339
GNQ,1990,23.9061538461539,88.31,0,76.78,0,36414757.72,,-1.75856408496443,12.3991980414915,272.264787954393,474274
GNQ,1991,23.8284615384615,41.74,0,75.77,0,37295282.09,,-1.02223887710288,10.6656500600727,282.10690880882,492217
GNQ,1992,23.5938461538462,91.26,0,72.72,0,37143194.4,,34.7453200290652,12.1915351252052,264.691800750579,510770
GNQ,1993,23.8076923076923,106.16,0,75.5,0,40016736.5,,11.0332130375277,8.41041233967392,283.162579500018,530023
GNQ,1994,23.7776923076923,98.09,0,75.11,0,41320865.18,,16.6688355418416,13.8667233537698,555.204695655697,550138
GNQ,1995,23.9669230769231,78.67,0,77.57,0,44312948.48,,17.4862637323938,16.3263272854262,499.14842590131,571264
GNQ,1996,23.6576923076923,81.27,0,73.55,0,43651336.6,,66.5799972215897,13.8802666069405,511.552430272516,593492
GNQ,1997,23.7823076923077,88,0,75.17,0,46371846.81,,149.972963487965,6.98817305200954,583.669372353396,616893
GNQ,1998,24.4838461538462,118.36,0,84.29,0,54069843.46,,23.7744823299607,9.53368104672642,589.951774567332,641474
GNQ,1999,24.0176923076923,115.13,0,78.23,0,52196151.22,,25.6640154410418,9.19456136167528,615.473349319164,667214
GNQ,2000,23.9892307692308,94.9,0,77.86,0,54757302.94,,18.2137799569674,6.43283449739388,710.207977031367,703279
GNQ,2001,23.8569230769231,91.84,0,76.14,0,57092513.04,,63.3798754250602,5.73547327817735,732.397693260228,749836
GNQ,2002,24.2369230769231,92.17,0,81.08,0,64698353.56,,19.4628340359251,7.53193274211684,693.713226496374,797957
GNQ,2003,24.3507692307692,87.2,0,82.56,0,69999486.72,,13.9552503163825,10.534956307168,579.897426172466,847862
GNQ,2004,24.2269230769231,98.63,0,80.95,0,72848281.15,,37.9987268556423,8.67977980444367,527.338032291576,899917
GNQ,2005,24.3315384615385,83.61,0,82.31,0,77977777.77,,16.7487006053541,6.38958093436903,527.258362649626,947367
GNQ,2006,24.1746153846154,85.17,0,80.27,0,79494832.61,,7.70491760658767,5.92029022328923,522.425624895176,990343
GNQ,2007,24.2761538461538,102.87,0,81.59,0,84530829.96,,15.2821139194857,6.99603968549037,478.633718476363,1036044
GNQ,2008,24.2023076923077,84.16,0,80.63,0,87445653.9,,17.7991091333811,6.4761202007167,446.000041432788,1084530
GNQ,2009,24.2538461538462,99.48,0,81.3,0,92330214.9,,1.34335628806095,10.0057511930449,470.293423341398,1135673
GNQ,2010,24.42,115.6,0,83.46,0,99241034.1,,-8.92417588851806,11.2483528533962,494.794262222947,1189085
GNQ,2011,24.1830769230769,76.37,0,80.38,0,99818697.3,4.80538922155698,6.52392362989873,9.02170278597333,471.248625718937,1241835
GNQ,2012,24.0776923076923,101.42,0,79.01,0,102198091.83,3.65662048278811,8.31287184445641,12.6765986227562,510.556338454251,1293483
GNQ,2013,24.1092307692308,95.93,0,79.42,0,106916633.56,2.94887694639661,-4.13319850131583,14.1967346403369,493.899623852237,1346218
GNQ,2014,24.1638461538462,101.75,0,80.13,0,112168217.64,4.30999866149104,0.415066301596866,12.0500403280886,493.757329875312,1399828
GNQ,2015,24.28,100.88,0,81.64,0,118698273.72,1.67663085315991,-9.11004114881537,15.4449664033497,591.21169798261,1453923
GNQ,2016,24.7023076923077,100.28,0,87.13,0,131408246.18,1.4119391547901,-8.81641723219757,14.2763501829348,592.605615063022,1508186
GNQ,2017,24.4469230769231,102.5,0,83.81,0,130944408.76,0.744354746612477,-5.66750850486686,12.7319433307131,580.656749587858,1562396
GNQ,2018,24.3876923076923,86.45,0,83.04,0,134227682.88,1.06007410662165,-6.23654406734575,12.3029314380312,555.446458398226,1616422
GNQ,2019,24.6146153846154,42.67,0,85.99,0,143618520.23,1.53027528964192,-5.48182537893445,12.4655114591842,585.911013180369,1670177
GNQ,2020,24.7792307692308,61.78,0,88.13,0,151272324.84,4.76669523944226,-4.79108083383294,13.8373256564558,575.586004510945,1716468
GNQ,2021,24.7169230769231,83.2,0,87.32,0,153577193.52,-0.0971007664640153,0.860269956382069,11.5587667261986,554.530675033104,1758786
GNQ,2022,24.4592307692308,101.57,0,83.97,0,151443673.65,4.78671704710806,3.22350831658598,11.1871437354686,623.759700911182,1803545
GNQ,2023,24.9115384615385,68.9,0,89.85,0,166002277.65,2.85949506037317,-5.08930872071532,13.8767315894583,606.569750165917,1847549
GRC,1990,12.2046153846154,19.32,86.81,11.47,885183513.52,116957204.24,20.433499109463,0,,158.513916666667,10196792
GRC,1991,10.5076923076923,20.22,105.05,7.65,1084108331.35,78947441.55,19.4558456445745,3.09999970633838,,182.266416666667,10319927
GRC,1992,11.1823076923077,16.86,97.86,9.23,1017652109.46,95983333.03,15.8770737923919,0.700000337119789,,190.62425,10399061
GRC,1993,11.6315384615385,18.63,96.73,13.94,1011835942.95,145818185.1,14.4112644439348,-1.60000002186294,,229.249843333333,10460415
GRC,1994,12.4346153846154,27.83,89.09,16.74,936596220.98,175986314.28,10.8740756809131,1.99999984724822,,242.6028175,10512922
GRC,1995,11.1769230769231,21.88,99.04,10.34,1046075633.12,109212662.02,8.93451415961518,2.09971953235275,,231.662735833333,10562153
GRC,1996,10.9869230769231,23.18,102.08,10.91,1082946304,115742008,8.19455217632727,1.38247057325857,,240.7115425,10608800
GRC,1997,11.1476923076923,18.63,99.99,10.91,1066019287.41,116314335.69,5.53600266773481,3.60288326516122,,273.057853333333,10661259
GRC,1998,11.9815384615385,21.13,93.48,15.24,1002153181.32,163380557.16,4.76622572397641,3.43693579661333,,295.529105,10720509
GRC,1999,12.4907692307692,25.81,87.81,16.19,944984701.38,174231890.62,2.63663306021981,2.65878562321184,,305.646604166667,10761698
GRC,2000,12.3030769230769,12.11,89.06,15,962365260.48,162087120,3.1511816249383,4.13782699405849,,365.398560833333,10805808
GRC,2001,12.1207692307692,19.62,90.41,13.98,982045354.12,151852605.36,3.37396832213867,4.65041459442163,,1.11653308564462,10862132
GRC,2002,11.8038461538462,28.93,92.37,11.82,1007019772.14,128861900.04,3.62935871878873,4.68313727063017,,1.05755899623965,10902022
GRC,2003,11.8984615384615,25.17,95.77,16.45,1046581263.9,179766751.5,3.53065027765552,5.79682274294369,,0.88404792718493,10928070
GRC,2004,11.7492307692308,26.44,92.96,11.7,1018389907.36,128175149.7,2.89884810758171,5.37786634595851,,0.803921647747618,10955141
GRC,2005,11.4707692307692,27.42,97.22,12.34,1068186667.08,135583454.76,3.54507273335077,1.18350635493289,,0.803800192161442,10987314
GRC,2006,11.5315384615385,23.8,94.76,10.67,1044289503.12,117587262.54,3.19594684144545,6.44339762487436,,0.796432730949102,11020362
GRC,2007,12.6338461538462,21.07,87.66,17.9,968509143.18,197767666.7,2.89500321516578,3.50686976639459,,0.729672399984083,11048473
GRC,2008,12.6076923076923,18.64,86.02,15.92,952915882.82,176359228.72,4.15279708110293,0.0574740238200775,,0.679922680042729,11077841
GRC,2009,12.3269230769231,29.92,86.76,13.01,963644794.92,144502291.17,1.21007269197809,-4.11927606715011,,0.716957702016136,11107017
GRC,2010,12.6069230769231,28.4,84.79,14.68,942978503.39,163261285.88,4.71298907760393,-5.6937412158003,,0.754308990105961,11121341
GRC,2011,11.63,20.66,98.71,15.9,1096164580.29,176567894.1,3.32985323350645,-9.87677875300243,,0.718413898653317,11104899
GRC,2012,12.7192307692308,24.68,90.3,21.65,997364493.3,239124488.15,1.50152696177755,-8.33113421099992,,0.778338120416812,11045011
GRC,2013,12.6930769230769,22.17,83.09,14.1,911099381.99,154609475.1,-0.921269454256931,-2.27211699888024,,0.752945122701996,10965211
GRC,2014,12.48,27.1,84.13,12.37,916378705.69,134739148.81,-1.3122609640551,0.792225060962835,,0.752728196932603,10892413
GRC,2015,12.2492307692308,26.71,88.88,14.12,961760081.04,152790867.96,-1.73588804765284,-0.228301892172851,,0.901296423367096,10820883
GRC,2016,12.4761538461539,28.07,86.1,14.29,927811103.1,153988625.59,-0.825653978390973,-0.0317947678412054,,0.903421436257263,10775971
GRC,2017,12.4361538461538,24.69,89.84,17.51,966200361.36,188314429.29,1.1212545203142,1.47312472702352,,0.885205508269372,10754679
GRC,2018,12.7207692307692,30.54,81.16,12.53,871080703.12,134483011.46,0.625621413453609,2.06467207892409,,0.846772667108111,10732882
GRC,2019,12.7069230769231,30.29,86.06,17.25,922699346.92,184947289.5,0.253007522038191,2.27718065334808,,0.893276257067409,10721582
GRC,2020,12.4723076923077,31.87,85.43,13.57,913981312.57,145179988.43,-1.24798355581408,-9.19623149726978,,0.875506396987998,10698599
GRC,2021,12.6153846153846,48.69,88.68,18.68,937277276.76,197432786.76,1.22382501019854,8.65449786002131,,0.84549413889045,10569207
GRC,2022,12.93,19.68,84,18.09,876698088,188803195.38,9.64525981280638,5.74364902526337,,0.949623753156941,10436882
GRC,2023,13.1261538461538,26.16,80.33,16.97,835880884.04,176582828.36,3.46480128513402,2.33212444945818,,0.924839558470698,10405588
GTM,1990,26.1107692307692,32.33,0,105.44,0,951572065.12,,3.10256317557587,21.2460719499582,4.48575833333333,9024773
GTM,1991,25.4969230769231,59.79,0,97.46,0,903706036.64,,3.65824875006811,22.8942235353003,5.02888,9272584
GTM,1992,24.8869230769231,55.89,0,89.53,0,852528474.98,,4.83833884688683,24.1963485010309,5.17063,9522266
GTM,1993,24.6207692307692,83.09,0,86.07,0,841744029.27,,3.92713194504024,21.6100572281729,5.6353625,9779761
GTM,1994,27.17,11.52,0,119.21,0,1197311622.78,,4.03374149641458,19.3039472920773,5.75120083333333,10043718
GTM,1995,25.8653846153846,56.37,0,102.25,0,1054503841,,4.94854750210382,19.5598248513479,5.8103425,10312996
GTM,1996,24.9138461538462,39.37,0,89.88,0,951247316.88,,2.95777988740716,18.4441410090117,6.0495125,10583526
GTM,1997,25.9176923076923,41.35,0,102.93,0,1117588619.22,,4.36408994678341,20.4651968731267,6.06526916666667,10857754
GTM,1998,26.0523076923077,55.15,0,104.68,0,1166045698.6,,4.99352780305848,21.2672642215164,6.39465333333334,11139145
GTM,1999,24.3269230769231,51,0,82.25,0,939538871.25,,3.8470621889051,21.1941327387257,7.38561,11422965
GTM,2000,24.3615384615385,72.42,0,82.7,0,967390858.4,,3.6088687174876,23.2545726020237,7.76315916666667,11697592
GTM,2001,24.3430769230769,59.55,0,82.46,0,986998538.12,,2.33257486608854,32.9553698379889,7.8585925,11969422
GTM,2002,24.9969230769231,70.48,0,90.96,0,1113979388.4,,3.83928708556792,32.2797015809976,7.821645,12246915
GTM,2003,24.9769230769231,57.71,0,90.7,0,1136093869.4,,2.56037766801896,43.7282994717282,7.94084666666667,12525842
GTM,2004,24.8107692307692,64.49,0,88.54,0,1133967373.08,,3.13791683609193,44.3120632713663,7.94649583333333,12807402
GTM,2005,25.4192307692308,76.95,0,96.45,0,1262301817.05,,3.27602692588886,46.175454092022,7.63394416666667,13087629
GTM,2006,24.2907692307692,77.12,0,81.78,0,1093190797.02,6.56085282795383,5.35139778711536,47.1752127318754,7.60263083333333,13367459
GTM,2007,25.0884615384615,54.2,0,92.15,0,1258035486,6.82161753590326,6.33771869016203,45.6766463041048,7.67330416666667,13652040
GTM,2008,24.5776923076923,72.87,0,85.51,0,1191596728.74,11.355761126315,3.29352400028485,43.8604398640306,7.56002833333333,13935174
GTM,2009,25.0684615384615,51.69,0,91.89,0,1306272494.79,1.85910254733029,0.476898106596394,46.9158515674456,8.16155541666667,14215611
GTM,2010,24.6138461538462,64.69,0,85.98,0,1246719629.76,3.85950909833162,2.88417542800377,47.3037841394878,8.05777083333333,14500112
GTM,2011,25.0076923076923,69.17,0,91.1,0,1347562678.6,6.21412393067093,4.16390688293349,45.5574249270072,7.78541833333334,14792126
GTM,2012,24.4892307692308,65.01,0,84.36,0,1272962620.92,3.78180754679684,2.97470856847661,46.8018188069586,7.83360541666667,15089647
GTM,2013,25.0376923076923,74.81,0,91.49,0,1407787462.13,4.34337131279519,3.69481902449162,47.8364019194135,7.85681375,15387337
GTM,2014,24.2115384615385,82.68,0,80.75,0,1266299293.75,3.41836169662961,4.44397783048704,48.0337980266691,7.73223333333333,15681725
GTM,2015,24.6546153846154,69.76,0,86.51,0,1381715486.93,2.3887203283955,4.09217072141163,49.2412066273683,7.654815,15971743
GTM,2016,25.3484615384615,54.44,0,95.53,0,1554154642.8,4.44844199942828,2.67780273264368,49.6577547936942,7.59993708333333,16268760
GTM,2017,25.0084615384615,62.01,0,91.11,0,1509451896.27,4.42453655182547,3.07985127147485,50.8043417346706,7.34793875,16567357
GTM,2018,25.2269230769231,51.95,0,93.95,0,1582652105.75,3.75186186704505,3.40687346472738,53.1954981791198,7.51916458333333,16845685
GTM,2019,26.0276923076923,56.17,0,104.36,0,1784952881.08,3.69998398008605,4.0178979343828,53.7007319527684,7.69669833333333,17103803
GTM,2020,25.6161538461539,79.13,0,99.01,0,1718548748.25,3.21444062197349,-1.78555194467604,62.7524337838735,7.72165,17357325
GTM,2021,25.1307692307692,67.09,0,92.7,0,1631394855,4.26105127422814,8.0417038372514,60.8377762767055,7.73438833333333,17598650
GTM,2022,24.8715384615385,85.79,0,89.33,0,1594350852.41,6.88512823344283,4.18451808712605,58.7435759066696,7.74824375,17847877
GTM,2023,26.8292307692308,47.39,0,114.78,0,2080368905.64,6.20657592272128,3.53315670086947,56.4829230311888,7.83197416666667,18124838
HND,1990,22.2107692307692,43,0,54.74,0,272631913.12,,2.7917489495977,21.0013969581523,,4980488
HND,1991,23.2192307692308,23.21,0,67.85,0,347649287.2,,-3.31930842303754,20.3964498387145,,5123792
HND,1992,23.2053846153846,23.47,0,67.67,0,356717735.77,,6.07368787706019,23.1306357630865,,5271431
HND,1993,23.4430769230769,19.12,0,70.76,0,383749099.24,,6.49571820818859,21.8156784713073,,5423249
HND,1994,24.0823076923077,11.71,0,79.07,0,441150664.94,,0.21190349864257,23.0136226679603,,5579242
HND,1995,23.8084615384615,25.23,0,75.51,0,433399989.87,,6.18930455759235,22.5784886351619,,5739637
HND,1996,23.0684615384615,23.88,0,65.89,0,389011529.06,,1.87077629388163,26.0366902938491,,5903954
HND,1997,23.4807692307692,26.74,0,71.25,0,432591097.5,,4.59808306248539,34.3420661340672,,6071454
HND,1998,23.6092307692308,43.81,0,72.92,0,454614708.52,,3.59023303357911,36.1499893937195,,6234431
HND,1999,21.9461538461539,39.56,0,51.3,0,328343751.9,,-0.735651085447699,40.423475355972,,6400463
HND,2000,21.5207692307692,53.21,0,45.77,0,301064670.21,,7.29128815869618,40.2660292560068,14.840625,6577773
HND,2001,22.7469230769231,31.23,0,61.71,0,417035748.03,9.67415556865378,2.72319327321379,45.0878877303622,15.476825,6757993
HND,2002,22.9638461538462,31.49,0,64.53,0,447764571.27,7.6905097203427,3.75433786119939,46.615434093083,16.4370583333333,6938859
HND,2003,22.8876923076923,47.82,0,63.54,0,452354794.02,7.67416639397937,4.54703805165397,47.2788130535388,17.3524916666667,7119213
HND,2004,22.5307692307692,35.2,0,58.9,0,429910746.6,8.1137909709338,6.23230296069102,49.3627784118764,18.209725,7298994
HND,2005,22.9569230769231,35.69,0,64.44,0,481905196.2,8.80906074819819,6.05059922215973,50.9055919065266,18.8323416666667,7478355
HND,2006,23.1246153846154,31.24,0,66.62,0,510098147.84,5.57775207654297,6.56724355177587,55.1309689475738,18.8952083333333,7656832
HND,2007,22.5346153846154,44.08,0,58.95,0,461861342.1,6.93621470895774,6.18832716678008,56.7870372674305,18.8951,7834798
HND,2008,22.0307692307692,55.15,0,52.4,0,419859558.8,11.4034270813932,4.23160011009342,52.9996944844307,18.9037583333333,8012587
HND,2009,22.2730769230769,40.01,0,55.55,0,454948889.45,5.49634273772208,-2.43162787988011,50.7444750641409,18.8951,8189899
HND,2010,21.8469230769231,54.33,0,50.01,0,418377558.78,4.69889064976226,3.73114034433009,51.3496270054707,18.8951,8365878
HND,2011,22.22,46.93,0,54.86,0,468536383.38,6.76227957314763,3.83569066207505,51.5591823486487,18.9171416666667,8540583
HND,2012,22.1784615384615,43,0,54.32,0,473402928.32,5.19618615531849,4.12868774866939,51.1504410333274,19.5022495121615,8715076
HND,2013,22.4576923076923,50.53,0,57.95,0,515133660.1,5.16189898581494,2.79155975746801,53.1502477716167,20.3537791666667,8889278
HND,2014,22.4830769230769,45.83,0,58.28,0,528198750.16,6.1292493031302,3.0580805621437,54.6746373814689,20.9871583333333,9063122
HND,2015,22.6638461538462,40.59,0,60.63,0,560057802.15,3.15783117980925,3.84007997093951,53.1055498675525,21.945175,9237305
HND,2016,22.6669230769231,50.18,0,60.67,0,571049094.6,2.72461223295284,3.89297219726413,58.0997498242596,22.835018390426,9412380
HND,2017,22.1392307692308,54.61,0,53.81,0,515937651.97,3.93436084442048,4.84291391050387,59.6174831103871,23.4870839434552,9588137
HND,2018,21.9876923076923,43.86,0,51.84,0,506228486.4,4.34734937777525,3.84499476966735,60.9373357932136,23.9027282925432,9765210
HND,2019,23.7146153846154,27.61,0,74.29,0,738712495.57,4.36587159819271,2.55963434592314,63.3903572133248,24.5085389148926,9943633
HND,2020,23.0138461538462,64.87,0,65.18,0,659598135.2,3.46841177951179,-8.96508223267296,80.0834178959236,24.5818805172846,10119640
HND,2021,22.4,44.09,0,57.2,0,588580964.4,4.48087963413447,12.5652843771279,74.4969601464869,24.0166553242681,10289877
HND,2022,22.2669230769231,59.34,0,55.47,0,580430979.84,9.08963911525025,4.14356194013767,73.5532983977426,24.4858737291131,10463872
HND,2023,23.1361538461539,48.44,0,66.77,0,710756701.27,6.66325180347458,3.57584760454412,74.3089642979581,24.6016468236818,10644851
HTI,1990,26.8961538461538,15.59,0,115.65,0,792716101.65,,1.03812280198248,30.1890346310607,5,6854441
HTI,1991,27.1284615384615,9.36,0,118.67,0,830150051.5,,1.88054472396281,28.9257066991204,6.03416666666667,6995450
HTI,1992,27.1269230769231,8.6,0,118.65,0,846754149.15,,-5.30993292251178,32.9624081948203,9.80166666666667,7136571
HTI,1993,26.9161538461539,10.82,0,115.91,0,843613959.71,,-5.42629599215383,38.041619894655,12.8225,7278181
HTI,1994,27.3261538461539,9.03,0,121.24,0,899573036.04,,-11.9506292939561,36.2411214368409,15.04,7419771
HTI,1995,27.3784615384615,7,0,121.92,0,922025608.32,,9.89770748815705,36.1476363502976,15.1097333333333,7562546
HTI,1996,26.6638461538462,12.43,0,112.63,0,868102144.91,,4.14077332856783,31.9176806654233,15.70115,7707557
HTI,1997,27.8307692307692,4.55,0,127.8,0,1003779284.4,,2.70471393077787,33.1200279598563,16.6545,7854298
HTI,1998,27.2830769230769,22.09,0,120.68,0,965698617.24,5.269035470422,2.18184032957123,31.0180167309554,16.7656666666667,8002143
HTI,1999,26.4661538461539,17.16,0,110.06,0,897131637.76,3.00439421550735,2.71024801048499,34.8953851041095,16.9378916666667,8151296
HTI,2000,26.65,13.99,0,112.45,0,933689329.95,9.33322197565601,0.870059259424892,21.7462788126225,21.1706666666667,8303151
HTI,2001,27.3130769230769,12.6,0,121.07,0,1023757992.26,13.31672224251,-0.342747883252144,22.2350420565584,24.4290833333333,8455918
HTI,2002,27.6346153846154,9.67,0,125.25,0,1078107035.25,7.03287406224599,1.05182013450109,24.57148553064,29.2504833333333,8607641
HTI,2003,27.4069230769231,18.14,0,122.29,0,1071249638.48,28.6995777887374,3.48077973188326,27.953171489868,42.3667583333334,8759912
HTI,2004,26.8846153846154,15.14,0,115.5,0,1029135376.5,21.0318339277222,-1.3178567596495,25.0326304034486,38.3520333333333,8910263
HTI,2005,26.8392307692308,16.93,0,114.91,0,1041230880.43,13.973008326384,3.07217337664731,25.9957517855092,40.44855,9061273
HTI,2006,27.05,18.2,0,117.65,0,1084328519.3,11.3452152244299,1.76875060288195,23.0517100179952,40.4085166666666,9216562
HTI,2007,26.9369230769231,18.21,0,116.18,0,1088989529.28,6.55722772638066,4.70652994008303,23.5708047230825,36.8614166666667,9373296
HTI,2008,26.7161538461539,14.44,0,113.31,0,1079932001.94,15.2817744823772,2.6580323082747,22.9951623340376,39.1075916666667,9530774
HTI,2009,26.92,14.81,0,115.96,0,1123603812.76,0.393886040173337,5.89037894844316,22.1033380328828,41.1976083333333,9689581
HTI,2010,26.6584615384615,20.95,0,112.56,0,1103458772.64,4.82734190074673,-5.65151153448299,27.5114657776297,39.7974,9803294
HTI,2011,26.3461538461539,23.77,0,108.5,0,1075767084,6.33279483849045,5.09821354410036,26.8098396060004,40.5228219393745,9914904
HTI,2012,26.6030769230769,23.72,0,111.84,0,1126203188.64,5.01804155429243,0.502424403581585,26.4188378578155,41.9497229523156,10069771
HTI,2013,27.2653846153846,9.37,0,120.45,0,1231283502.9,4.7650240477914,4.32478411472874,25.2039044903606,43.4627833333333,10222362
HTI,2014,27.3992307692308,12.27,0,122.19,0,1267505584.65,3.43816659958603,2.88877250863379,25.8191820722627,45.2159808923792,10373235
HTI,2015,27.5392307692308,13.38,0,124.01,0,1304987240.42,6.73184069659001,1.40000000859727,29.9547613794764,50.7064266739439,10523242
HTI,2016,26.9415384615385,24.6,0,116.24,0,1240450161.68,11.5029073942666,1.81246807847532,30.2899610946836,63.3358183698924,10671457
HTI,2017,26.7138461538462,26.13,0,113.28,0,1225435173.12,10.6800887242584,2.51027134544685,28.1765962079789,64.7696802849928,10817754
HTI,2018,27.0884615384615,17.25,0,118.15,0,1295203070.3,12.4814111170435,1.66781095484656,30.9975300427674,68.0317539812812,10962362
HTI,2019,27.4892307692308,18.25,0,123.36,0,1369932907.68,18.7037825672506,-1.72309699839232,29.9432304218837,88.8149661769193,11105163
HTI,2020,27.2930769230769,26.34,0,120.81,0,1358369276.88,22.7963113642528,-3.30550546965893,27.1935440352802,93.5098072136213,11243848
HTI,2021,26.7561538461538,46.36,0,113.83,0,1294769124.38,16.8415240198785,-1.79823988931486,31.5400291612399,89.2266365116304,11374586
HTI,2022,27.5184615384615,12.89,0,123.74,0,1423456206.44,33.98393194707,-1.68198396897978,32.4051239237438,115.630715521746,11503606
HTI,2023,28.1892307692308,13.67,0,132.46,0,1541489739.08,36.8135162780853,-1.86388420254838,22.6876704506371,141.035912702189,11637398
IDN,1990,25.5184615384615,64.56,0,97.74,0,17935397318.52,7.8191975650563,7.24213163856464,43.637383357226,1842.81333333333,183501098
IDN,1991,25.3776923076923,70.04,0,95.91,0,17913900806.58,9.41906784347004,6.91198283591309,44.103060801881,1950.3175,186778238
IDN,1992,25.0492307692308,96.7,0,91.64,0,17415608700.16,7.52351006242677,6.49750651682714,46.1728190792448,2029.92083333333,190043744
IDN,1993,25.31,102.37,0,95.03,0,18369790115.04,9.67191089264012,6.49640812045304,43.6851339607091,2087.10386666667,193305168
IDN,1994,24.97,100.35,0,90.61,0,17813185535.08,8.53199829189147,7.53997109551439,45.3056187318445,2160.753675,196591828
IDN,1995,25.4630769230769,113.79,0,97.02,0,19393139290.14,9.42030300572991,8.22000739903493,48.585731443755,2248.607975,199888057
IDN,1996,25.4361538461539,94.6,0,96.67,0,19643764321.16,7.97328096513349,7.81818707670867,52.693928287092,2342.29629166667,203204348
IDN,1997,25.1976923076923,72.74,0,93.57,0,19325582409.15,6.22615154887212,4.69987885390397,55.9991002010847,2909.38,206536095
IDN,1998,26.0807692307692,95.5,0,105.05,0,22042304079.4,58.4510413515526,-13.1267254923818,59.8604137991647,10013.6225,209826788
IDN,1999,25.3038461538462,105.04,0,94.95,0,20224793226.6,20.4778324428892,0.79112608199847,58.3876102132557,7855.15,213004668
IDN,2000,25.2638461538462,98.35,0,94.43,0,20404225709.7,3.68862037056682,4.9200677470169,53.882681212192,8421.775,216077790
IDN,2001,25.4107692307692,81.14,0,96.34,0,21107891878.68,11.5001160550887,3.64346644721492,50.8855192605092,10260.85,219097902
IDN,2002,25.4707692307692,69.22,0,97.12,0,21569234634.4,11.9001200338414,4.49947539085764,48.1711623796117,9311.19166666667,222088495
IDN,2003,25.5046153846154,82.75,0,97.56,0,21955683660.48,6.75731256333563,4.78036912167654,47.0413453097139,8577.13333333334,225048008
IDN,2004,25.4407692307692,105.94,0,96.73,0,22047344757.77,6.06406189133647,5.03087394501685,45.0328853927183,8938.85,227926649
IDN,2005,25.5776923076923,104.82,0,98.51,0,22743166241.5,10.4532001873347,5.69257130383384,43.3540151492028,9704.74166666666,230871650
IDN,2006,25.4123076923077,80.38,0,96.36,0,22543581186.72,13.108670985346,5.50095178520348,41.4017227442561,9159.31666666667,233951652
IDN,2007,25.4369230769231,130.37,0,96.68,0,22919186741.16,6.40656087966005,6.34502222667214,41.7541476720251,9141,237062337
IDN,2008,25.2384615384615,110.54,0,94.1,0,22598858672.3,10.2266663272483,6.01370360009123,38.3099210918693,9698.9625,240157903
IDN,2009,25.4730769230769,96.64,0,97.15,0,23628825720.2,4.38641311792073,4.62887118256153,38.1966839102142,10389.9375,243220028
IDN,2010,25.6053846153846,163.26,0,98.87,0,24352207186.14,5.13420639015885,6.22385418062366,36.0017184238458,9090.43333333333,246305322
IDN,2011,25.2076923076923,122.81,0,93.7,0,23375341998.4,5.35604849112584,6.16978420771008,36.7380019918479,8770.43333333333,249470032
IDN,2012,25.2976923076923,109.95,0,94.87,0,23973509066.75,4.27951426919427,6.03005065305615,38.3892882677716,9386.62916666667,252698525
IDN,2013,25.4092307692308,123.39,0,96.32,0,24643709621.44,6.41249457900392,5.5572636889101,39.0754741372861,10461.24,255852467
IDN,2014,25.5553846153846,105.1,0,98.22,0,25426938129.78,6.39492882396561,5.006668425755,39.4838502418518,11865.2112962963,258877399
IDN,2015,25.5092307692308,110.71,0,97.62,0,25556842687.38,6.36312061196643,4.87632230022123,39.4644200518208,13389.4129365079,261799249
IDN,2016,25.8423076923077,136.22,0,101.95,0,26978765265.1,3.52580452815451,5.03306918280177,40.3570904370193,13308.3268020542,264627418
IDN,2017,25.4753846153846,129.5,0,97.18,0,25980748224.44,3.80879857691949,5.06978590134916,39.8766339278733,13380.8338788891,267346658
IDN,2018,25.5161538461538,107.51,0,97.71,0,26376994872.66,3.19834755924998,5.17429153955024,38.8175814421371,14236.9387734818,269951846
IDN,2019,25.7130769230769,94.44,0,100.27,0,27322510232.87,3.03058460941658,5.01928768046282,38.760243844744,14147.6713605454,272489381
IDN,2020,25.8007692307692,115.09,0,101.41,0,27868975561.06,1.91983527270797,-2.06551182934165,44.7178744674807,14582.2034678177,274814866
IDN,2021,25.5507692307692,113.22,0,98.16,0,27166570482.48,1.56007882983335,3.70288562827751,46.3601820363569,14308.1439011897,276758053
IDN,2022,25.5638461538462,124.87,0,98.33,0,27417405916.57,4.20946463714783,5.30719722664799,43.5359510135993,14849.8539362105,278830529
IDN,2023,25.9253846153846,100.72,0,103.03,0,28971012603.01,3.6693865485976,5.04902331835997,42.2476727248499,15236.8846620506,281190067
IND,1990,26.6453846153846,39.35,0,112.39,0,97214227918.19,8.97123250273253,5.53345456125301,42.1837730850963,17.5035,864972221
IND,1991,27.7284615384615,24.19,0,126.47,0,111790323572,13.8702461773683,1.05683143496063,43.4178555336728,22.7424333333333,883927600
IND,1992,27.6107692307692,29.21,0,124.94,0,112815456325.8,11.7878170418135,5.48239602040357,44.1444293103205,25.9180833333333,902957070
IND,1993,26.6753846153846,43.35,0.18,112.96,165981309.66,104162492995.52,6.32689048779865,4.75077621776924,44.8834588757366,30.4932916666667,922118387
IND,1994,26.5076923076923,48.19,0,110.6,0,104092712630.2,10.2479355556119,6.65892407028434,46.0214654858897,31.3737425,941163767
IND,1995,26.8961538461538,37.52,0,115.65,0,111058815738.6,10.2248861637544,7.57449183788519,43.545308881586,32.4270766666667,960301044
IND,1996,27.6046153846154,28.37,0,124.86,0,122322652265.88,8.97715233826453,7.54952224920051,44.6894365497978,35.4331733333333,979678458
IND,1997,26.9692307692308,34.99,0,116.6,0,116498996649.2,7.16425211462724,4.04982084998183,47.4599823040339,36.3132858333333,999133762
IND,1998,27.0684615384615,37.45,0,117.89,0,120090426281.2,13.2308389767977,6.18441582172117,48.9013068508578,41.259365,1018665080
IND,1999,26.6869230769231,36.89,0,112.93,0,117246842191.39,4.66982038037593,8.84575555939531,51.0649259553469,43.0554283333334,1038225823
IND,2000,27.0784615384615,27.08,0,118.02,0,124856040948.66,4.00943591045191,3.84099115659129,54.6451291831448,44.941605,1057922733
IND,2001,26.9946153846154,34.49,0,116.93,0,126038680374.75,3.77929312235638,4.82396626555771,57.7390677682671,47.1864141666667,1077898575
IND,2002,27.6784615384615,32.28,0,125.82,0,138100079811.6,4.29715203929563,3.80397532112175,62.6195245160236,48.6103191666667,1097600380
IND,2003,27.2,39.68,0,119.6,0,133569639517.6,3.8058589952885,7.8603814759073,63.1792536038838,46.5832841666667,1116803006
IND,2004,27.2392307692308,25.6,0,120.11,0,136443940626.43,3.76725173477515,7.92293661199932,64.6357080581913,45.3164666666666,1135991513
IND,2005,26.8023076923077,40.84,0,114.43,0,132129611526.46,4.24634362031923,7.92343062148318,65.5481218951747,44.099975,1154676322
IND,2006,26.8923076923077,46.96,0,115.6,0,135584799684,5.79652337561633,8.06073257166651,68.0630217874844,45.3070083333333,1172878890
IND,2007,27.1292307692308,33.53,0,118.68,0,141309430172.28,6.37288135593232,7.6608150670107,72.2804239219053,41.3485333333333,1190676021
IND,2008,26.86,31.54,0,115.18,0,139129488433.52,8.34926704907581,3.08669805921981,77.3729561105341,43.5051833333333,1207930964
IND,2009,27.8676923076923,32.94,0,128.28,0,157210315314.84,10.8823529411764,7.86188883286074,79.0751963448471,48.4052666666666,1225524753
IND,2010,27.6453846153846,47.43,0,125.39,0,155920153309.96,11.9893899204244,8.49758470221235,77.67995244357,45.7258121212121,1243481564
IND,2011,26.7184615384615,32.1,0,113.34,0,142947236286.36,8.9117933648337,5.24131619937695,78.8373112865613,46.6704666666667,1261224954
IND,2012,27.0492307692308,38.28,0,117.64,0,150423268415.28,9.47899691419798,5.45638755166587,76.9131885205749,53.4372333333333,1278674502
IND,2013,26.7030769230769,50.52,0,113.14,0,146610150874.54,10.0178784746103,6.38610640094825,78.1821717320597,58.5978454166667,1295829511
IND,2014,27.2646153846154,30.39,0,120.44,0,158050664884.04,6.66565671867896,7.41022760508854,77.8993537588766,61.0295144607843,1312277191
IND,2015,27.11,41.65,0,118.43,0,157277941298.14,4.9069734412726,7.99625378571471,78.0119105841633,64.1519444632786,1328024498
IND,2016,27.2538461538462,41.6,0,120.3,0,161676498808.8,4.94821634062135,8.25630550179086,74.5492653519617,67.1953128073894,1343944296
IND,2017,27.3984615384615,31.29,0,122.18,0,166122941132,3.328173374613,6.79538341897911,74.1441893624702,65.1215686450659,1359657400
IND,2018,27.2515384615385,33.68,0,120.27,0,165330245627.28,3.93882646691633,6.45385134497769,74.097824604711,68.3894670935422,1374659064
IND,2019,27.2492307692308,37.94,0,120.24,0,167017004714.88,3.72950573539127,3.87143694070356,76.98188096813,70.4203405359551,1389030312
IND,2020,26.1569230769231,40.82,0,106.04,0,148733580377.8,6.62343677628536,-5.77772470686801,87.6766726830318,74.0995668836052,1402617695
IND,2021,26.6292307692308,43,0,112.18,0,158645393053.28,5.13140747176368,9.68959249192875,82.1020348312414,73.9180128154351,1414203896
IND,2022,26.6230769230769,55.69,0,112.1,0,159789942065.2,6.69903414079849,7.60936497768895,,78.6044905829916,1425423212
IND,2023,26.6507692307692,43.81,0,112.46,0,161725306766.16,5.64914318907929,9.19075493028345,,82.5992764460784,1438069596
IRL,1990,9.34230769230769,35.66,112.55,0,395497773.7,0,3.31732886680118,8.46652726348809,,0.604588333333333,3513974
IRL,1991,8.79,30.05,119.73,0,423153956.55,0,3.21081037142378,1.92963906262702,,0.6212975,3534235
IRL,1992,8.77,30.08,119.99,0,426976015.7,0,3.06999853835903,3.34327535551169,,0.587720833333333,3558430
IRL,1993,8.57230769230769,33.05,122.56,0,438306548.16,0,1.46941522411422,2.69260915750769,,0.677249306666667,3576261
IRL,1994,8.90769230769231,34.75,118.2,0,424383625.2,0,2.30920192610952,5.7558258915074,,0.668628101666667,3590386
IRL,1995,9.44153846153846,29.09,111.26,0,401519649.66,0,2.52486446780801,9.63442312812369,,0.623733075,3608841
IRL,1996,8.45076923076923,31.53,124.14,0,451560491.4,0,1.7557446960742,7.37962294498737,,0.625028368333333,3637510
IRL,1997,9.70307692307692,33.62,107.86,0,396296084.06,0,1.5418020226137,11.0217617072568,,0.659643126666667,3674171
IRL,1998,9.44384615384615,37.54,111.23,0,412963176.08,0,2.40768094534715,8.76612622780617,,0.702270998333333,3712696
IRL,1999,9.34923076923077,39.72,112.46,0,422263233.56,0,1.62988605221407,10.5298846318609,,0.938283072395283,3754786
IRL,2000,9.08538461538462,39.23,115.89,0,440981614.86,0,5.57763269940386,9.40352464290197,,1.08270508132602,3805174
IRL,2001,8.86230769230769,31.86,118.79,0,459271005.97,0,4.85280279607477,5.30582177251378,,1.11653308564462,3866243
IRL,2002,9.39384615384615,43.34,111.88,0,439906230.36,0,4.62820512820515,5.89936644855928,,1.05755899623965,3931947
IRL,2003,9.41230769230769,29.39,111.64,0,446171604.44,0,3.49221909079765,3.01383792883469,,0.88404792718493,3996521
IRL,2004,9.37846153846154,33.11,112.08,0,456194964.96,0,2.17854605730523,6.78813894175178,,0.803921647747618,4070262
IRL,2005,9.58076923076923,33.37,109.45,0,455302587.3,0,2.45654692931639,5.73978266558288,,0.803800192161442,4159914
IRL,2006,9.57230769230769,37.72,109.56,0,468214629.96,0,3.93576114001353,4.98785480513406,,0.796432730949102,4273591
IRL,2007,9.69615384615385,35.86,107.95,0,474865788.9,0,4.88574537540807,5.31011673012934,,0.729672399984083,4398942
IRL,2008,9.05769230769231,41.31,116.25,0,521909490,0,4.03568834941386,-4.48406956719268,,0.679922680042729,4489544
IRL,2009,8.93307692307692,43.01,117.87,0,534584651.25,0,-4.44754686876747,-5.09578178826901,,0.716957702016136,4535375
IRL,2010,7.92923076923077,32.06,130.92,0,597015492.6,0,-0.918388645376769,1.68297227062031,,0.754308990105961,4560155
IRL,2011,9.32230769230769,34.27,112.81,0,516679276.04,0,2.54897830208553,1.64877400406158,,0.718413898653317,4580084
IRL,2012,8.88461538461539,40.26,118.5,0,545044660.5,0,1.69474116680362,-0.398960481731095,,0.778338120416812,4599533
IRL,2013,8.80846153846154,30.3,119.49,0,552499773.84,0,0.515099484900551,2.19217619489058,,0.752945122701996,4623816
IRL,2014,9.49846153846154,37.53,110.52,0,514773424.8,0,0.190916398713822,9.33603375045837,,0.752728196932603,4657740
IRL,2015,8.79846153846154,41.53,119.62,0,562448096.34,0,-0.330959783371778,24.6155698980205,,0.901296423367096,4701957
IRL,2016,9.03692307692308,35.91,116.52,0,554952367.44,0,0.0201247735962648,1.2226384923421,,0.903421436257263,4762722
IRL,2017,9.44076923076923,36.65,111.27,0,537149805.15,0,0.362173038229412,10.0496284821662,,0.885205508269372,4827445
IRL,2018,9.38384615384615,33.63,112.01,0,548627444.22,0,0.471130713712891,7.5443421414267,,0.846772667108111,4898022
IRL,2019,9.35846153846154,37.06,112.34,0,559055067.04,0,0.937842961189285,5.04054996161159,,0.893276257067409,4976456
IRL,2020,9.36692307692308,47.7,112.23,0,565610805.81,0,-0.326183651280059,7.1578988000836,,0.875506396987998,5039747
IRL,2021,9.72,39.77,107.64,0,550103369.4,0,2.34034113447046,16.2556135233358,,0.84549413889045,5110585
IRL,2022,9.87846153846154,33.53,105.58,0,550371224.88,0,7.82945736434107,8.61950345618772,,0.949623753156941,5212836
IRL,2023,10.1853846153846,48.49,101.59,0,539199084,0,6.29942487419122,-5.5300073886596,,0.924839558470698,5307600
IRN,1990,18.6753846153846,1.74,46.07,54.85,2689570838.44,3202148046.2,,13.5949264435839,53.6821692426295,68.1123727149296,58380092
IRN,1991,18.1484615384615,2.54,46.71,48.64,2801989547.01,2917764323.84,,12.7161484430703,47.6100979388254,67.5217300147946,59986931
IRN,1992,16.8269230769231,1.79,55.19,39.94,3376799211.77,2443728221.02,,3.29798191906094,44.3226573885109,65.5678412857706,61184983
IRN,1993,17.7530769230769,2.13,50.1,46.89,3076317504.3,2879212131.27,,-1.47101148264161,39.0887359606014,1268.07876133881,61403543
IRN,1994,18.3184615384615,2.1,43.91,48.05,2701369458.18,2956064733.9,,-1.69828611904136,39.57528818556,1749.17373625079,61520598
IRN,1995,18.4384615384615,2.41,44.21,49.91,2750108117.07,3104679848.97,,2.4010445522492,36.4496850922321,1748.35024562759,62205567
IRN,1996,17.9976923076923,1.92,48.93,48.9,3076782009,3074895570,,6.35052601959309,35.2372428043226,1751.18635583594,62881300
IRN,1997,18.3523076923077,1.86,48.61,53.19,3093522803.18,3384992345.22,,1.35039927371557,37.2216799159314,1753.34547748286,63639638
IRN,1998,19.2576923076923,2.43,38.97,55.32,2514338905.23,3569238599.88,,2.08001178030293,40.1311523716651,1752.28599459359,64519859
IRN,1999,19.1461538461539,0.79,41.97,56.87,2746743060.27,3721879386.17,,2.00269623308067,36.2937699220389,1753.35494977139,65445391
IRN,2000,18.8046153846154,1.68,45.99,56.45,3054594127.41,3749333300.55,,5.84552747587396,37.1550948522045,1764.85606929191,66418659
IRN,2001,19.5446153846154,1.46,38.62,58.7,2604996433.1,3959432693.5,,2.39217271180297,40.8721462623335,1753.98568465785,67452005
IRN,2002,19.2323076923077,2.13,43.33,59.35,2946930365.61,4036471663.95,,8.07882927923774,37.8563477020756,6907.03445561653,68011317
IRN,2003,18.8569230769231,4.49,44.72,55.86,3075364884.8,3841455332.4,,8.6392983956527,39.1969107527779,8193.88751916667,68769340
IRN,2004,18.9184615384615,2.61,39.66,51.6,2786365492.56,3625225905.6,,4.33666598322418,38.7646215002608,8613.98942075,70256316
IRN,2005,18.9238461538462,0.75,43.62,55.63,3133157207.1,3995816951.65,,3.18980408131023,41.5308792810972,8963.95890666667,71828455
IRN,2006,18.7276923076923,2.29,46.92,56.38,3443587689.24,4137883075.86,10.0158982511924,4.99979526935969,47.0675292202134,9170.9428775,73392747
IRN,2007,18.2,2.04,46.17,48.77,3444404258.16,3638371142.96,17.3410404624277,8.15577351843464,47.3968984438511,9281.15182833334,74602648
IRN,2008,18.4461538461539,1.38,50.72,56.52,3830080426.88,4268062810.08,25.4105090311987,0.250856552511053,44.2912620053095,9428.52826083333,75514204
IRN,2009,18.6307692307692,2.64,43.68,51.88,3339677796,3966631961,13.5515548281506,1.00738546285622,53.2547045265332,9864.30245626821,76457825
IRN,2010,19.8330769230769,1.98,33.71,57.54,2609856583.82,4454795248.68,10.0893629287979,5.79793829590261,54.1146898178198,10254.176470289,77420842
IRN,2011,18.8176923076923,1.91,48.72,59.35,3818848894.56,4652066541.3,26.2933856738608,2.64571792008958,47.4861795158596,10616.3066439076,78383598
IRN,2012,18.1823076923077,2.75,48.36,50.73,3838361248.8,4026469523.4,27.2568127242908,-3.7471713986414,55.5663119204692,12175.5472222222,79370580
IRN,2013,18.7384615384615,2.52,41.96,51.56,3374200224.56,4146181210.16,36.6030355191029,-1.52197920494163,51.996003252761,18414.4480100374,80414686
IRN,2014,18.5207692307692,2.59,49.95,56.72,4071027147.75,4622795992.4,16.6065532357449,4.98477506709494,60.9614203205843,25941.6641445972,81502045
IRN,2015,19.36,2.25,41.69,59.37,3444401201.78,4905111521.94,12.4846815611533,-1.42488493937491,76.7612720666369,29011.4913770529,82619362
IRN,2016,19.5776923076923,1.22,36.11,56.62,3026459553.08,4745448349.36,7.24542548952977,8.8150866425182,82.510167877362,30914.8524362967,83812228
IRN,2017,19.5838461538462,1.5,39.33,59.92,3344102234.82,5094803099.68,8.04492437660281,2.75850524578875,,33226.2981524127,85026754
IRN,2018,19.6746153846154,2.37,32.74,54.51,2819503254.52,4694292070.98,18.0141183371874,-1.83800757093036,,40864.329009777,86117998
IRN,2019,19.1253846153846,4.49,45.29,59.92,3942569137.92,5216134748.16,39.9073455697784,-3.0705879849703,,42000,87051648
IRN,2020,18.5069230769231,3.63,44.85,51.44,3934396418.55,4512493907.92,30.5941390387295,3.33028845926594,,42000,87723443
IRN,2021,19.9023076923077,2.21,37.73,62.46,3337425562.24,5524929780.48,43.3890162681515,4.71977773157164,,42000,88455488
IRN,2022,19.7676923076923,1.97,38.07,61.05,3408188045.22,5465455218.3,43.4884641742178,3.77663140152906,,42000,89524246
IRN,2023,19.8576923076923,2.49,37.85,62,3429539559.95,5617739834,44.5791857572797,5.04489019512138,,42000,90608707
IRQ,1990,22.9892307692308,2.04,26.35,91.21,463264778.1,1603581799.26,,57.8178283456035,,2002.38558586824,17581206
IRQ,1991,22.7215384615385,2.9,27.31,88.69,485223679.43,1575777668.57,,-64.0471069734499,,2002.38558586824,17767253
IRQ,1992,21.2938461538462,3.03,38.99,81.81,713549946.55,1497192129.45,,32.5922111963098,,2002.38558586824,18300845
IRQ,1993,22.6623076923077,3.09,30.49,91.1,585444435.55,1749228864.5,,30.2898294911571,,2002.38629443332,19201195
IRQ,1994,23.4592307692308,3.85,25.89,96.86,521419603.23,1950741706.02,,3.85453244906617,,2002.38738948844,20139807
IRQ,1995,23.0669230769231,2.49,25.22,91.09,525228189.2,1897027587.4,,2.12002149754704,,2002.38722845093,20825860
IRQ,1996,23.9015384615385,4.12,20.55,97.27,441852146.55,2091433493.67,,11.0207856442482,,2002.38721234717,21501321
IRQ,1997,22.4330769230769,3.94,30.74,88.37,681708468.82,1959745523.41,,21.237936128861,,2002.38721234717,22176593
IRQ,1998,23.8830769230769,2.61,25.42,101.9,581721422.58,2331920258.1,,35.0009676190523,,2002.38724455468,22884399
IRQ,1999,24.1330769230769,1.68,21.32,101.05,503930755.64,2388471053.35,,17.5801703743844,,2002.3897728437,23636527
IRQ,2000,23.3184615384615,2.45,28.49,97.63,695841355.44,2384520587.28,,16.7961344440251,,2002.40340735354,24424056
IRQ,2001,23.4307692307692,4.75,23.67,94.27,596432872.8,2375400376.8,,1.76660876568174,,2002.40491037037,25197840
IRQ,2002,23.2215384615385,4.41,26.13,94.01,679551386.67,2444876611.59,,-8.20370481187175,,2002.37270286683,26006559
IRQ,2003,23.2169230769231,4.03,27.78,95.6,744577867.02,2562334200.4,,-36.6567804383165,,,26802659
IRQ,2004,23.2930769230769,4.47,25.53,94.34,704063225.34,2601697010.52,,53.3855472887501,26.966878391243,1453.41666666667,27577878
IRQ,2005,23.0261538461538,5.09,26.84,92.18,762455904.32,2618598556.64,,1.67522863586828,20.2465658168836,1472,28407448
IRQ,2006,23.2546153846154,5.64,29.66,97.97,848765834.9,2803559974.55,,5.63829915220637,20.8397209059232,1467.41666666667,28616515
IRQ,2007,23.4446153846154,4.86,26.86,97.64,762598564.02,2772156507.48,,1.88853936243953,24.504536970164,1254.56721858704,28391607
IRQ,2008,23.3192307692308,4.65,30.1,99.25,872028183.6,2875375323,,8.22810710383277,23.518118982104,1193.08333333333,28971036
IRQ,2009,23.2238461538462,5.07,23.86,91.77,717188795.16,2758441564.62,,3.37929909442771,35.8160599684758,1170,30058206
IRQ,2010,24.9623076923077,2.78,16.78,107.29,520941241.48,3330857318.14,,6.40256484471193,37.8818477750462,1170,31045366
IRQ,2011,22.7638461538462,2.67,31.25,93.18,1005044500,2996801488.32,,7.546471200426,34.0951641451793,1170,32161424
IRQ,2012,23.8738461538462,4.47,27.23,103.59,916421347.66,3486305082.78,,13.9364301737537,30.3618243387,1166.16666666667,33654842
IRQ,2013,22.6423076923077,3.6,25.44,85.79,897573800.16,3026841836.31,,7.62828592298754,32.7178933527608,1166,35281989
IRQ,2014,23.8392307692308,2.57,21.74,97.65,794598282.66,3569113261.35,,2.26368817563613,34.9145604974323,1166,36550059
IRQ,2015,24.0384615384615,4.43,25.17,103.67,945398665.95,3893900663.45,,2.60676642939541,43.4183533850378,1167.33333333333,37560535
IRQ,2016,23.7146153846154,4.64,25.22,99.51,970203992.94,3828112582.77,0.556521397155535,13.7873730187089,45.9397049158774,1182,38469627
IRQ,2017,23.7830769230769,2.44,26.27,101.45,1033392263.31,3990774461.85,0.184058898847663,-1.81975035118309,41.8905778293773,1184,39337353
IRQ,2018,24.1830769230769,10.49,18.43,98.81,742095450.32,3978646307.44,0.36744148893688,2.63385099105624,35.4719338243209,1182.75,40265624
IRQ,2019,23.62,4.48,25.35,98.41,1044221534.85,4053721548.11,-0.198965380023939,5.51379057542323,37.4572458230051,1182,41192171
IRQ,2020,24.0576923076923,4.69,23.1,101.85,972893575.5,4289576219.25,0.574162679425837,-12.0367930931152,55.5992844084916,1192,42116605
IRQ,2021,24.5615384615385,2.22,21.12,106.42,909663976.32,4583638274.62,6.0418648905804,1.50218070952037,46.0070547829474,1450,43071211
IRQ,2022,24.3830769230769,2.57,21.81,104.79,961178717.31,4618153039.29,4.99476596381041,7.95904804992662,40.3876930700724,1450,44070551
IRQ,2023,24.5030769230769,5.45,19.86,104.4,895170613.14,4705730715.6,4.35835351089588,0.517705525131191,51.1548145806622,1312.5,45074049
ISL,1990,-3.02692307692308,40.57,273.35,0,69656687.1,0,15.510721994253,1.16937030878044,33.9242108328506,58.283775,254826
ISL,1991,-2.20769230769231,37.83,262.7,0,67723271.9,0,6.80877887943634,-0.22352553863081,36.3674911996062,58.9963416666667,257797
ISL,1992,-2.99307692307692,40.81,272.91,0,71245065.87,0,3.94771176824032,-3.3738941461138,37.8009289929252,57.5459333333333,261057
ISL,1993,-2.79461538461538,35.68,270.33,0,71292779.25,0,4.04285291076945,1.31344947986007,39.0334169940542,67.6031816666666,263725
ISL,1994,-3.25769230769231,36.76,276.35,0,73514903.35,0,1.55265627495778,3.60885794214387,37.4655076424519,69.9443783333333,266021
ISL,1995,-3.63076923076923,35.37,281.2,0,75212001.6,0,1.65123150116656,0.116583699637275,37.2485737760117,64.6916666666666,267468
ISL,1996,-2.60538461538462,33.19,267.87,0,72034528.92,0,2.26041898267297,4.56712354644743,36.911289248579,66.5,268916
ISL,1997,-2.74153846153846,41.59,269.64,0,73106953.92,0,1.81543080282242,5.7716124359693,37.1380670632019,70.9042908333333,271128
ISL,1998,-3.28461538461539,38.35,276.7,0,75828804.9,0,1.65924170953427,7.36339280492768,38.051654752233,70.9583333333334,274047
ISL,1999,-3.09615384615385,38.87,274.25,0,76071739.25,0,3.23183260906467,4.03492993952877,41.4384524172536,72.3352933333333,277381
ISL,2000,-3.03153846153846,34.77,273.41,0,76884259.05,0,5.13647123245151,4.98504276049793,42.0185298292368,78.6159466666667,281205
ISL,2001,-2.58384615384615,37.63,267.59,0,76254587.12,0,6.40508550386868,4.01349754356876,42.7966191502897,97.4246033333333,284968
ISL,2002,-2.26538461538462,34.22,263.45,0,75747934.35,0,5.19702230216629,0.559519096112055,46.1239426047581,91.6616666666667,287523
ISL,2003,-1.66538461538462,41.43,255.65,0,74016043.65,0,2.05566329753741,2.14268837412426,54.9869629136729,76.7089825,289521
ISL,2004,-1.94769230769231,37.75,259.32,0,75740629.68,0,3.15819324298464,7.80239945437535,57.8027618860806,70.1916666666667,292074
ISL,2005,-2.73384615384615,39.32,269.54,0,79981682.36,0,3.98704782806593,6.12443905447644,66.6960166796538,62.9816666666667,296734
ISL,2006,-2.18461538461538,36.02,262.4,0,79712396.8,0,6.68707906136661,6.31699302169923,92.4791986244488,70.18,303782
ISL,2007,-2.44538461538462,40.03,265.79,0,82811127.14,0,5.05155736492146,8.45486010373536,86.5131114995523,64.055,311566
ISL,2008,-2.78538461538462,34.37,270.21,0,85768436.94,0,12.6943942775878,2.2094964133306,99.7058162719665,87.9479166666667,317414
ISL,2009,-2.50076923076923,36.72,266.51,0,84883168.49,0,12.0031298461743,-7.66380951993094,99.8599147465712,123.638381413044,318499
ISL,2010,-2.53076923076923,28.25,266.9,0,84885142.9,0,5.39673113167477,-2.83277492276433,86.9355317414152,122.241811205165,318041
ISL,2011,-2.59307692307692,37.89,267.71,0,85403237.94,0,4.00102664343118,1.84577914882841,87.5094097926714,115.954039762284,319014
ISL,2012,-2.64,33.2,268.32,0,86054517.12,0,5.185899887507,1.06363659586417,79.8839676030826,125.082787013769,320716
ISL,2013,-3.02692307692308,35.15,273.35,0,88500889.4,0,3.87227923748245,4.55246028923359,78.2981039826737,122.179121320458,323764
ISL,2014,-1.96692307692308,35.53,259.57,0,84979584.02,0,2.04461481539334,1.68721503481333,78.2154369720237,116.767352506899,327386
ISL,2015,-3.19461538461539,35.8,275.53,0,91149456.95,0,1.63305558181334,4.43666373898085,74.5523666418363,131.918708431432,330815
ISL,2016,-2.00615384615385,32.21,260.08,0,87240975.12,0,1.69692761997744,6.30368712479275,65.4020659755355,120.811548065239,335439
ISL,2017,-2.18076923076923,36.17,262.35,0,90090990,0,1.76041559180602,4.19494878934674,65.3168349638211,106.839572014,343400
ISL,2018,-2.31692307692308,37.98,264.12,0,93160670.52,0,2.68291768267385,4.88917300218223,64.9178002085275,108.300176306626,352721
ISL,2019,-2.28230769230769,33.12,263.67,0,95069646.21,0,3.01397179156058,1.8611779461166,65.0356109158977,122.606773601907,360563
ISL,2020,-2.74230769230769,38.1,269.65,0,98816747.95,0,2.8479240151866,-6.94045306829003,72.1364576000144,135.421711629205,366463
ISL,2021,-2.61846153846154,37.32,268.04,0,99850260.8,0,4.44423970189744,5.03340613127381,71.584012900192,126.988860204557,372520
ISL,2022,-2.54923076923077,35.99,267.14,0,102048281.42,0,8.30875511558923,8.97897085175497,65.6960722201807,135.27990200138,382003
ISL,2023,-2.84,33.45,270.92,0,106566111.08,0,8.73630299937292,5.64646181923563,63.6737783780982,137.942952429967,393349
ISR,1990,19.6392307692308,5.68,23.39,44.7,108997400,208302000,17.2553348050036,7.3151991944807,59.4239132819638,2.016175,4660000
ISR,1991,19.5346153846154,7.07,24.13,44.08,119419370,218151920,19.1088798242862,7.72611510990106,54.0581993273973,2.27910833333333,4949000
ISR,1992,18.4861538461539,6.28,35.49,41.81,181815270,214192630,12.0653319283457,7.7592662201412,56.6167790914726,2.45908333333333,5123000
ISR,1993,19.5607692307692,3.65,27.27,47.56,143467470,250213160,10.8838740009403,4.11675635714511,59.7019529012546,2.83008333333333,5261000
ISR,1994,19.9038461538462,8.21,27.02,51.77,145880980,279506230,12.253550985796,7.42784528286684,61.527283531185,3.01105520833333,5399000
ISR,1995,19.4576923076923,2.16,27.24,46.19,151045800,256123550,9.93389990557126,6.60292466276256,64.3862122586293,3.01129166666667,5545000
ISR,1996,20.0907692307692,3.34,20.69,47.87,117767480,272476040,11.4585122831129,5.83943847597874,69.5802703951845,3.19165,5692000
ISR,1997,19.2861538461538,7.64,27.52,44.24,160606720,258184640,8.95499383477184,3.61234610744576,71.3191775879384,3.44935,5836000
ISR,1998,20.5207692307692,3.19,22.48,55.25,134228080,329897750,5.48875371339657,4.11196396238032,76.7610248163792,3.800075,5971000
ISR,1999,20.44,2.63,18.83,50.55,115333750,309618750,5.18975459299982,3.29727980669843,80.8298705243685,4.13971666666667,6125000
ISR,2000,19.7053846153846,5.64,26.79,48.96,168482310,307909440,1.0326364099949,8.58208942390802,78.8466448236226,4.07733333333333,6289000
ISR,2001,20.3646153846154,4.35,19.48,50.22,125431720,323366580,1.1230283911672,0.277927326527333,83.9498720495981,4.20565,6439000
ISR,2002,20.3676923076923,5.6,19.97,50.75,131202900,333427500,5.8023458946843,-0.134072634658438,89.1368560873557,4.737825,6570000
ISR,2003,20.2938461538462,3.95,23.42,53.24,156672774,356159628,0.707630616818064,1.4490576944626,88.3852227522108,4.55413333333333,6689700
ISR,2004,20.1892307692308,5.06,21.18,49.64,144214620,337998760,-0.421595034547413,4.64789744397389,90.36051991415,4.48198333333333,6809000
ISR,2005,20.1784615384615,2.71,20.28,48.6,140542428,336802860,1.34070328119492,4.38778887041551,94.2696784460333,4.4877,6930100
ISR,2006,19.9361538461539,4.73,23.21,48.38,163716377,341258006,2.05407914587443,5.60162698158004,94.2660963265605,4.45580833333334,7053700
ISR,2007,20.2015384615385,3.97,22.86,51.48,164137086,369631548,0.46622697293607,6.32334950499747,69.9993835572998,4.10808294905577,7180100
ISR,2008,20.4484615384615,4.43,20.69,52.52,151219072,383858176,4.52744765138651,3.22209599987266,75.2806773584499,3.58802119408369,7308800
ISR,2009,20.4123076923077,3.59,20.79,52.15,155625624,390374040,3.3676231727125,1.23773159721814,75.3314555761319,3.93233547791667,7485600
ISR,2010,21.8484615384615,4.44,11.52,61.55,87823872,469232580,2.70270270270273,5.53434033902194,72.7507497846462,3.738975,7623600
ISR,2011,19.6561538461539,5.21,24.69,46.22,191737602,358935276,3.48837209302326,5.51879621371651,75.8175009209447,3.5781293062201,7765800
ISR,2012,20.4023076923077,4.86,25.99,57.22,205593895,452638810,1.67553715750051,2.44716836741318,76.0666112831824,3.85592182539683,7910500
ISR,2013,20.3307692307692,4.76,18.92,49.22,152485740,396688590,1.58976347421478,4.08570918638205,77.8530703443841,3.61075833333333,8059500
ISR,2014,20.4838461538462,5.95,17.59,49.88,144514163,409799116,0.467557251908428,3.77582843213109,83.2457277089958,3.577925,8215700
ISR,2015,20.21,10.57,23.58,52.31,197602758,438363031,-0.617342577642716,2.23760317482488,82.89929598339,3.88683333333333,8380100
ISR,2016,20.6261538461538,8.83,22,56.14,188012000,479772440,-0.53516819571867,4.45978271860821,83.6375497463975,3.84056666666667,8546000
ISR,2017,20.4130769230769,4.24,22.14,53.51,192912462,466248683,0.249807840122998,4.3469311670646,84.3208763149463,3.59955554812834,8713300
ISR,2018,21.1207692307692,9.53,15.64,56.21,138926992,499302188,0.805060379528465,4.00389862187025,83.9105882960456,3.59055812689938,8882800
ISR,2019,20.4961538461539,5.52,23.67,56.12,214308180,508110480,0.817645940292847,3.71049632750405,85.3537639267262,3.56452734661093,9054000
ISR,2020,20.3369230769231,15.1,21.99,52.37,202640049,482594787,-0.575254620897805,-2.02161548237589,105.240569026853,3.44240585198793,9215100
ISR,2021,21.1023076923077,5.88,17.75,58.08,166342350,544290912,1.47965474722565,9.38837403354628,108.624704936116,3.23019832251082,9371400
ISR,2022,20.3223076923077,8.69,24.51,54.7,234254325,522795250,4.41162725488366,6.26326343841286,103.067475385743,3.35961440158189,9557500
ISR,2023,21.2646153846154,8.07,17.37,59.81,171077130,589068690,4.22522603168918,1.82652049482384,101.307349154832,3.6673747160226,9849000
ITA,1990,15.5746153846154,28.17,52.6,21.07,2983432024,1195074386.8,6.45660906146399,1.98577491758405,,1198.10166666667,56719240
ITA,1991,14.6207692307692,29.13,66.46,22.53,3772171305.66,1278769478.13,6.24999929790291,1.53844759206665,,1240.61333333333,56758521
ITA,1992,15.4738461538462,28.18,54.36,21.52,3087489649.32,1222273312.24,5.27058998592932,0.834275417393798,,1232.40583333333,56797087
ITA,1993,15.4123076923077,20.02,58.35,24.71,3316136755.35,1404314296.91,4.62673468331297,-0.852805731913904,,1573.66586666667,56831821
ITA,1994,16.3315384615385,17.5,49.53,27.84,2815453602,1582520256,4.05184218065717,2.15102367074849,,1612.44498333333,56843400
ITA,1995,14.9584615384615,21.8,57.9,18.36,3291285143.7,1043661403.08,5.23542258044301,2.88683671925843,,1628.93315833333,56844303
ITA,1996,14.7953846153846,34.4,58.63,16.97,3333718275.03,964918968.57,4.0069766898104,1.34558477192847,,1542.94696666667,56860281
ITA,1997,15.7223076923077,16.4,52.45,22.84,2983900011.4,1299376096.48,2.04310779750136,1.92572122608527,,1703.09690833333,56890372
ITA,1998,15.5323076923077,23.1,57.95,25.87,3297745814.8,1472177467.28,1.9550855771938,1.8043732818638,,1736.20738333333,56906744
ITA,1999,15.3946153846154,31.26,57.58,23.71,3277241532.86,1349485876.07,1.66345995007715,1.67799157943422,,0.938283072395283,56916317
ITA,2000,15.8469230769231,25.24,51.87,23.88,2953587141.96,1359777539.04,2.53768532095001,3.88209885062652,,1.08270508132602,56942108
ITA,2001,15.7030769230769,20.04,52.7,22.84,3002686898.7,1301354246.04,2.78516542713554,2.00643329837733,,1.11653308564462,56976981
ITA,2002,15.8415384615385,27.09,49,20.94,2797401376,1195460914.56,2.46532319171166,0.26992966378873,,1.05755899623965,57089824
ITA,2003,16.2584615384615,22.18,56.23,33.59,3227556116.32,1928038590.56,2.67255552772849,0.0665538088732092,,0.88404792718493,57399184
ITA,2004,15.4615384615385,32.66,54.91,21.91,3175345308.89,1267015401.89,2.20673661423658,1.4740217064723,,0.803921647747618,57828179
ITA,2005,14.9053846153846,34.44,62.4,22.17,3629600956.8,1289555339.94,1.9852929852798,0.762410677306491,,0.803800192161442,58166682
ITA,2006,15.6738461538462,20.69,53.4,23.16,3118552577.4,1352540780.76,2.09084391012754,1.79947992234244,,0.796432730949102,58399861
ITA,2007,16.1146153846154,17.35,47.85,23.34,2811486418.95,1371370804.98,1.82974112202403,1.46229205289291,,0.729672399984083,58756247
ITA,2008,15.9884615384615,31.71,50.7,24.55,3002006876.7,1453634493.55,3.34783258401022,-1.02313851177097,,0.679922680042729,59211181
ITA,2009,15.9553846153846,29.28,53.92,27.34,3211230079.68,1628246112.36,0.774768131387376,-5.30515401233991,,0.716957702016136,59555454
ITA,2010,15.1930769230769,33.16,58.06,21.57,3473114770.42,1290304608.99,1.52551602118248,1.52910573247101,,0.754308990105961,59819407
ITA,2011,15.9292307692308,21.44,51.35,24.43,3082378285.35,1466455725.63,2.78063272879327,0.695463154440176,,0.718413898653317,60026841
ITA,2012,16.0169230769231,27.87,53.9,28.12,3244308213.3,1692577865.64,3.04136333226773,-3.12523877282996,,0.778338120416812,60191247
ITA,2013,15.6153846153846,29.69,53.69,22.69,3238130501.97,1368470498.97,1.21999342274302,-1.81802510749792,,0.752945122701996,60311613
ITA,2014,15.9723076923077,43.76,45.15,18.79,2723479921.05,1133426084.53,0.241047429826794,-0.00138761730454462,,0.752728196932603,60320707
ITA,2015,16.1184615384615,29.58,52.17,27.71,3142178492.85,1668962354.55,0.0387903996579146,0.885667635240807,,0.901296423367096,60229605
ITA,2016,15.9930769230769,28.83,49.3,23.21,2963680493.9,1395274325.83,-0.094016656915686,1.23622108511661,,0.903421436257263,60115223
ITA,2017,16.2392307692308,17,52.49,29.6,3149518207.48,1776066659.2,1.22653316645805,1.60369995294101,,0.885205508269372,60002252
ITA,2018,16.4253846153846,29.48,48.01,27.54,2887737070.58,1656494041.32,1.13748763600396,0.826646712344115,,0.846772667108111,60148658
ITA,2019,16.3376923076923,29.94,52.09,30.48,3111287829.29,1820542388.88,0.611246943765281,0.429162533780342,,0.893276257067409,59729081
ITA,2020,16.4053846153846,27.02,48.14,27.41,2861386287.14,1629218905.91,-0.137707573916501,-8.86822122185345,,0.875506396987998,59438851
ITA,2021,16.0523076923077,28.06,53.36,28.04,3155346111.28,1658094170.92,1.87378325762482,8.93106210800055,,0.84549413889045,59133173
ITA,2022,17.2923076923077,18.55,46.62,37.42,2751217155.54,2208291419.14,8.20128991161714,4.82117669913565,,0.949623753156941,59013667
ITA,2023,17.1,26.57,45.18,33.48,2665325200.5,1975101543,5.62219442195906,0.715372500867531,,0.924839558470698,58993475
JOR,1990,17.5438461538462,1.58,40.19,34.26,145564482.52,124086568.08,,-0.275903907591925,126.955995798776,0.663711666666667,3621908
JOR,1991,17.0376923076923,4.37,44.85,32.34,175594432.65,126615918.66,,1.60853107260243,137.233333333333,0.680865833333333,3915149
JOR,1992,16.0123076923077,2.19,58.36,32.52,240892163.48,134232576.36,,14.3497760596886,116.192305561711,0.679818333333333,4127693
JOR,1993,17.24,2.03,45.15,35.27,196313103,153354665.4,,4.48698977985755,112.86327360725,0.692850833333333,4348020
JOR,1994,17.3669230769231,3.64,45.88,37.65,209277307.28,171736935.9,,4.97147669964757,103.967732311294,0.698764166666667,4561406
JOR,1995,17.2846153846154,1.5,46.21,36.91,219594356.16,175399863.36,,6.20087444373819,101.590620824231,0.7003775,4752096
JOR,1996,17.8369230769231,2.5,41.92,39.8,205932670.72,195518136.8,,2.08702078168028,96.6307313299129,0.709,4912516
JOR,1997,16.8630769230769,3.25,49.47,34.69,249639718.95,175055626.65,,3.30847538304737,99.4453701360637,0.709,5046285
JOR,1998,18.4915384615385,2.38,38.15,44.54,197017434.6,230017209.36,,3.01217269046565,96.8203679275554,0.709,5164284
JOR,1999,18.3430769230769,1.28,36.67,41.13,193487201.48,217020141.72,,3.38953079405088,108.567294879117,0.709,5276444
JOR,2000,17.6653846153846,1.8,44.78,40.43,241227397.1,217794186.35,,4.24571192079179,112.550502608899,0.709,5386945
JOR,2001,18.2461538461539,2.63,36.7,39.9,201809409.8,219405870.6,,5.26995757513571,114.691625940883,0.708983174066667,5498894
JOR,2002,17.9207692307692,3.21,40.15,39.12,225485049.9,219700501.92,,5.78380792679296,116.65646158375,0.708999833333333,5616066
JOR,2003,18.2223076923077,1.53,40.06,42.95,230017629.68,246611512.6,,4.16166755544407,127.85788592693,0.709,5741828
JOR,2004,18.1330769230769,2.17,38.59,40.32,226988733.99,237164699.52,,8.56721424236899,126.183366498165,0.709,5882061
JOR,2005,18.0623076923077,1.4,36.68,37.49,221165251.16,226049216.63,,8.14659481079931,138.877386394192,0.709,6029587
JOR,2006,17.8892307692308,2.5,41.85,40.41,268985476.35,259730062.11,,8.09297527811933,131.018388069768,0.709,6427371
JOR,2007,18.1,1.83,41.66,42.96,284422276.82,293297671.92,4.74390639021647,8.17616995204646,129.620073693668,0.708999766666667,6827227
JOR,2008,18.28,2.66,37.85,41.49,264566428.1,290009540.34,13.9712310012729,7.22038637280139,118.416732985521,0.70966655,6989866
JOR,2009,18.0284615384615,1.76,38.65,39.02,276028753.45,278671202.06,-0.73906974314477,5.02371007272669,135.844660269964,0.71,7141753
JOR,2010,19.9769230769231,2.39,25.33,51.03,184834099.19,372368104.29,4.84551875852119,2.31483422063046,134.178970455283,0.71,7297043
JOR,2011,17.4746153846154,2.27,44.3,37.47,331382783.2,280291487.28,4.16244162927783,2.73717988632104,126.642330067935,0.71,7480424
JOR,2012,18.3884615384615,2.19,42.15,47.2,319797403.05,358112394.4,4.51522956670997,2.42935800100238,115.780125452734,0.71,7587127
JOR,2013,17.8961538461539,2.6,36.62,35.27,292660045.58,281871103.43,4.82462314269536,2.60994737548631,121.352089680381,0.71,7991809
JOR,2014,18.3407692307692,2.35,32.89,37.32,289159341.9,328106617.2,2.89947905006051,3.38407809933472,108.74845245007,0.71,8791710
JOR,2015,18.0223076923077,7.77,43.91,44.2,419109050.39,421877021.8,-0.876851359704029,2.49652879315188,111.676531687872,0.71,9544729
JOR,2016,18.4069230769231,6.96,39.41,44.7,394350923.47,447284604.9,-0.77843046305416,1.9941808493012,112.713602214944,0.71,10006367
JOR,2017,18.5146153846154,2.59,39.91,46.6,408447959.66,476914931.6,3.32389447576103,2.47359815449045,108.017249160382,0.71,10234226
JOR,2018,18.8369230769231,7.48,33.15,44.03,346825443.9,460655333.18,4.46231108475482,1.91907091341564,103.789971242589,0.71,10462306
JOR,2019,18.13,5.79,44.37,46.06,473511803.67,491547299.46,0.76151404726555,1.75124077866225,106.338991433445,0.71,10671891
JOR,2020,18.2776923076923,9.46,42.62,46.23,463076017.36,502299490.44,0.333294350628422,-1.10275188309046,114.502915625995,0.71,10865228
JOR,2021,18.9830769230769,3.64,33.74,46.52,373378851.44,514806881.12,1.34609377243117,3.65564358999147,115.687385374212,0.71,11066356
JOR,2022,18.5315384615385,6.17,41.26,48.17,464433411.38,542214188.71,4.22915568897118,2.64743514912058,115.737535795106,0.71,11256263
JOR,2023,19.0138461538462,6.58,34.87,48.05,398885357.31,549654184.65,2.08486986327134,2.88408339281683,112.778794714048,0.71,11439213
JPN,1990,9.17,34.42,124.29,9.5,15347080620,1173041000,3.0785162869516,4.84092905699353,182.529794918697,144.7925,123478000
JPN,1991,8.30769230769231,51.35,130.36,4.36,16159947040,540483040,3.25143848753308,3.52335723553459,180.847948664571,134.706666666667,123964000
JPN,1992,7.77,38.56,136.53,3.54,16987745250,440464500,1.76028306059271,0.900586066438109,182.077478393815,126.651333333333,124425000
JPN,1993,7.17923076923077,48.55,141.65,0.98,17682027850,122332420,1.24304589707924,-0.459219716250544,189.997260642167,111.197785833333,124829000
JPN,1994,8.38230769230769,32.97,134.45,9.42,16830182100,1179176760,0.695458057868984,1.0833831743207,195.465948323022,102.207805833333,125178000
JPN,1995,7.05615384615385,40.12,147.36,5.09,18489553920,638652480,-0.127899045020453,2.6309996164206,199.255003944491,94.0595791666667,125472000
JPN,1996,7.26538461538462,39.42,144.05,4.5,18115295850,565906500,0.136600358575942,3.13387099272759,201.447600567703,108.779056666667,125757000
JPN,1997,7.82769230769231,38.56,136.16,3.92,17163921120,494143440,1.74780458692129,0.981228732290873,210.021205220392,120.9908625,126057000
JPN,1998,8.57923076923077,58.6,126.92,4.45,16042688000,562480000,0.661974191385939,-1.27033049466078,219.453887381374,130.905300666667,126400000
JPN,1999,8.13538461538462,48.52,132.49,4.25,16777341190,538181750,-0.341296928327602,-0.333929957687772,229.203936827303,113.906805,126631000
JPN,2000,7.87923076923077,46.28,136.51,4.94,17315337930,626604420,-0.67657868359508,2.76464755136783,229.077615476664,107.765498333333,126843000
JPN,2001,7.44461538461539,44.71,143.64,6.42,18263682360,816296580,-0.740055504162812,0.386103426142029,190.928195956053,121.5289475,127149000
JPN,2002,7.95153846153846,44.2,136.06,5.43,17340166700,692026350.000001,-0.923494026942286,0.0419624992862282,195.327455624032,125.388019166667,127445000
JPN,2003,7.92923076923077,51.46,133.11,2.19,17000542980,279702420,-0.25654181631606,1.53512549946694,196.574393961776,115.933464166667,127718000
JPN,2004,8.82615384615385,54.4,124.7,5.44,15931796700,695019840,-0.00857338820306043,2.18611569439318,195.767215356075,108.192569166667,127761000
JPN,2005,7.51076923076923,38.32,141.1,4.74,18028770300,605644020,-0.282946068764429,1.80390087215821,195.046079401242,110.218211666667,127773000
JPN,2006,8.07923076923077,53.41,134.19,5.22,17156728260,667397880,0.249355116079105,1.3723501275831,192.694099933068,116.299311666667,127854000
JPN,2007,8.24307692307692,43.43,131.92,5.08,16885891920,650245080,0.0600394544986545,1.48396941157472,192.515507201524,117.753529166667,128001000
JPN,2008,7.84230769230769,46.29,137.27,5.22,17579208010,668488860,1.38007886164926,-1.22428900061713,198.380955917486,103.359493968254,128063000
JPN,2009,8.15923076923077,45.68,131.7,3.77,16863789900,482737190,-1.35283672951723,-5.69323635892741,216.010517672502,93.5700890870456,128047000
JPN,2010,8.27538461538462,55.14,133.74,7.32,17128081800,937472400,-0.728243207517766,4.09791791943181,215.299528851468,87.779875,128070000
JPN,2011,7.65307692307692,51.83,139.92,5.41,17886393360,691576530,-0.272455616101245,0.0238095237995424,225.182425772778,79.8070198321892,127833000
JPN,2012,7.4,44.57,143.39,5.59,18300722310,713446110,-0.0440645104432608,1.37475099905274,228.7016706339,79.7904554170065,127629000
JPN,2013,8.25769230769231,31.25,134.48,7.83,17138803600,997894350,0.335037912184772,2.00510017681211,232.998408100954,97.5956582776385,127445000
JPN,2014,7.77230769230769,44.97,137.72,4.76,17528450720,605833760,2.75922671353253,0.296205514141889,234.996096844516,105.944781034025,127276000
JPN,2015,8.62923076923077,49.1,127.06,5.24,16154535460,666218840,0.795279630579784,1.56062669680782,233.391712728028,121.044025684011,127141000
JPN,2016,8.85769230769231,48.65,124.97,6.12,15880687720,777705120,-0.127258844489712,0.753826745789127,239.560415941815,108.792900046834,127076000
JPN,2017,7.81769230769231,45,138.85,6.48,17630062200,822778560,0.484199796126422,1.67533175173359,244.008403953908,112.166141081871,126972000
JPN,2018,8.81307692307692,47.91,127.04,7.61,16110069440,965031710,0.989094598021811,0.643391023533141,248.102177729878,110.42317934106,126811000
JPN,2019,8.87230769230769,49.73,124.49,5.83,15764542170,738270390,0.468776159383928,-0.402169200894946,252.68118129278,109.009665900863,126633000
JPN,2020,8.90846153846154,53.76,123.78,5.59,15628586580,705798990,-0.024995834027682,-4.16876457146743,280.439213855009,106.774582262437,126261000
JPN,2021,8.85384615384615,51.52,124.39,5.49,15633533353.27,689991945.57,-0.23335277939831,2.69657404187188,281.692224992826,109.754323839417,125681593
JPN,2022,8.66230769230769,50.18,128.35,6.96,16059792338.15,870869923.44,2.49770278172251,0.941998775483285,284.261042700703,131.498140443764,125124989
JPN,2023,9.6,48.42,118.45,9.25,14748997192.5,1151779012.5,3.26813365933164,1.47503481053384,274.989732435115,140.49110006234,124516650
KEN,1990,24.7038461538462,27.01,0,87.15,0,1995094534.65,,4.19205097155167,29.5770158681093,22.9147666666667,22892651
KEN,1991,25.3084615384615,17.46,0,95.01,0,2246655295.14,,1.43834679171559,30.9819286132647,27.5078666666667,23646514
KEN,1992,25.0738461538462,18.07,0,91.96,0,2242211021.6,,-0.799493958641349,36.5177963970306,32.2168333333333,24382460
KEN,1993,24.6969230769231,22.06,0,87.06,0,2186702387.28,,0.353197256227247,37.0652321479991,58.0013333333333,25117188
KEN,1994,25.0761538461539,25.95,0,91.99,0,2378597388.7,,2.632784517837,38.0160091374846,56.050575,25857130
KEN,1995,24.7053846153846,25.44,0,87.17,0,2318874634.67,,4.40621652482287,42.2322687761872,51.4298333333333,26601751
KEN,1996,24.7746153846154,20.45,0,88.07,0,2408204662.77,,4.14683926876013,35.7916911095672,57.1148666666667,27344211
KEN,1997,24.7715384615385,35.68,0,88.03,0,2473798637.04,,0.474901921293579,38.4226532591297,58.7318416666667,28101768
KEN,1998,24.4284615384615,26.17,0,83.57,0,2414174923.49,,3.29021372249065,35.8071838047635,60.3667,28888057
KEN,1999,25.2361538461539,19.32,0,94.07,0,2797021690.56,,2.30538859522412,35.770797830914,70.3262166666667,29733408
KEN,2000,25.5076923076923,10,0,97.6,0,2990746064,,0.599695390807426,35.1647273518432,76.1755416666667,30642890
KEN,2001,25.31,20.71,0,95.03,0,3004769725.1,,3.77990649795343,35.240744132139,78.563195,31619170
KEN,2002,25.0807692307692,25.01,0,92.05,0,3003573826.4,,0.546859530175595,38.1589103711513,78.7491416666667,32629808
KEN,2003,25.2876923076923,22.67,0,94.74,0,3188211607.02,,2.93247554570904,39.0231642223237,75.9355694444445,33652223
KEN,2004,25.5946153846154,18.67,0,98.73,0,3427259412.15,,5.10429977629738,39.3270274406413,79.1738760642135,34713455
KEN,2005,25.8930769230769,11.85,0,102.61,0,3673077223.24,,5.90666607980057,38.9067146493246,75.5541094514311,35796484
KEN,2006,25.4823076923077,27.96,0,97.27,0,3589652858.16,,6.47249430015484,34.601568789648,72.1008350178622,36904008
KEN,2007,25.5507692307692,15.77,0,98.16,0,3733648017.84,,6.85072976998784,36.0648196834475,67.3176381242857,38036349
KEN,2008,25.6676923076923,14.54,0,99.68,0,3908089067.68,,0.232282744812977,36.1054991412913,69.175319816226,39206351
KEN,2009,26.0638461538462,14.91,0,104.83,0,4236064043.53,,3.30693981631089,31.8735611625184,77.352012297579,40408891
KEN,2010,25.76,16.4,0,100.88,0,4196463438.96,,8.05847360290906,35.5104303989891,79.2331517045454,41598567
KEN,2011,25.8076923076923,18.23,0,101.5,0,4339983791.5,14.0224913014704,5.1211061197056,36.5694357157819,88.8107699710456,42758461
KEN,2012,25.6515384615385,18.14,0,99.47,0,4365569499.41,9.37777003547595,4.56867961444982,36.5265195457312,84.5296017573529,43888303
KEN,2013,25.6707692307692,16.28,0,99.72,0,4486082798.52,5.71749357037735,3.7978483925754,37.7933919281896,86.1228788982654,44986791
KEN,2014,25.9923076923077,14.11,0,103.9,0,4784744616,6.87815499275944,5.02011100232484,42.3012569025283,87.9221638089727,46051440
KEN,2015,26.0384615384615,20.01,0,104.5,0,4920750967,6.58215429284783,4.96772112759767,42.8193857794093,98.1784533265271,47088526
KEN,2016,25.9615384615385,16.79,0,103.5,0,4982457604.5,6.29724953814624,4.21351706814744,40.3276116242301,101.504369498594,48139687
KEN,2017,26.2492307692308,15.78,0,107.24,0,5275968425.84,8.00564967709946,3.83795817364721,39.351989294104,103.410004519014,49197766
KEN,2018,24.9876923076923,31.69,0,90.84,0,4560813599.88,4.68980646776328,5.64794640709219,39.3598323408541,101.301574049018,50207107
KEN,2019,26.1923076923077,26.17,0,106.5,0,5453101075.5,5.23963795764789,5.11415885767801,38.0704837589513,101.99129838935,51202827
KEN,2020,25.4415384615385,24.04,0,96.74,0,5051504891.16,5.40516207933395,-0.272766327438816,41.2025809064046,106.450780158517,52217334
KEN,2021,25.7484615384615,23.16,0,100.73,0,5360766591.18,6.10793603659178,7.59048947333467,38.9887824596899,109.637746592367,53219166
KEN,2022,25.4146153846154,20.14,0,96.39,0,5229394715.79,7.65986268272222,4.85998104287999,37.3799304186568,117.865989201682,54252461
KEN,2023,25.5723076923077,31.33,0,98.44,0,5447571455.32,7.67139634029401,5.55587301319866,40.0066875328581,139.846383759617,55339003
KWT,1990,25.6884615384615,1.59,15.5,115.45,26114694.5,194512353.55,,-26.2288925207873,,,1684819
KWT,1991,25.2376923076923,2.38,16.16,110.25,21838607.84,148991739.75,,-41.007790668086,192.239126852806,,1351399
KWT,1992,23.8492307692308,1.99,25.78,101.82,42149294.58,166471729.02,,82.8093290262528,103.981805475297,0.293222666666667,1634961
KWT,1993,25.1507692307692,4.3,16.31,109.27,27272782.81,182715939.77,,33.9904675559008,88.4679726022994,0.3018386,1672151
KWT,1994,25.66,2.25,14.62,114.2,24332957.82,190070026.2,,8.43616564472201,91.367212386201,0.296870315,1664361
KWT,1995,25.0861538461539,4.49,15.58,107.7,26197972.54,181098950.1,,4.85829125202741,90.8909402383564,0.298447720833333,1681513
KWT,1996,26.0692307692308,4.48,10.39,115.29,17977255.94,199480061.34,,0.605127158807079,77.7476111187706,0.299408563333333,1730246
KWT,1997,24.9261538461539,4.25,18.51,108.55,33090012.33,194052989.65,,2.47332525804084,82.7223652340144,0.303348835,1787683
KWT,1998,26.4561538461539,2.03,12.9,122.83,23791495.8,226535614.66,,3.66205472795443,95.5732625055334,0.30475564,1844302
KWT,1999,26.4646153846154,2.66,12,122.04,22800360,231879661.2,,-1.78900912450079,83.7322922233006,0.304414666666667,1900030
KWT,2000,25.6584615384615,2.55,16.21,115.77,31685832.89,226296660.93,,4.69458187079211,70.5530539398287,0.306751583333333,1954709
KWT,2001,26.1223076923077,3.07,13.31,118.9,26728090.51,238765586.9,,0.213332576499354,86.0609523364486,0.306681666666667,2008121
KWT,2002,25.8969230769231,1.31,14.7,117.36,30281617.8,241758548.64,,3.01428315192251,83.2295858498706,0.303914251666667,2059974
KWT,2003,25.9884615384615,0.73,12.99,116.84,27407354.19,246518496.04,,17.3260204175143,72.9032052540092,0.298011521083333,2109881
KWT,2004,26.0461538461538,1.54,14.51,119.11,31302713.2,256958385.2,,10.2402980586354,66.7090148258519,0.2947,2157320
KWT,2005,25.6453846153846,4.02,13.88,113.27,31046617.44,253360976.76,,10.6090449840228,55.4661872912534,0.292,2236788
KWT,2006,26.1192307692308,0.99,16.34,121.89,38639737.22,288237305.37,,7.51477300024021,54.0239199850693,0.290176225,2364733
KWT,2007,25.9553846153846,2.14,16.36,119.78,41029031.32,300394704.86,,5.99157551059315,58.1939749421435,0.284213958333333,2507887
KWT,2008,25.7623076923077,1.11,19.48,120.39,51649681.08,319204574.19,,2.47975694278544,55.4021057652992,0.268828366666667,2651421
KWT,2009,25.7261538461539,1.01,12.47,112.91,34859685.48,315638098.44,,-7.07605643073411,81.6356054196916,0.287785416666667,2795484
KWT,2010,27.3153846153846,0.13,7.26,128.36,21368880.72,377811229.92,,-2.37054804702014,77.4935855448567,0.286606591666667,2943372
KWT,2011,25.4792307692308,0.9,16.95,114.18,53101197.3,357704702.52,4.83940349870949,9.6286341294699,65.2684028810783,0.275978944444444,3132814
KWT,2012,26.0838461538462,0.37,15.07,120.16,50290232.63,400987017.44,3.25514600287216,6.62587503701585,60.6308407258849,0.279935558333333,3337109
KWT,2013,25.4869230769231,0.2,12.96,110.29,45461658.24,386880114.76,2.68229684085034,1.14946534308449,65.6454772553471,0.283589441666667,3507844
KWT,2014,25.7907692307692,4.9,14.76,116.04,54108329.76,425388251.04,2.90892672858624,0.500914739235171,72.6379248508085,0.284567141666667,3665876
KWT,2015,26.3453846153846,0.4,14.44,122.93,55371248.56,471384181.82,3.27170166092134,0.592770733341254,99.3213736834473,0.300852025,3834574
KWT,2016,26.2730769230769,0.75,13.73,121.28,54976238.08,485616762.88,3.19839776658376,2.92607587738732,107.142253416239,0.302137441178496,4004096
KWT,2017,26.6384615384615,0.15,15.8,128.1,65646029.6,532231417.2,2.17183298510004,-4.71222270116762,100.411239866884,0.303349758333333,4154812
KWT,2018,27.0930769230769,1.83,8.11,126.32,35063706.65,546146414.8,0.543133148199583,2.74333053861294,91.3712194522992,0.301956493524177,4323515
KWT,2019,26.5053846153846,0.52,12.34,122.91,54818179.44,546005059.56,1.09184802655853,2.26381690553512,88.1343235483966,0.303611163035755,4442316
KWT,2020,26.5546153846154,0.6,12.9,124.11,56763444.3,546117137.37,2.10172954827401,-4.81778982257279,102.691321125125,0.306233121756716,4400267
KWT,2021,27.3653846153846,0.24,10.38,132.13,45265778.7,576201092.45,3.42362947609189,1.67263689630211,80.9973822251243,0.301643110769949,4360865
KWT,2022,27.02,0.49,10.55,127.81,48420733.65,586602271.83,3.98064961990316,6.75866704650672,68.6583948918514,0.306250154417753,4589643
KWT,2023,26.9492307692308,2.23,10.75,127.09,52174265,616821147.8,3.64216403030709,-1.66720589738431,76.7136031374159,0.30718535125088,4853420
LAO,1990,22.5330769230769,44.95,0.77,59.7,3320205.35,257423713.5,,6.70457869081514,7.23783885962536,707.749981094527,4311955
LAO,1991,22.66,38.86,0.809999999999999,61.39,3592445.57999999,272271894.02,,4.29656364110154,7.10931002272996,702.083314579229,4435118
LAO,1992,22.2376923076923,35.61,2.92,58.01,13314166.32,264505064.46,,5.55985776817542,9.46780588081996,716.08331420526,4559646
LAO,1993,22.28,31.94,2.55,58.19,11946903,272623641.4,,5.91255655432118,13.2332285440455,716.249980867475,4685060
LAO,1994,22.4592307692308,49.03,0.670000000000002,58.64,3222177.40000001,282012660.8,,8.15901853271809,14.9876336108285,717.666647496299,4809220
LAO,1995,21.9484615384615,46.85,3.17,54.5,15626226.53,268652790.5,,7.03125432419004,13.6189131184648,804.690820071722,4929409
LAO,1996,21.8438461538462,39.64,2.99,52.96,15086577.22,267219106.88,,6.9283237283322,14.1931138271973,921.021666666667,5045678
LAO,1997,22.8938461538462,29.25,0.120000000000001,63.74,618241.320000005,328389181.14,,6.87209127120695,18.4444848264583,1259.97916666667,5152011
LAO,1998,23.46,35.44,0,70.98,0,372521920.68,,3.96760809197698,20.5078138241168,3298.33333333333,5248266
LAO,1999,21.87,46.19,5.3,55.61,28306155.2,297000998.24,,7.30637607138169,14.9525006830313,7102.025,5340784
LAO,2000,21.7923076923077,48.39,0.960000000000001,50.26,5213963.52000001,272972715.12,,5.79878232861959,16.5386455524761,7887.64333333333,5431212
LAO,2001,21.8846153846154,50.61,3.39,53.89,18717823.98,297552664.98,,5.75141287983195,16.3356430472939,8954.58333333333,5521482
LAO,2002,23.1907692307692,15.79,1.27,68.75,7125829.03,385748618.75,,5.91874368370564,19.9604313602254,10056.3333333333,5610889
LAO,2003,24.4584615384615,15.16,0,83.96,0,478399462.2,,6.06700230344272,19.9175839494556,10569.0375,5697945
LAO,2004,23.6030769230769,17.03,0.390000000000001,73.23,2254834.14,423388471.98,,6.35769548008234,20.5788426752205,10585.375,5781626
LAO,2005,23.7623076923077,25.25,0.16,75.07,939123.680000001,440625091.61,,7.10756836811267,19.0763401255551,10655.1666666667,5869523
LAO,2006,24.5553846153846,12.73,0,85.22,0,508183904,6.54559439052787,8.61926620832807,20.0852445867198,10153.6240754273,5963200
LAO,2007,24.2307692307692,15.87,0,81,0,490555116,4.66197269469702,7.59682880054878,24.1018900504253,9602.72881820274,6056236
LAO,2008,23.1423076923077,24.81,0.219999999999999,67.07,1352773.17999999,412411350.83,7.62880887577516,7.82490276337012,24.2925765896944,8740.18140302543,6148969
LAO,2009,24.3553846153846,15.82,0.359999999999999,82.98,2246991.12,517931453.16,0.14118767498038,7.50177491225853,30.8241747256511,8511.35116305693,6241642
LAO,2010,24.6346153846154,20.26,0,86.25,0,546324232.5,5.98254521550086,8.52690551739717,36.1878338307889,8254.16302973342,6334194
LAO,2011,22.6046153846154,33.08,0.41,60.27,2634901.9,387330579.3,7.56898856109974,8.03865268023725,,8029.2625550619,6426590
LAO,2012,23.7676923076923,27.95,0,74.98,0,488792970.44,4.25512677832095,8.02609843461283,,8006.58203188054,6518978
LAO,2013,23.1446153846154,33.15,3.28,70.16,21685342.8,463854771.6,6.37142717782939,8.02630022699017,,7833.22998982965,6611385
LAO,2014,23.1323076923077,30.75,1.01,67.73,6770203.72000001,454005839.56,4.12924306873774,7.61196343979319,,8042.42157002354,6703172
LAO,2015,23.8092307692308,26.78,0.82,76.34,5577348.9,519237579.3,1.27735427102992,7.27006584373785,,8127.61059846586,6801645
LAO,2016,23.1261538461538,59.66,1.32,67.96,9119618.64,469522183.92,1.59691227583207,7.02283625501138,,8124.36675616228,6908802
LAO,2017,21.6415384615385,74.22,2.46,49.8,17264641.62,349503720.6,0.825478607568033,6.8925308726989,,8244.84318921019,7018147
LAO,2018,21.5838461538462,99.23,1.01,47.6,7199325.45000001,339294942,2.04039266890203,6.24796000755872,,8401.33476613966,7128045
LAO,2019,22.3569230769231,48.13,1.76,58.4,12738239.36,422677942.4,3.32255881256922,5.4577350924848,,8679.40909309671,7237636
LAO,2020,22.3684615384615,48.5,1.49,58.28,10946334.17,428155943.24,5.10407262959923,0.503031829018681,,9045.78783382479,7346533
LAO,2021,22.08,49.68,4.04,57.08,30110903.76,425428313.52,3.75562036658876,2.52835100486102,,9697.91578947368,7453194
LAO,2022,22.0146153846154,53.56,0.600000000000001,52.79,4535404.20000001,399039979.53,22.9562225132056,2.70742652643155,,14035.2266926511,7559007
LAO,2023,23.8423076923077,25.09,1.52,77.47,11650789.36,593807007.71,31.2301341732645,3.74568140158232,,17688.8735909054,7664993
LBY,1990,22.2046153846154,1.72,17.57,72.23,78102849.23,321079612.97,,3.72013163404128,68.1369456322541,0.283177189703,4445239
LBY,1991,21.7084615384615,1.3,20.77,68.98,94387188,313472712,,15.6551316776498,61.4223917158446,0.2807283172785,4544400
LBY,1992,20.9253846153846,0.59,24.18,62.21,112203711.36,288676297.92,,-2.71227407954309,67.3535268839744,0.281553354124583,4640352
LBY,1993,21.7492307692308,0.44,22.58,71.32,106872156.1,337560769.4,,-3.76319264327812,72.9557436776682,0.304370218790316,4733045
LBY,1994,22.0623076923077,1.1,18.18,70.99,87664632.66,342316406.63,,1.93478674200678,77.871275208187,0.348368210137774,4822037
LBY,1995,22.0353846153846,1.84,20.15,72.61,98872886.45,356285870.23,,-2.2204069560875,79.6179775280899,0.418144934349807,4906843
LBY,1996,22.1284615384615,0.54,16.12,69.79,80396775.16,348070157.47,,2.13412320029278,70.5295566502463,0.436799769214902,4987393
LBY,1997,21.8476923076923,2.19,20.59,70.61,104280917.01,357614159.79,,5.21267102136972,58.4656159445897,0.460866115311545,5064639
LBY,1998,22.1807692307692,0.77,21.71,76.06,111604683.84,391001946.24,,-3.55224474739784,67.392089153979,0.467574437452601,5140704
LBY,1999,22.46,0.96,17.2,75.18,89750253.6,392292096.84,,0.749659257603952,55.2720843821167,0.463810768619975,5218038
LBY,2000,21.6607692307692,0.96,22.36,69.95,118620269.56,371086218.95,,3.6792704082,48.510866238139,0.512189613308333,5305021
LBY,2001,22.8407692307692,0.41,15.78,78.71,85269423.42,425320425.69,,-1.76283887062603,48.0595930232558,0.605064253623333,5403639
LBY,2002,22.6969230769231,0.53,17.64,78.7,97168352.4,433511867,,-0.958897332849631,40.4628632938644,1.27067917397333,5508410
LBY,2003,22.7792307692308,0.31,17.24,79.37,96878421.52,446011619.26,,13.0160372478013,33.3414634146341,1.29294412808415,5619398
LBY,2004,22.6853846153846,0.16,14.31,75.22,82092076.83,431514047.46,,4.46163899648637,29.6172693281312,1.30496614426767,5736693
LBY,2005,22.62,0.87,15.71,75.77,92041716.58,443921124.46,,11.8707565226151,26.5646192598334,1.30838482391592,5858798
LBY,2006,22.4853846153846,0.66,17.68,75.99,105730130.48,454436233.89,,6.50052541959279,23.7758446174914,1.31357162479067,5980211
LBY,2007,22.7415384615385,0.55,15.42,77.06,94129539.6,470403522.8,,6.22998278561838,30.1603580845503,1.26264486767833,6104380
LBY,2008,22.8123076923077,1.01,18.94,81.5,118099044.2,508187545,,-0.162048238799883,36.4320992308852,1.22356239341867,6235430
LBY,2009,22.9461538461539,0.52,12.54,76.84,79838242.44,489216152.24,,-4.4001817631021,59.5385277387125,1.25353448862568,6366686
LBY,2010,24.2869230769231,0.17,6.75,88.48,43860413.25,574928794.72,,5.0272476723775,47.2537898621449,1.26678941001316,6497839
LBY,2011,22.3161538461539,1.92,17.05,73.16,108151611.15,464068731.48,15.5184815317561,-50.3385151384986,94.8898259248896,1.22415249460346,6343203
LBY,2012,22.3523076923077,1.51,22.13,78.71,136748528.64,486374906.88,6.05980392156859,86.8267484395784,53.9535712328016,1.26165963821484,6179328
LBY,2013,22.6830769230769,0.97,17.55,78.43,110646221.4,494471974.04,2.6058180271952,-17.9979615745681,69.877190748815,1.27169182111774,6304628
LBY,2014,22.9276923076923,0.33,13.04,77.1,83811366.08,495541129.2,2.43294141599223,-23.0428058282215,91.4126988327276,1.27240206718888,6427252
LBY,2015,22.2446153846154,1.2,19.49,74.67,127305152.31,487730924.73,10.4022933588151,-0.842656252118843,111.575426034826,1.38120985962103,6531819
LBY,2016,23.2838461538462,0.43,14.43,83.12,95701578.18,551262313.12,25.8538742124461,-1.4909411172622,132.06861470801,1.39036867889833,6632126
LBY,2017,21.9830769230769,0.76,21.06,72.84,141918496.2,490852006.8,25.8036184788337,32.4918021862688,122.142809910825,1.3938200108235,6738770
LBY,2018,23.6430769230769,1.14,14.97,88.33,102530353.35,604977028.15,13.1702038536721,7.9413678529104,108.54037238781,1.36496666666667,6849055
LBY,2019,22.6669230769231,0.55,20.69,81.36,143816872.77,565536044.88,-2.16217883470595,-11.1960828853386,115.150714616884,1.39826289736928,6951033
LBY,2020,22.82,1.02,16.87,79.53,118855881.13,560320582.47,1.44703656998739,-29.4552967282824,197.393967870597,1.38866668346465,7045399
LBY,2021,23.3446153846154,0.2,14.59,84.07,104102203.25,599854162.25,2.86833027751023,28.3334624622298,64.4124684090201,4.514425,7135175
LBY,2022,22.4069230769231,0.48,19.15,76.44,138335865.75,552187654.2,4.51030149235701,-8.25163004105288,,4.813175,7223805
LBY,2023,22.76,4.44,16.39,78.27,119739751.01,571813929.93,2.37317531435169,10.1558181770326,,4.81288333333334,7305659
LKA,1990,26.8146153846154,38.6,0,114.59,0,1873828162.22,,6.39999531084838,28.2587504686622,40.0629166666667,16352458
LKA,1991,26.9276923076923,38.35,0,116.06,0,1912129585.24,,4.59998724404535,29.7628690097974,41.3715,16475354
LKA,1992,26.3376923076923,38.27,0,108.39,0,1814370992.76,,4.39999125181939,30.4367168450185,43.829625,16739284
LKA,1993,26.4307692307692,49.64,0,109.6,0,1866040612.8,,6.90006325149474,31.9499025359947,48.3221675,17025918
LKA,1994,26.0230769230769,34.84,0,104.3,0,1801863123.9,,5.59991872510166,32.9834014805227,49.4151416666667,17275773
LKA,1995,27.6746153846154,10.48,0,125.77,0,2209032832.36,,5.5000852341585,38.8518386515158,51.2515891666667,17564068
LKA,1996,27.5830769230769,13.06,0,124.58,0,2230607142.44,,3.79996720568178,37.5791404557574,55.2714441666667,17905018
LKA,1997,27.4307692307692,34.24,0,122.6,0,2237229320,,6.40539969571286,37.4793433916825,58.994605,18248200
LKA,1998,27.0030769230769,42.59,0,117.04,0,2176476191.12,,4.69842304772052,37.1067087366624,64.4501183333333,18596003
LKA,1999,25.8276923076923,41.17,0,101.76,0,1927815826.56,,4.30054049813373,38.7281491333797,70.63545,18944731
LKA,2000,26.8061538461539,37.44,0,114.48,0,2208668821.92,,6.00003315828934,38.4388964692487,77.0051166666667,19293054
LKA,2001,26.2907692307692,41.02,0,107.78,0,2112527016.36,,-1.54540813366026,39.0173000103738,89.3830133333334,19600362
LKA,2002,26.8130769230769,42.46,0,114.57,0,2269145006.64,,3.96467568513113,39.3504395072967,95.662065,19805752
LKA,2003,26.6653846153846,34,0,112.65,0,2247538840.65,,5.9402690780223,39.3880680483827,96.5209508333333,19951521
LKA,2004,26.8930769230769,44.62,0,115.61,0,2322328014.05,,5.44506127885352,41.0665812943213,101.1944575,20087605
LKA,2005,26.4823076923077,40.99,0,110.27,0,2229276101.48,,6.24174804376447,41.6778034206558,100.498051666667,20216524
LKA,2006,26.1415384615385,54.42,0,105.84,0,2154099180.24,,7.66829190107919,40.9892214399826,103.914445833333,20352411
LKA,2007,26.1269230769231,45.95,0,105.65,0,2165037379.25,,6.79682611892866,39.2326973771293,110.623233333333,20492545
LKA,2008,25.89,47.26,0,102.57,0,2115955301.46,,5.95008814473897,34.5243803776736,108.333762719298,20629378
LKA,2009,26.5492307692308,46.98,0,111.14,0,2306870185.9,,3.53891205317842,37.353420524259,114.944783333333,20756435
LKA,2010,26.1046153846154,67.93,0,105.36,0,2199820817.04,,8.01596737040464,31.5461108558666,113.064480448821,20879089
LKA,2011,25.8061538461539,73.3,0,101.48,0,2131998191.04,6.71676843588542,8.66948301160571,41.8727394926069,110.565207851396,21009048
LKA,2012,26.4184615384615,62.56,0,109.44,0,2316785483.52,7.54291373239432,8.63218138024038,41.0453555050186,127.60335350681,21169458
LKA,2013,25.9238461538462,51.26,0,103.01,0,2120460850,6.90845034828451,4.05174632926911,43.1505837836518,129.069030932888,20585000
LKA,2014,26.55,74.89,0,111.15,0,2309474700,3.1790022823606,6.37797889289399,45.5725928043996,130.564685218829,20778000
LKA,2015,25.99,72.13,0,103.87,0,2178153900,3.76836783062097,4.20595547677647,49.685390040446,135.856912797089,20970000
LKA,2016,26.7784615384615,39.52,0,114.12,0,2420371080,3.95888846593072,5.05362488994436,52.1138656119301,145.581667492026,21209000
LKA,2017,26.7430769230769,44.69,0,113.66,0,2438347980,7.70413767850602,6.46068127065753,54.4889133714938,152.446413948767,21453000
LKA,2018,26.2838461538462,51.6,0,107.69,0,2333642300,2.13503773713198,2.31008425545845,56.8919560259486,162.464858736778,21670000
LKA,2019,27.24,57.26,0,120.12,0,2618976360,3.52839358231813,-0.220483886831275,59.4620662097669,178.744925045848,21803000
LKA,2020,26.6115384615385,53.03,0,111.95,0,2453832050,6.15394508391736,-4.62451503749502,,185.592557772213,21919000
LKA,2021,25.9476923076923,71.78,0,103.32,0,2289157920,7.01478071238194,4.2074764951157,,198.764316844656,22156000
LKA,2022,25.9084615384615,65.02,0,102.81,0,2280428610,49.7211021114328,-7.34919301306745,,322.632674256475,22181000
LKA,2023,26.4430769230769,83.57,0,109.76,0,2418781120,16.5411742279832,-2.3298481898334,,327.506533333333,22037000
LSO,1990,10.4138461538462,24.71,98.62,0,178472219.52,0,,6.04547332978933,40.640726410805,2.58732083333333,1809696
LSO,1991,10.2876923076923,32.32,100.26,0,184716918.54,0,,6.96660729603671,35.5465435581569,2.761315,1842379
LSO,1992,10.9253846153846,20.08,91.97,0,172285009.78,0,,6.95636495400254,32.2562407261641,2.85201416666667,1873274
LSO,1993,10.6169230769231,30.31,95.98,0,182534092.14,0,,3.50976615760111,34.2495674548812,3.26774158333333,1901793
LSO,1994,10.4207692307692,23.01,98.53,0,189936970.71,0,,5.97987353536386,33.2534795587239,3.55079833333334,1927707
LSO,1995,10.7053846153846,27.52,95.44,0.609999999999999,186245147.28,1190376.57,,3.29093812272822,31.3362061998186,3.627085,1951437
LSO,1996,9.53846153846154,32.2,110,0,216965980,0,,5.59703605867827,32.7957279107207,4.29934916666667,1972418
LSO,1997,10.0115384615385,28.91,103.85,0,206467300.5,0,,3.70360343607432,33.2915021306695,4.60796166666667,1988130
LSO,1998,11.02,25.48,90.74,0,181302966.26,0,,1.53765589433743,34.4614248901987,5.52828416666667,1998049
LSO,1999,11.1807692307692,20.77,88.65,0,177586694.1,0,,0.476025052201194,30.0873320802108,6.10948416666667,2003234
LSO,2000,10.0653846153846,32.85,103.15,0,206703625.95,0,,3.87554677576694,27.6225431847664,6.93982833333333,2003913
LSO,2001,10.2838461538462,32.46,100.31,0,200705564.43,0,,3.56158183392093,28.0324218272255,8.60918083333334,2000853
LSO,2002,10.6384615384615,23.4,95.7,0,190890780.3,0,,0.723836067167127,26.5146995973571,10.5407466666667,1994679
LSO,2003,11.0961538461539,22.62,89.75,0,178159045.25,0,,4.55977716384528,26.2351811215662,7.56474916666667,1985059
LSO,2004,11.1092307692308,26.06,89.58,0,176573735.82,0,,1.69237417358596,24.3346836769651,6.4596925,1971129
LSO,2005,11.0492307692308,27.93,90.36,0,176479947.36,0,,3.46612222755311,24.2328456792603,6.35932833333333,1953076
LSO,2006,9.72307692307692,37.13,107.6,0,209288778.8,0,6.07271879734297,4.23009522805209,28.778280171772,6.77154916666667,1945063
LSO,2007,10.6830769230769,24.21,95.12,0,185794852.16,0,8.01243669043408,4.18791409957151,34.4391018777085,7.045365,1953268
LSO,2008,10.8953846153846,28.64,92.36,0,181629726.76,0,10.7156661309681,5.52341966978646,33.4564054765705,8.26122333333333,1966541
LSO,2009,10.5192307692308,24.69,97.25,0,192640871.75,0,-16.8596910540644,-1.25375779920832,35.7497316275754,8.47367415824888,1980883
LSO,2010,11.1623076923077,29.48,88.89,0,177446751.39,0,-2.40524254598709,5.26967078056286,39.4502317143071,7.32122196115288,1996251
LSO,2011,9.72230769230769,30.09,107.61,0,216727508.49,0,5.03663052101558,4.61641394528752,35.5631378898331,7.26113213232735,2014009
LSO,2012,10.3376923076923,26.7,99.61,0,202642001.94,0,6.05143662139971,6.33408374679448,35.1340198361316,8.20996862659332,2034354
LSO,2013,10.5553846153846,22.68,96.78,0,199028457.12,0,4.86511899496378,1.79252555575545,37.921760394771,9.65505606913526,2056504
LSO,2014,10.6653846153846,25.07,95.35,0,198336486.15,0,5.3702896100859,1.71054990545476,33.9869822662388,10.8526555687831,2080089
LSO,2015,11.5161538461539,18.33,85.37,1.08,179670641.07,2272979.88,3.2184451365593,3.12406678044546,33.6617216014764,12.7589308811644,2104611
LSO,2016,11.2323076923077,27.14,87.99,0.0100000000000016,187455831.78,21304.2200000033,6.59650490696546,3.60890731687714,31.0078773481475,14.7096108855267,2130422
LSO,2017,10.6838461538462,28.08,95.11,0,205162732.1,0,4.44769937376297,-3.13817493733471,39.388791319184,13.3238014244992,2157110
LSO,2018,10.6323076923077,23.24,95.78,0,209145495.34,0,4.75180301624745,-1.48063315848241,39.6125291662961,13.2339264715833,2183603
LSO,2019,11.7430769230769,25.65,81.51,0.170000000000002,180088601.55,375598.850000004,5.18708359197979,-1.41799383085205,35.3056002303545,14.4484270548333,2209405
LSO,2020,10.3607692307692,30.85,99.31,0,222030048.37,0,4.97809676252311,-8.15595879914267,42.2545219291342,16.4591053903333,2235727
LSO,2021,9.10615384615385,51.56,115.62,0,261479486.04,0,6.04774591950677,2.26671067006538,,14.7786782139167,2261542
LSO,2022,10.3276923076923,33.99,99.74,0,228016611.4,0,8.27180389943026,2.38778020186284,,16.3558534845,2286110
LSO,2023,10.7207692307692,31.11,94.63,0,218734595.36,0,6.3422174312495,1.82662525852363,,18.4502441785,2311472
MAR,1990,18.4169230769231,12.67,32.65,38.07,795861740.15,927977226.57,,3.41181222630115,46.1509067967768,8.24234166666666,24375551
MAR,1991,17.2576923076923,17.93,44.27,34.62,1097852349.78,858541864.68,,7.21608815359085,47.7032824355712,8.70655,24799014
MAR,1992,17.0592307692308,12.45,39.43,27.2,994127613.24,685779129.6,,-2.097738754022,50.9013961960403,8.537875,25212468
MAR,1993,16.7153846153846,12.96,45.58,28.88,1167512829.88,739749243.68,,-0.740591700332374,53.7242549714841,9.29870916666667,25614586
MAR,1994,18.4284615384615,9.73,34.18,39.75,888708095.96,1033532674.5,,10.5880004161286,53.1768927310237,9.202715,26000822
MAR,1995,18.1553846153846,14.6,29.87,31.89,788550944.23,841877790.81,,-5.40544787197402,55.9572669488579,8.54023583333334,26399429
MAR,1996,17.1238461538462,23.71,38.54,27.15,1033184443.78,727840105.05,,12.3728762700496,52.8401928772412,8.71587583333333,26808107
MAR,1997,17.68,20.89,28.94,24.78,787553972.78,674346490.86,,-1.56070234550782,61.9270329068279,9.52710666666667,27213337
MAR,1998,18.8707692307692,7.01,28.64,39.96,791083998.72,1103761054.08,,7.23855267691987,54.8407220042,9.60441583333333,27621648
MAR,1999,17.8423076923077,15.33,39.47,37.42,1106232755.13,1048777038.18,,1.6970614772566,59.5186783554457,9.80441916666667,28027179
MAR,2000,18.5423076923077,10.43,33.92,40.97,964122915.2,1164508131.95,,2.58218091499747,64.0520171265001,10.6256361666667,28423435
MAR,2001,19.0076923076923,7.79,28.48,41.58,820641032.64,1198112855.94,,7.72182519577728,69.802524311417,11.302975,28814643
MAR,2002,18.4292307692308,15.26,28.52,34.1,832731009.84,995656642.2,,3.73019737485745,73.5286389536301,11.0205833333333,29198142
MAR,2003,18.7061538461539,11.88,34.7,43.88,1026128100.5,1297593690.2,,6.17110214953244,74.0651919615625,9.57438333333333,29571415
MAR,2004,18.1523076923077,12.42,37.99,39.97,1137915153.82,1197222129.46,,4.57138016516208,76.0495624581098,8.86801666666667,29953018
MAR,2005,18.4538461538462,10.66,37.66,43.56,1143287703.04,1322400752.64,,3.19224973015831,83.3191816194684,8.86500833333334,30358144
MAR,2006,18.2007692307692,14.38,37.96,40.57,1168073916.88,1248386691.46,,7.7908200104027,89.9785545114664,8.79558333333333,30771178
MAR,2007,17.7330769230769,15.02,34.94,31.47,1089655191.92,981438147.96,,3.44106776690418,99.1055847307515,8.19233333333333,31186468
MAR,2008,17.6861538461539,16.61,38.95,34.87,1231083574.65,1102127965.29,3.71484311494064,5.68453936284732,101.361583924074,7.750325,31606767
MAR,2009,18.29,16.12,34.81,38.58,1114991382.18,1235747415.24,0.971862998667637,3.74576940136258,105.023134070947,8.0571,32030778
MAR,2010,18.6207692307692,18.55,29.33,37.4,952257579.28,1214266398.4,0.993557401226421,3.49955709403216,105.049032453636,8.41715833333333,32467016
MAR,2011,18.1930769230769,19.43,36.1,38.61,1188144426.8,1270755022.68,0.906924909691798,5.52464523319847,106.596965427501,8.089875,32912588
MAR,2012,18.0992307692308,15.49,41.17,42.46,1373235271.97,1416263532.86,1.28712240079214,3.06234368502997,107.529240054408,8.62844458333333,33355241
MAR,2013,17.9569230769231,10.79,36.31,35.75,1226826703.01,1207905663.25,1.88065466724084,4.12221286860944,105.136360478507,8.4055039167443,33787571
MAR,2014,18.1223076923077,18.12,35.14,36.73,1201955969.2,1256341569.4,0.442310053557046,2.7192440802029,108.464990610886,8.40633668826152,34204780
MAR,2015,18.4630769230769,7.33,33.33,39.35,1153470908.04,1361808587.8,1.55790711346268,4.34458297635238,106.485346779473,9.76434827950111,34607588
MAR,2016,18.8476923076923,9.86,34.49,45.51,1207959031.93,1593917528.07,1.63531114327063,0.52118550608968,109.884822811299,9.8074760315025,35023457
MAR,2017,19.8015384615385,6.24,31.71,55.13,1124005090.32,1954159590.96,0.754663249323624,5.05789816173446,110.46242491734,9.6919978888289,35446392
MAR,2018,17.1161538461539,16.96,41.58,30.09,1490217220.8,1078418378.4,1.80391671141895,3.06564133025955,110.490577950363,9.38610242091972,35839760
MAR,2019,18.7161538461539,8.54,31.99,41.3,1158386627.02,1495510087.4,0.303386036590358,2.89097476137077,110.540285582407,9.61707609950743,36210898
MAR,2020,19.19,13.65,27.75,43.22,1015211772,1581169469.76,0.705968661338224,-7.17820744246774,128.863147204193,9.49684732221969,36584208
MAR,2021,18.6084615384615,12.34,32.85,40.76,1213953419.7,1506263055.92,1.40195883962015,8.15473889823681,122.263389135823,8.98848402414138,36954442
MAR,2022,19.9138461538462,12.79,25.46,50.34,950397969.44,1879145081.76,6.65704202759066,1.52720357976111,126.701948396923,10.1606602430359,37329064
MAR,2023,20.1161538461539,6.12,23.03,50.54,868518990.15,1905990002.7,6.09114152504136,3.40334130078834,119.712515768111,10.1314260970897,37712505
MDG,1990,17.5446153846154,49.5,16.78,10.86,202293622.42,130924239.54,,3.12890505042525,12.6646093535801,298.829333333333,12055639
MDG,1991,17.7315384615385,50.15,16.35,12.86,203090086.2,159739358.32,,-6.30635159237733,16.3274218729191,367.072,12421412
MDG,1992,16.9515384615385,68.53,20.65,7.02,264337965.5,89862107.4,,1.18088494825233,17.2203949497803,372.793333333334,12800870
MDG,1993,16.9415384615385,67.14,21.99,8.23,290209616.55,108614149.35,,2.09992318110865,19.0483732003123,382.7565,13197345
MDG,1994,17.4038461538462,81.31,16.69,8.94,227215156.5,121707819,,-0.042101302622072,20.9152597756668,613.467166666666,13613850
MDG,1995,17.4353846153846,77.98,16.88,9.54,237185522,134049163.5,,1.67859232120303,16.0401054875396,853.126333333333,14051275
MDG,1996,17.3846153846154,74.85,17.78,9.78,258000441.58,141914753.58,,2.15420447175147,15.2027090704126,812.250333333334,14510711
MDG,1997,17.6130769230769,74.28,15.83,10.8,237304585.62,161900791.2,,3.69349261691789,16.951880859215,1018.17716666667,14990814
MDG,1998,17.6476923076923,82.46,16.58,12,256813655.12,185872368,,3.91707460516817,16.310236466227,1088.27966666667,15489364
MDG,1999,17.3923076923077,47.14,16.89,8.99,270248546.34,143844548.94,,4.69922703680521,17.3208301207882,1256.755,16000506
MDG,2000,17.6369230769231,57.73,14.71,9.99,242955331.98,164998216.62,,4.45685893956946,17.4115759033018,1353.49616666667,16516338
MDG,2001,17.6469230769231,67.66,15.51,10.92,264180883.89,185999693.88,7.91694484529588,5.98023576982733,18.851362911841,1317.69883333333,17032939
MDG,2002,17.7253846153846,74.4,15.58,12.01,273427644.54,210774455.13,16.4985255315846,-12.4079711055149,19.9438116842437,1366.39116666667,17549913
MDG,2003,17.7769230769231,75.22,15.25,12.35,275595773.5,223187396.9,-1.70400479616297,9.78489212474175,20.1101034832062,1238.32766666667,18071854
MDG,2004,17.7423076923077,68.54,14.76,11.41,274633534.08,212301397.28,13.9558018033211,5.25700362208742,20.9949050371571,1868.85783333333,18606608
MDG,2005,17.6053846153846,85.33,16.86,11.73,323032660.02,224743363.11,18.3638246468932,4.75584509499119,17.3127222071987,2003.02583333333,19159707
MDG,2006,17.8115384615385,51.77,14.34,11.89,282941235.06,234600508.01,10.7656371554865,5.3985084485368,19.4141162042008,2142.30166666667,19730909
MDG,2007,17.7646153846154,77.98,14.72,11.66,299089541.76,236914677.78,10.2879663187671,5.71056419885052,20.2004514501872,1873.87666666667,20318583
MDG,2008,17.8746153846154,50.61,14.58,12.95,305069587.2,270963728,9.29650839381058,6.71263253913001,19.7663952945683,1708.37083333333,20923840
MDG,2009,18.0107692307692,67.66,13.04,13.18,280976531.2,283993150.4,8.95421802392948,-3.9787086116544,21.1984002551658,1956.20583333333,21547280
MDG,2010,18.1069230769231,51.18,13.45,14.84,298365923,329200765.6,9.24732173644116,0.619239744622121,21.3619688868951,2089.95,22183340
MDG,2011,18.1669230769231,66.92,11.81,13.98,269531363,319055754,9.48254048582995,1.57842705366555,22.2783183197371,2025.1175,22822300
MDG,2012,17.7492307692308,79.01,14.48,11.22,339736102.24,263248554.36,5.71384434191048,3.01114811621208,22.0587116419643,2194.96666666667,23462438
MDG,2013,17.6961538461539,78.59,16.54,12.59,398767656.6,303535961.1,5.82642944451986,2.30037622800727,21.1936861069535,2206.91416666667,24109290
MDG,2014,17.8284615384615,59.76,15.08,12.85,373446367.84,318221871.8,6.08040811088295,3.33920311195367,21.2864128149787,2414.81166666667,24764348
MDG,2015,18.1284615384615,71.34,12.07,13.74,306900293.14,349362885.48,7.40419174202131,3.13229807490305,22.5824212828002,2933.50833333333,25426702
MDG,2016,18.0723076923077,50.87,15.97,16.91,416816233.44,441350188.32,6.03575858154679,3.99314606199499,23.6124260925828,3176.53916666667,26099952
MDG,2017,18.5484615384615,73.9,9.18,16.31,245917282.5,436918396.25,8.60905075422951,3.93330759462793,25.5623978283926,3116.11,26788375
MDG,2018,18.0492307692308,59.56,12.62,13.26,346985966.12,364582718.76,8.59422958870479,3.19435651744398,25.6080339040708,3334.75225490196,27494926
MDG,2019,18.7715384615385,65.57,10.33,20.36,291507992.82,574550119.44,5.61051441492363,4.41123212909589,24.6311464688038,3618.32185816072,28219554
MDG,2020,18.3915384615385,62.74,12.5,17.59,361919450,509293050.04,4.20179312190558,-7.13767162064489,28.2375228184675,3787.75405817574,28953556
MDG,2021,18.4607692307692,58.11,12.64,18.63,375295289.12,553144876.29,5.81225118787713,4.65068343193992,28.1683421139991,3829.97784932976,29691083
MDG,2022,18.1369230769231,54.23,13.55,15.33,412424886.55,466603211.13,8.16059031991847,4.15609778380812,28.0602789695699,4096.11618374535,30437261
MDG,2023,18.5892307692308,59.33,9.44,17.1,294489598.08,533450437.2,9.87432675044886,4.20304615803977,27.1193772398563,4429.57921419022,31195932
MEX,1990,16.1646153846154,20.54,33.52,9.66,2776132098.4,800042842.2,26.651672564677,5.25004329944582,22.5134170767379,2.81259916666667,82820170
MEX,1991,15.6630769230769,26.53,38.4,8.02,3242133964.8,677133187.44,22.662359455061,3.97590497138043,26.114745760132,3.01843,84430572
MEX,1992,15.4953846153846,18.1,41.91,9.35,3606137945.19,804518964.15,15.5078962533573,3.56861354412243,27.1384560739971,3.09489833333333,86044809
MEX,1993,16.2230769230769,17.68,29.72,6.62,2605071144.04,580268202.34,9.75146045357558,2.86699945461075,21.5868006582735,3.11561666666667,87653807
MEX,1994,17.4176923076923,15.85,21.49,13.92,1918180315.45,1242488133.6,6.96581237191122,4.39412788764169,22.9199335459201,3.37511666666667,89259205
MEX,1995,17.2630769230769,12.39,24.84,15.26,2257023382.2,1386561063.3,34.9992712889592,-5.91029962358286,23.1393938068072,6.419425,90862455
MEX,1996,16.6569230769231,14.32,32.32,14.86,2988071328.64,1373847151.72,34.3783832235167,6.21829715869302,21.8388141908833,7.59944841666667,92452702
MEX,1997,16.2323076923077,14.76,36.04,13.06,3388524300.28,1227916963.42,20.6256287259247,7.19887615284711,27.140715415269,7.91846,94021207
MEX,1998,17.1546153846154,17.77,28.62,17.63,2735363511.9,1684991569.35,15.9283950119353,6.18507893082885,25.9425768926098,9.13604175,95575245
MEX,1999,17.2061538461539,9.13,27.55,17.23,2675537727.85,1673303631.61,16.5856169707538,2.75503039300564,25.9976968505543,9.5603975,97115707
MEX,2000,17.5869230769231,13.66,20.07,14.7,1979414828.64,1449795614.4,9.49156149435403,5.02928399378261,21.357251506457,9.45555833333333,98625552
MEX,2001,17.5046153846154,10.09,24.49,18.05,2451426934.51,1806788736.95,6.36773806235037,-0.450845253215945,23.9467187449556,9.34234166666667,100099099
MEX,2002,17.1784615384615,21.5,27.21,16.53,2763138059.04,1678598754.72,5.03072733151295,-0.236588001922641,23.9055137436454,9.65595833333333,101548624
MEX,2003,17.3076923076923,16.69,26.88,17.88,2768062483.2,1841255848.2,4.54690012118718,1.18554486709559,24.7725378190105,10.7890191666667,102978515
MEX,2004,16.5338461538462,21.29,30.4,11.34,3173581582.4,1183829445.54,4.68840884843143,3.56544102622887,25.0101031828348,11.2859666666667,104394131
MEX,2005,17.4007692307692,11.44,25.46,17.67,2693960891.84,1869689275.68,3.98805714597437,2.11324711473297,25.4370831819859,10.8978916666667,105811504
MEX,2006,17.3176923076923,19.01,25.05,16.18,2686704333.3,1735364315.88,3.62946762439132,4.80501351664901,24.4047783192837,10.8992416666667,107253666
MEX,2007,17.11,15.32,24.26,12.69,2638865973.6,1380346628.4,3.96684905458234,2.0778639395329,24.8136087370689,10.9281916666667,108774360
MEX,2008,16.8069230769231,16.9,29.78,14.27,3286946296.64,1575041089.76,5.12498274575896,0.943331872912935,25.1802636055075,11.1297166666667,110374288
MEX,2009,17.5684615384615,14.14,22.52,16.91,2522233716.92,1893915282.11,5.29735584228857,-6.29525056697287,28.4756399557864,13.513475,111999721
MEX,2010,16.4353846153846,13.64,37.16,16.82,4222263938.2,1911153913.9,4.15672722680173,4.97133457799899,29.3078846408306,12.6360083333333,113623895
MEX,2011,18.1584615384615,7.32,20.56,22.62,2369406442.24,2606808060.48,3.40737824605738,3.44404506308874,29.4874262349406,12.423325,115243504
MEX,2012,17.8861538461539,9.07,19.31,17.83,2255759596.48,2082868648.64,4.11150981070296,3.55321075512755,29.9851073588107,13.1694583333333,116818208
MEX,2013,17.3392307692308,17.09,24.44,15.85,2892316924.12,1875745632.05,3.80639069747206,0.852101550164704,31.6540798715063,12.7719916666667,118343573
MEX,2014,17.1376923076923,15.05,26.08,14.87,3123973526.88,1781191961.07,4.01861608078671,2.50376349862891,33.1959685874891,13.29245,119784261
MEX,2015,16.9761538461539,23.15,24.89,11.58,3013489696.34,1402017303.48,2.72064064964029,2.70232344844723,35.1292025669551,15.8482666666667,121072306
MEX,2016,17.19,15.7,27.55,17.02,3368024720.05,2080717994.02,2.82170784747655,1.77249323400358,36.553443698017,18.6640583333333,122251351
MEX,2017,17.7430769230769,15.13,21.88,18.54,2699993247.16,2287837056.78,6.04145724018993,1.87172854186539,37.449904860348,18.9265166666667,123400057
MEX,2018,17.4730769230769,19.21,23.94,17.09,2982294641.34,2128964720.99,4.89935015356547,1.97208207701884,36.489820824199,19.2443416666667,124573711
MEX,2019,18.5053846153846,12.53,16.61,23.18,2088923131.02,2915185922.76,3.63596142127045,-0.392690505099296,36.7674889193318,19.2636333333333,125762982
MEX,2020,18.1815384615385,10.53,19.19,21.55,2433273846.26,2732519613.7,3.39683415570006,-8.35403456576364,43.5013813036737,21.4856083333333,126799054
MEX,2021,17.7846153846154,17.57,16.21,13.41,2069176479.08,1711761664.68,5.68920847683757,6.04848345704632,42.9909357262142,20.2724083333333,127648148
MEX,2022,18.2323076923077,9.53,20.03,23.05,2576120733.51,2964532346.85,7.89627619168551,3.71098893117183,41.7220581485248,20.12735,128613117
MEX,2023,18.7546153846154,12.62,17.86,27.67,2317152095.74,3589899131.53,5.52796087314385,3.2953909570288,42.9171664132631,17.7587166666667,129739759
MLI,1990,28.2392307692308,4.57,0,133.11,0,1221794061.3,,-2.5023951034776,18.4939063988528,272.264787954393,9178830
MLI,1991,27.9669230769231,4.6,0,129.57,0,1213149398.16,,11.7452037933746,19.8724442690079,282.10690880882,9362888
MLI,1992,27.5846153846154,4.13,0,124.6,0,1190371084,,-3.21866249030751,20.9869514237459,264.691800750579,9553540
MLI,1993,28.3692307692308,4.1,0.16,134.96,1560765.76,1316505918.56,,3.17216817730315,21.3535366293308,283.162579500018,9754786
MLI,1994,27.4684615384615,7.22,0.859999999999999,123.95,8571646.66,1235413492.45,,3.77993405101067,20.5237707863673,555.204695655697,9967031
MLI,1995,27.9846153846154,4.3,2.56,132.36,26074534.4,1348134911.4,,0.921022397691758,18.8432762905033,499.14842590131,10185365
MLI,1996,28.7092307692308,3.04,0,139.22,0,1448901243.16,,7.05578540412253,22.2756906752575,511.552430272516,10407278
MLI,1997,28.3546153846154,2.8,0,134.61,0,1433124691.95,,4.82902433934814,21.918348435019,583.669372353396,10646495
MLI,1998,28.8992307692308,3.37,0,141.69,0,1547194298.37,,7.57166763990298,20.8636247696393,589.951774567332,10919573
MLI,1999,27.91,4.16,0,128.83,0,1446427874.45,,5.70094365419122,17.1448314650228,615.473349319164,11227415
MLI,2000,28.3553846153846,4.25,0,134.62,0,1556111619.8,,-0.0608349718130512,19.4200389764656,710.207977031367,11559290
MLI,2001,28.5069230769231,3.45,0,136.59,0,1627081661.22,,15.3762394579174,19.3569394500773,732.397693260228,11912158
MLI,2002,28.5569230769231,3.18,0,137.24,0,1686411982,,3.10630825205685,22.7873549798097,693.713226496374,12288050
MLI,2003,28.4392307692308,7.07,0,135.71,0,1721475243.05,,9.11904199532418,27.4792621193106,579.897426172466,12684955
MLI,2004,28.6707692307692,2.69,0,138.72,0,1817566176.48,,1.55999866053497,19.3058866686321,527.338032291576,13102409
MLI,2005,28.6684615384615,5,0,138.69,0,1877674952.43,,7.50468463500187,19.1626512476871,527.258362649626,13538647
MLI,2006,28,5.12,0.239999999999998,130.24,3357633.35999998,1822075703.36,,6.65426112172752,19.2062407338613,522.425624895176,13990139
MLI,2007,28.1353846153846,4.07,0,131.76,0,1904956434,,3.87502816312752,17.8235600400906,478.633718476363,14457775
MLI,2008,28.0253846153846,4.08,1.58,131.91,23606435.56,1970838553.62,,6.53735395175701,13.9557064619497,446.000041432788,14940782
MLI,2009,28.4338461538462,4.88,1.18,136.82,18213936.02,2111890445.98,,4.63350984780976,18.3176852476535,470.293423341398,15435539
MLI,2010,29.0161538461538,6.63,0,143.21,0,2283511805.58,,6.92172188561173,19.3264761726854,494.794262222947,15945198
MLI,2011,28.1515384615385,5.17,0.0100000000000016,131.98,164690.490000026,2173585087.02,2.9556439522939,4.01913525456487,19.4997513850306,471.248625718937,16469049
MLI,2012,27.3092307692308,9.11,1.19,122.21,20178869.27,2072319002.93,5.32312847064055,-0.570588588901344,21.643935855613,510.556338454251,16957033
MLI,2013,28.1553846153846,4.47,0.559999999999999,132.58,9777384.39999998,2314795756.7,-0.606736356351496,2.38212595410261,22.86100752119,493.899623852237,17459615
MLI,2014,27.9676923076923,5.56,0,129.58,0,2335066197.86,0.883814547137851,7.60253468971403,22.5158087493417,493.757329875312,18020267
MLI,2015,28.0015384615385,5.6,0.579999999999998,130.6,10783952.76,2428248673.2,1.45069057605953,5.97471610121079,22.5706862873155,591.21169798261,18593022
MLI,2016,28.7492307692308,4.42,0,139.74,0,2681790724.86,-1.79964707083378,6.00506308559498,23.2084651743195,592.605615063022,19191289
MLI,2017,28.2553846153846,6.54,0.890000000000001,134.21,17633579.79,2659104206.31,1.75985742927157,5.37554769647939,22.5991378938498,580.656749587858,19813011
MLI,2018,27.9776923076923,7.91,0,129.71,0,2651535711.3,0.299546507387863,4.86784999935264,23.8918149330587,555.446458398226,20442030
MLI,2019,27.7315384615385,8.34,0.77,127.28,16222671.85,2681586588.4,-1.65826694846365,4.99999911699705,23.5120808091334,585.911013180369,21068405
MLI,2020,27.9946153846154,10.04,0,129.93,0,2821278711.48,0.438088940320735,-1.16907500952713,26.5812701285786,575.586004510945,21713836
MLI,2021,29.2346153846154,3.98,0,146.05,0,3269859411.5,3.9256028310427,3.1009412441845,33.8720249942233,554.530675033104,22388630
MLI,2022,28.4776923076923,3.99,0,136.21,0,3142724294.4,9.62147608489068,3.5082827896139,34.2725529257684,623.759700911182,23072640
MLI,2023,29.3053846153846,2.82,0,146.97,0,3493348595.19,2.0588022827422,4.71716103989503,31.6650916752995,606.569750165917,23769127
MLT,1990,20.0523076923077,17.69,11.86,38.54,4200456.2,13649711.8,,6.29139095831177,,0.31779,354170
MLT,1991,19.0723076923077,20.15,17.53,31.47,6378202.85,11450202.15,,6.256493068814,,0.3232425,363845
MLT,1992,19.1876923076923,17.96,16.68,32.12,6131868.24,11807890.16,,4.69093217230623,,0.318923333333333,367618
MLT,1993,19.3953846153846,15.96,16.81,34.95,6241687.48,12977214.6,,4.48074912682681,,0.382289333333333,371308
MLT,1994,20.0476923076923,16.99,12.99,39.61,4868613.03,14845709.17,,5.65110409211226,,0.377921083333333,374797
MLT,1995,19.2676923076923,20.45,14.91,31.39,5627317.29,11847182.41,,6.34249258769464,,0.35305875,377419
MLT,1996,19.1038461538462,22.8,13.89,28.24,5276880.45,10728517.2,,3.77733566668859,,0.360455868333333,379905
MLT,1997,19.4130769230769,27.44,14.59,32.96,5584920.69,12616791.36,,5.25698091440576,,0.385966125,382791
MLT,1998,19.1515384615385,12.37,16.09,31.06,6199267.83,11967014.22,,5.12560097165937,,0.388459510833333,385287
MLT,1999,19.5561538461538,19.98,17.01,37.24,6592701.78,14433404.72,,4.71997595160971,,0.398898395,387578
MLT,2000,19.2953846153846,14.9,16.22,33.06,6327211.14,12896276.22,,19.6812692571544,,0.438149991666667,390087
MLT,2001,19.57,12.65,13.85,34.26,5443437.8,13465139.28,,-0.75667262732631,,0.450041566666667,393028
MLT,2002,19.3215384615385,14.43,14.23,31.41,5634638.87,12437386.29,,2.74112013880779,,0.43362033825,395969
MLT,2003,19.8038461538462,30.21,17.76,41.21,7078816.32,16425564.22,,3.6942613101231,,0.377233333333333,398582
MLT,2004,19.2861538461538,24.82,16,32.72,6420288,13129488.96,,0.407159747560954,,0.344663179985486,401268
MLT,2005,19.0446153846154,21.98,18.8,32.38,7592079.2,13076144.92,,2.88067127282936,,0.34577739225,403834
MLT,2006,19.6823076923077,23.04,15.16,37.03,6144469.28,15008555.24,2.77378006481472,2.33612273361229,,0.340893885583333,405308
MLT,2007,19.93,22.78,10.9,35.99,4433291.6,14637996.76,1.2492192379763,5.03666395081845,,0.311675,406724
MLT,2008,19.9592307692308,18.31,13.03,38.5,5334208.37,15761091.5,4.25862171897073,4.41012622523094,,0.679922680042729,409379
MLT,2009,19.6592307692308,25.58,15.04,36.61,6203654.08,15100782.97,2.08432746082342,-1.395342554571,,0.716957702016136,412477
MLT,2010,19.6423076923077,25.48,12.85,34.2,5326427.8,14176173.6,1.51563513618533,6.1973451691119,,0.754308990105961,414508
MLT,2011,19.6169230769231,32.54,14.05,35.07,5848565.4,14598518.76,2.96298528192878,0.991963675296375,,0.718413898653317,416268
MLT,2012,20.1292307692308,22.82,16.09,43.77,6758250.52,18384625.56,2.37582057760382,4.10259030296838,,0.778338120416812,420028
MLT,2013,19.7923076923077,18.28,14.45,37.75,6138504.5,16036577.5,1.18028436366551,6.29171574401258,,0.752945122701996,424810
MLT,2014,19.9238461538462,17.66,12.29,37.3,5327481.49,16168841.3,0.31030647218172,7.63112937482686,,0.752728196932603,433481
MLT,2015,20.0130769230769,23.28,15.12,41.29,6716606.4,18341843.8,1.10054826378928,9.62109756228348,,0.901296423367096,444220
MLT,2016,19.9384615384615,17.16,11.09,36.29,5040460.45,16493986.45,0.642702771527302,4.07771929481284,,0.903421436257263,454505
MLT,2017,19.8623076923077,14.49,14.92,39.13,6969221.52,18277857.78,1.36435448150708,12.972119343498,,0.885205508269372,467106
MLT,2018,20.0846153846154,23.1,12.06,39.16,5835870.18,18949641.48,1.15782362451512,7.18909653691901,,0.846772667108111,483903
MLT,2019,19.9438461538462,17.74,15.56,40.83,7840870.72,20574726.96,1.64206001768947,4.08470602847339,,0.893276257067409,503912
MLT,2020,20.2007692307692,13.95,11.78,40.39,6072472.2,20820641.1,0.638544956776647,-3.35834253154739,,0.875506396987998,515490
MLT,2021,20.3238461538462,17.39,13.31,43.52,6896576.5,22549888,1.49789217934731,13.2997893209653,,0.84549413889045,518150
MLT,2022,20.65,12.16,14.2,48.65,7541804.6,25838647.45,6.15375621933036,4.26931853012293,,0.949623753156941,531113
MLT,2023,20.6461538461538,26.49,10.55,44.95,5831480.85,24845977.65,5.09396758978879,6.79631311118804,,0.924839558470698,552747
MMR,1990,27.8176923076923,4.47,0,127.63,0,5081875745.13,,2.81693327328911,27.8896995815492,6.33855833333334,39817251
MMR,1991,28.1546153846154,2.22,0,132.01,0,5332432269.54,,-0.650616908622624,31.0536695460016,6.2837,40394154
MMR,1992,26.7584615384615,10.68,0,113.86,0,4662605940.12,,9.66094245346783,31.2119383451212,6.10453333333333,40950342
MMR,1993,27.8746153846154,1.73,0,128.37,0,5327666810.73,,6.03941022663199,27.4290208694643,6.15696666666667,41502429
MMR,1994,28.1369230769231,1.6,0,131.78,0,5542026744.54,,7.47795835834528,27.8453938149319,5.9749125,42055143
MMR,1995,28.2153846153846,1.16,0,132.8,0,5657988886.4,,6.94805143702995,30.2452503518105,5.66704166666667,42605338
MMR,1996,28.5,0.53,0,136.5,0,5890638390,,6.44271534713997,32.1122503093512,5.91756666666667,43154860
MMR,1997,27.39,6.07,0,122.07,0,5335532971.86,,5.65158296304853,29.0958178987395,6.24183333333333,43708798
MMR,1998,28.9553846153846,2.6,0,142.42,0,6303194879.06,,5.86621315328905,27.0466512111002,6.34315833333334,44257793
MMR,1999,28.5846153846154,0.79,0,137.6,0,6162790822.4,,10.9451299817104,25.7496164943935,6.28579166666667,44787724
MMR,2000,28.1661538461539,0.82,0,132.16,0,5985637546.56,,13.7459305561226,31.4706691750898,6.516725,45290841
MMR,2001,28.4476923076923,0.31,0,135.82,0,6216636098.98,,11.3439970699605,32.5198546010872,6.74890833333333,45771139
MMR,2002,28.3046153846154,2.8,0,133.96,0,6193326195.88,,12.0255134340315,27.8140472466073,6.64208333333333,46232653
MMR,2003,28.7253846153846,0.44,0,139.43,0,6506806580.56,,13.8439968903798,20.4245482624884,6.138925,46667192
MMR,2004,27.8438461538462,3.76,0,127.97,0,6023390752.84,,13.5646616163416,22.9306905545076,5.80583333333333,47068772
MMR,2005,28.8607692307692,0.44,0,141.19,0,6697822754.35,,13.5689500216456,21.5710719112452,5.81816666666667,47438365
MMR,2006,28.3615384615385,2.04,0,134.7,0,6436657684.5,,13.0761013792372,20.0218744020637,5.84294166666666,47785135
MMR,2007,27.9861538461539,1.49,0,129.82,0,6247593082.26,,11.9914352402146,18.7856651892155,5.61688333333333,48125043
MMR,2008,27.0976923076923,11.68,0,118.27,0,5723179088.11,,10.2553053929808,17.229314061422,5.44145,48390793
MMR,2009,27.5707692307692,10.9,0,124.42,0,6054334308.78,,10.5500090961932,19.4128736931799,5.57636666666667,48660459
MMR,2010,27.4238461538462,14.94,0,122.51,0,6005977038.82,,9.6344394520444,23.572070336972,5.63488333333333,49024382
MMR,2011,26.5784615384615,14.01,0,111.52,0,5511298326.4,5.02146014620726,5.59148237823661,26.4435555327651,5.44410833333334,49419820
MMR,2012,27.2130769230769,12.02,0,119.77,0,5969030907.42,1.46758322674677,7.33267044704149,31.667352962177,640.653416666667,49837446
MMR,2013,27.3946153846154,12.39,0,122.13,0,6138578421.54,5.64303883425512,8.42600102501767,36.7745637917475,933.570456356879,50262658
MMR,2014,27.8723076923077,9.61,0,128.34,0,6504480907.56,4.95329918484384,8.16990745558277,39.5743142064512,984.345747560046,50681634
MMR,2015,27.3976923076923,13.34,0,122.17,0,6241549971.52,9.45417189525994,6.99284029026121,46.4130886736128,1162.61532862554,51089056
MMR,2016,27.5923076923077,13.38,0,124.7,0,6421513291.2,6.92882525816125,5.86247291518572,49.6960440247963,1234.86951666667,51495696
MMR,2017,27.3661538461539,16.4,0,121.76,0,6318727650.88,4.57253655317506,6.13610824360305,53.3103676262255,1360.35870704085,51894938
MMR,2018,27.0230769230769,13.97,0,117.3,0,6131534573.1,6.87232865662918,6.26886221471075,54.5606988044504,1429.80797520107,52272247
MMR,2019,27.6830769230769,14.72,0,125.88,0,6626412952.44,8.82506696804562,6.57911006765414,56.1076061197146,1518.25511666667,52640713
MMR,2020,27.1707692307692,16.64,0,119.22,0,6320629752.84,,-9.04834717984643,69.2046429443978,1381.61916666667,53016522
MMR,2021,27.7815384615385,13.61,0,127.16,0,6788703890.32,,-12.0163724829177,,,53387102
MMR,2022,27.4953846153846,15.15,0,123.44,0,6635737787.28,,4.0374934360085,,,53756787
MMR,2023,28.0038461538462,15.36,0,130.05,0,7040100429.9,,0.958446625126115,,,54133798
MOZ,1990,25.0130769230769,41.48,0,91.17,0,1193828938.29,,0.999992834277037,,0.929088833333333,13094537
MOZ,1991,25.2976923076923,33.48,0,94.87,0,1266712778.3,,4.92545125368862,16.122124651168,1.4344675,13352090
MOZ,1992,26.2238461538462,22.81,0,106.91,0,1455399613.56,,-7.57664724880097,21.6169909634163,2.51655416666667,13613316
MOZ,1993,25.5707692307692,35.02,0,98.42,0,1382918316.64,,10.940435029728,22.7724981596998,3.87423666666667,14051192
MOZ,1994,24.9661538461539,33.34,0,90.56,0,1361465727.68,,6.44018369521994,21.421487385137,6.03858833333334,15033853
MOZ,1995,25.4461538461539,38.39,0,96.8,0,1544979304,,2.12289380592357,20.4552254059054,9.02433333333333,15960530
MOZ,1996,24.3646153846154,53.82,0,82.74,0,1364587795.2,,10.6959109797718,14.7925749173721,11.29375,16492480
MOZ,1997,24.3692307692308,55.4,0,82.8,0,1403458509.6,,11.8149459447588,14.827753800236,11.5435833333333,16949982
MOZ,1998,25.5961538461539,39.97,0,98.75,0,1712370820,,10.3692324974977,14.9114823560108,11.8745833333333,17340464
MOZ,1999,24.4584615384615,49.43,0,83.96,0,1488989123.76,,11.816986527255,16.1330225423189,12.7751116666667,17734506
MOZ,2000,25.76,30.25,0,100.88,0,1828919394.64,,0.766234955773442,19.8404582377429,15.22725,18129653
MOZ,2001,25.6138461538462,37.57,0,98.98,0,1834864416.42,,12.8516820207736,17.5986750354926,20.7036408333333,18537729
MOZ,2002,25.2592307692308,38.93,0,94.37,0,1789098357.06,,9.66850534669427,20.0405623151165,23.6779566666667,18958338
MOZ,2003,25.2161538461539,45.69,0,93.81,0,1819208079.75,,7.21770086569656,20.7932834582833,23.7822675,19392475
MOZ,2004,25.2169230769231,44.07,0,93.82,0,1861418165.66,,8.20470494788577,19.2377040471454,22.5813425,19840313
MOZ,2005,25.7369230769231,39.22,0,100.58,0,2042233550.02,6.42755278070086,6.31202378023193,21.4089202422681,23.060965,20304569
MOZ,2006,25.4384615384615,35.84,0,96.7,0,2010111312.9,13.2450879070999,9.91067756782915,22.3569186276126,25.4007791666667,20787087
MOZ,2007,24.5669230769231,71.91,0,85.37,0,1817325399.95,8.48948675497456,7.64935393795867,24.0179829757093,25.8403414502164,21287635
MOZ,2008,24.8830769230769,40.82,0,89.48,0,1952367341.28,14.5028053002268,6.87802942560995,25.7104251141459,24.3006424728653,21819036
MOZ,2009,25.4938461538462,30.84,0,97.42,0,2181403797.9,3.78861330914625,5.92897187460815,31.7276619014597,27.518299963925,22391745
MOZ,2010,26.0407692307692,43.51,0,104.53,0,2404110034.55,12.4255421735156,6.67972935662864,34.4244903094133,33.9600988006908,22999235
MOZ,2011,25.3915384615385,31.88,0,96.09,0,2272436157.51,11.1666056127874,7.13405842300445,33.8398892077674,29.0675999319775,23649039
MOZ,2012,25.8184615384615,33.88,0,101.64,0,2473698667.44,2.6024545695662,7.9945031610722,39.2853833266881,28.3729844798921,24337846
MOZ,2013,24.5430769230769,52.2,0,85.06,0,2130890031.66,4.26135250941966,6.57141389665537,41.8024405933975,30.1041110929498,25051611
MOZ,2014,25.3392307692308,38.67,0,95.41,0,2460478399.75,2.55974875844295,7.70256844839309,46.9195708349212,31.3526877009443,25788475
MOZ,2015,26.1330769230769,26.12,0,105.73,0,2806874787.56,3.55075967356746,7.3930936986377,51.4546042456824,39.9824741465406,26547572
MOZ,2016,26.2007692307692,29.35,0,106.61,0,2914408764.05,17.4180418197597,4.69699024225795,48.2460545611896,63.0562327310371,27337105
MOZ,2017,25.0353846153846,54.12,0,91.46,0,2576098303.78,15.1132073899384,2.63820737310658,45.7476189413129,63.584322913399,28166393
MOZ,2018,24.9723076923077,46.56,0,90.64,0,2630249892.16,3.91133439990731,3.48493202422782,46.0926241650212,60.3262076432022,29018644
MOZ,2019,25.6076923076923,41.52,0,98.9,0,2955565182,2.80270307928108,2.31781394821475,48.7961164212245,62.5483333333333,29884380
MOZ,2020,25.3315384615385,51.57,0,95.31,0,2933993303.28,3.48393567493207,-1.21952250011192,59.025269247681,69.465,30783688
MOZ,2021,25.4423076923077,36.17,0,96.75,0,3067729650,6.40847652975689,2.37743572761507,56.181411167201,65.465,31707800
MOZ,2022,24.8815384615385,59.41,0,89.46,0,2921427767.16,10.2794018093421,4.36445074432608,53.6270083146428,63.8508333333333,32656246
MOZ,2023,26.2323076923077,30.38,0,107.02,0,3599634823.2,7.12697482131851,5.4368591229252,50.0137384851495,63.8858333333333,33635160
MRT,1990,25.8523076923077,1.41,5.06,107.14,9876502.68,209124208.92,,-1.77130453327383,19.116189126292,8.0609,1951878
MRT,1991,25.2776923076923,2.41,2.78,97.39,5587071.64,195728383.82,,1.78808726312198,14.3487555269609,8.19458333333334,2009738
MRT,1992,25.1153846153846,0.58,1.74,94.24,3633354.9,196785842.4,,1.8741257364962,,8.702675,2088135
MRT,1993,24.9423076923077,2.34,5.08,95.33,11045586.24,207278688.24,,5.87363742064267,,12.0805833333333,2174328
MRT,1994,25.2084615384615,3.27,6.64,100.35,14936374.56,225732708.9,,-3.06073216744799,,12.3575,2249454
MRT,1995,25.1907692307692,2.38,5.01,98.49,11583205.17,227710554.33,,9.81980039567452,,12.9768333333333,2312017
MRT,1996,25.9438461538462,0.73,0.830000000000002,104.1,1957296.04,245487370.8,,5.81882663043622,,13.7221666666667,2358188
MRT,1997,25.4876923076923,1.87,2.33,99.67,5618342.98,240334869.02,,-4.04469654678225,,15.1853333333333,2411306
MRT,1998,26.0730769230769,2.42,2.61,107.56,6458839.11,266173461.56,,2.77780479737011,,18.8475833333333,2474651
MRT,1999,25.6584615384615,1.34,8.48,108.04,21553599.04,274605051.92,,3.67317831340802,,20.9514166666667,2541698
MRT,2000,25.9284615384615,1.32,3.22,106.29,8415280.02,277782643.89,,-3.91802585208993,,23.8923333333333,2613441
MRT,2001,26.4676923076923,0.55,1.85,111.93,4955706,299833606.8,,-0.799493830035985,,25.5629166666667,2678760
MRT,2002,25.8369230769231,0.46,1.49,103.37,4080595.95,283094767.35,,1.38148396045266,,27.1739166666667,2738655
MRT,2003,26.1930769230769,1.33,3.47,109.98,9723099.62,308169019.08,,6.92826957568474,,26.303,2802046
MRT,2004,25.73,0.48,3.21,103.7,9208411.44,297480456.8,,4.73275787510946,,,2868664
MRT,2005,26.3576923076923,1.28,3.84,112.49,11285986.56,330614746.91,,8.56628732009419,19.7239883983261,26.5528333333333,2939059
MRT,2006,25.9415384615385,0.92,7.16,110.4,21577805.6,332708064,,18.3331986932345,16.8995308151377,26.86,3013660
MRT,2007,25.6661538461539,0.77,2.69,102.35,8320328.70999999,316574588.65,,-1.96942274988409,18.8240200681825,25.8586666666667,3093059
MRT,2008,25.7023076923077,2.44,4.84,104.97,15407021.96,334147746.93,,-0.331079223430805,19.4028682479444,23.8203333333333,3183269
MRT,2009,25.8076923076923,1.85,4.31,105.81,14155970.88,347527442.88,,0.0978759143320076,22.4774629456975,26.2365833333333,3284448
MRT,2010,26.9153846153846,4.55,0.16,116.06,542554.400000001,393555397.9,,2.62022948104543,19.8830644201774,27.5894166666667,3390965
MRT,2011,25.7646153846154,1.39,5.86,106.8,20526472.46,374100214.8,5.68631959575957,4.17278327815399,19.7485480371572,28.1118333333333,3502811
MRT,2012,25.2992307692308,1.21,8.99,103.88,32535115.66,375945251.92,4.90242727217992,4.47001319170479,21.9431750264624,29.662,3619034
MRT,2013,25.8838461538462,1.68,3.94,106.43,14713212.92,397443464.74,4.12910173783396,4.1508131898954,24.6843683299957,30.0681666666667,3734318
MRT,2014,25.9084615384615,0.46,5.27,108.08,20281668.78,415947393.12,3.53436856147326,4.27482328814457,27.2528616886181,30.2725,3848514
MRT,2015,25.6969230769231,3.75,5.03,105.09,19948773.77,416782631.31,3.25472688117632,5.37633924099251,27.0867795677256,32.4671666666667,3965959
MRT,2016,26.3284615384615,2.08,0.359999999999999,108.63,1471196.52,443933549.91,1.4717104565,1.26090923067225,25.6596693724621,35.2370833333334,4086657
MRT,2017,26.23,0.95,7.16,114.15,30147896,480639990,2.2542765193481,6.27054566937677,27.7289441287182,35.7944166666667,4210600
MRT,2018,25.1776923076923,2.35,6.9,100.21,29930026.5,434679413.85,3.06735996058356,4.77217365692621,28.0750026580535,35.6775,4337685
MRT,2019,25.7469230769231,0.48,5.19,105.9,23187404.52,473130277.2,2.30009262117939,3.14100489306969,28.4143225430919,36.6908333333334,4467708
MRT,2020,26.0876923076923,23.69,3.71,108.85,17066486.01,500724259.35,2.38569488456317,-0.360657384151068,,37.1891666666667,4600131
MRT,2021,26.5538461538462,1.74,1.55,112.75,7339054.7,533857043.5,3.5651648465019,0.742715395138262,,36.0633333333333,4734874
MRT,2022,26.8223076923077,1.7,0,114.69,0,559186807.53,9.52526628622842,6.79600510182286,,36.935,4875637
MRT,2023,27.0038461538462,1.64,1.16,118.21,5826031.56,593702750.61,4.95305034506869,6.50718719858594,,36.4891666666666,5022441
MUS,1990,24.1353846153846,20.81,0,79.76,0,84447894,,7.18673677096029,62.2033083395338,14.8634666666667,1058775
MUS,1991,24.37,24.4,0,82.81,0,88628727.46,,4.43544626177179,66.7850363397709,15.6523083333333,1070266
MUS,1992,23.8192307692308,25.47,0,75.65,0,82037961.65,,6.51269858283499,68.9142096478576,15.5632083333333,1084441
MUS,1993,23.8092307692308,35.16,0,75.52,0,82873684.48,,5.0820629557426,70.2354990908222,17.648025,1097374
MUS,1994,24.2184615384615,27.4,0,80.84,0,89962470.64,,4.13614286145543,71.0479295624092,17.9603666666667,1112846
MUS,1995,23.9807692307692,39.96,0,77.75,0,87271031.75,,4.28773657145238,76.6447562428099,17.3863166666667,1122457
MUS,1996,23.7769230769231,31.87,0,75.1,0,85163099.6,,5.58784392666244,72.9566386466403,17.9480666666667,1133996
MUS,1997,24.0146153846154,31.07,0,78.19,0,89784325.96,,5.68747741886635,76.43720412486,21.0572583333333,1148284
MUS,1998,24.3153846153846,32.1,0,82.1,0,95270564.1,,6.07194017756214,74.9233080737597,23.99265,1160421
MUS,1999,23.9276923076923,18.57,0,77.06,0,90566075.02,,2.61093234413026,78.8834645083162,25.1858083333333,1175267
MUS,2000,23.9061538461539,23.7,0,76.78,0,91128108.94,,8.20279174865273,77.0113962195879,26.2495583333333,1186873
MUS,2001,24.4584615384615,20.75,0,83.96,0,100440256.52,5.38934426229508,3.34754072731407,77.9606367777741,29.1292583333333,1196287
MUS,2002,24.3661538461539,28.74,0,82.76,0,99694433.96,6.4193337222115,1.61491865862433,81.3582187835091,29.962,1204621
MUS,2003,24.6461538461538,32.14,0,86.4,0,104835168,3.92105357558187,5.92544548947731,90.9341196293989,27.901475,1213370
MUS,2004,24.47,31.21,0,84.11,0,102698562.33,4.71037060105884,4.33001985464357,96.9550759069732,27.4985166666667,1221003
MUS,2005,24.5738461538462,37.21,0,85.46,0,104966586.84,4.93717004981794,1.77754302034454,97.664202064291,29.4962333333333,1228254
MUS,2006,24.4323076923077,30.23,0,83.62,0,103186745.52,8.91350105650142,4.8655446077553,93.1130476904132,31.7080666666667,1233996
MUS,2007,24.6269230769231,19.77,0,86.15,0,106794124.5,8.82729272393294,5.72701615981669,93.7727682303329,31.31365625,1239630
MUS,2008,24.6092307692308,21.93,0,85.92,0,106894876.32,9.73228317146887,5.38696254207251,96.5030150432673,28.4528375,1244121
MUS,2009,25.0953846153846,24.05,0,92.24,0,115062850.96,2.51609128145112,3.31507699790781,96.2539072499599,31.9598,1247429
MUS,2010,25.03,20.37,0,91.39,0,114274056,2.93236301369857,4.37720322344293,97.4913339906506,30.7844,1250400
MUS,2011,24.9330769230769,19.93,0,90.13,0,112879172.52,6.5224925486934,4.07753806610333,96.6398213042916,28.70595,1252404
MUS,2012,24.7330769230769,16.2,0,87.53,0,109927351.46,3.85216033315982,3.49611836470866,98.5664079560491,30.0499716666667,1255882
MUS,2013,24.6653846153846,23.2,0,86.65,0,109086024.55,3.54329573934838,3.36040609974133,96.8728356431116,30.7013583333333,1258927
MUS,2014,25.0330769230769,20.45,0,91.43,0,115312247.44,3.21769191994685,3.82696982009337,99.3019993531034,30.6216166666667,1261208
MUS,2015,24.8561538461538,33.26,0,89.13,0,112560405.27,1.28654970760231,3.69055690369433,104.053486534669,35.0567,1262879
MUS,2016,24.7669230769231,21.16,0,87.97,0,111171823.59,0.977675134719007,3.8624682634,106.739849060766,35.5418833333333,1263747
MUS,2017,25.1553846153846,25.32,0,93.02,0,117659788.74,3.66699702675919,3.93798380632353,110.40937792651,34.4814083333333,1264887
MUS,2018,24.9669230769231,36.01,0,90.57,0,114623308.89,3.21605383144576,4.00674057198549,110.96810826359,33.93445,1265577
MUS,2019,25.4492307692308,24.42,0,96.84,0,122597987.4,0.405655190309536,2.89128499346516,117.54810207679,35.4735166666667,1265985
MUS,2020,24.5123076923077,25.58,0,84.66,0,107180745.24,2.58080077182826,-14.5465381490166,156.746152758569,39.3469333333333,1266014
MUS,2021,24.92,28.01,0,89.96,0,113919406.64,4.02852888157382,3.40379866177662,159.949073381039,41.6921333333333,1266334
MUS,2022,24.5538461538462,24.63,0,85.2,0,107566959.6,10.7737512242899,8.69306675264066,141.347305946623,44.182775,1262523
MUS,2023,25.4246153846154,30.42,0,96.52,0,121715677.32,7.05298238454734,5.00781381755621,135.460461354015,45.267225,1261041
MWI,1990,25.9530769230769,32.9,0,103.39,0,986945638.28,,5.69229463403222,12.8142131326785,2.72888166666667,9545852
MWI,1991,25.5638461538462,36.69,0,98.33,0,967982840.91,,8.73023176233838,13.3553271469086,2.8033125,9844227
MWI,1992,26.2738461538462,29.23,0,107.56,0,1090129097.24,,-7.33297833747964,14.732493811274,3.60327541666667,10135079
MWI,1993,25.6569230769231,43.94,0,99.54,0,1023671748.96,,9.69184059512781,14.6551458187167,4.40277833333333,10284024
MWI,1994,25.9530769230769,31.23,0,103.39,0,1050948390.66,,-10.2401817116217,17.6693785060507,8.736405,10164894
MWI,1995,25.9969230769231,34.15,0,103.96,0,1055206163.32,,16.7288173003423,13.3439452832872,15.2837416666667,10150117
MWI,1996,25.4976923076923,40.07,0,97.47,0,1009031663.16,,7.3166817822397,11.4231638066895,15.3084666666667,10352228
MWI,1997,25.5023076923077,38.14,0,97.53,0,1030115273.55,,3.79241909354917,9.2970606112417,16.444175,10562035
MWI,1998,26.5861538461539,24.51,0,111.62,0,1204700819.12,,3.89525350328424,12.5574131359718,31.0726833333333,10792876
MWI,1999,25.2053846153846,40.34,0,93.67,0,1034847800.68,,3.04227813671855,11.1658599248016,44.0881416666667,11047804
MWI,2000,25.6992307692308,34.21,0,100.09,0,1132612634.78,,1.57607762616895,12.2556479411832,59.5438083333334,11315942
MWI,2001,25.9615384615385,35.69,0,103.5,0,1199881503,,-4.97496361892476,12.7027687609029,72.1973333333333,11593058
MWI,2002,26.0138461538462,30.34,0,104.18,0,1237704239.2,,1.70000003078317,7.20127640881102,76.6866083333334,11880440
MWI,2003,25.8253846153846,37.56,0,101.73,0,1239231523.02,,5.70563940467414,7.87008728039517,97.432475,12181574
MWI,2004,25.5876923076923,44.45,0,98.64,0,1233072697.68,,5.42049754993828,8.43104002415425,108.897508333333,12500737
MWI,2005,26.5084615384615,23.44,0,110.61,0,1420235828.91,,3.26872602317066,8.5700282579519,118.42,12840031
MWI,2006,25.7015384615385,35.85,0,100.12,0,1321453944.12,,4.69999976404691,7.94312171216044,136.0125,13198701
MWI,2007,26.1023076923077,34.19,0,105.33,0,1429996208.19,,9.59999987683469,9.50945013082068,139.9575,13576343
MWI,2008,25.6384615384615,30.66,0,99.3,0,1387858208.1,,7.63973639944591,12.8330454715885,140.521666666667,13976417
MWI,2009,25.7484615384615,35.2,0,100.73,0,1450087725.24,,8.3281098524038,13.6828765896372,141.168333333333,14395788
MWI,2010,26.1007692307692,40.07,0,105.31,0,1561374818.53,,6.87406585416142,15.2023392638353,150.485833333333,14826463
MWI,2011,25.8076923076923,30.73,0,101.5,0,1549399733,7.6228226284852,4.93266999813729,17.2414095700595,156.515833333333,15265022
MWI,2012,25.9476923076923,38.5,0,103.32,0,1623113495.64,21.271265001378,1.90000000072909,17.682137714717,249.106666666667,15709577
MWI,2013,25.8884615384615,40.69,0,102.55,0,1657394230.8,27.2833333333333,5.41034999817167,17.8341200997595,364.405833333333,16161816
MWI,2014,26.0838461538462,44.73,0,105.09,0,1746757428.42,23.7920649469687,5.62527000105139,16.4762427693326,424.896666666666,16621538
MWI,2015,26.2530769230769,26.35,0,107.29,0,1833112629.23,21.8673475542553,2.80000000003355,17.1246202923525,499.605833333333,17085587
MWI,2016,26.49,29.8,0,110.37,0,1937847653.43,21.7111132136499,2.49999999914311,16.166131397105,718.005,17557739
MWI,2017,25.9469230769231,37.35,0,103.31,0,1863682956.65,11.5433939188771,4.00000000089172,16.4940747318282,730.2725,18039715
MWI,2018,25.7353846153846,41.86,0,100.56,0,1863183825.36,12.420178108921,4.35356471619211,16.5630671572946,732.333333333333,18528081
MWI,2019,25.9384615384615,44.25,0,103.2,0,1963457606.4,9.3708360560567,5.71682519194337,16.0258829511851,745.540667877372,19025752
MWI,2020,25.9884615384615,47.11,0,103.85,0,2028594268.8,8.62551469650552,0.793596429787286,17.4728148502422,749.527493882201,19533888
MWI,2021,25.8676923076923,39.39,0,102.28,0,2050433548.24,9.33014410835212,4.55829212016083,20.0931498965197,805.899650132837,20047258
MWI,2022,25.5576923076923,61.77,0,98.25,0,2020877526,20.953969729969,0.921115069005936,23.5857024217969,949.039016666667,20568728
MWI,2023,26.3107692307692,47.29,0,108.04,0,2280128235.28,28.7897428247298,1.89245798756383,24.9245927681313,1161.09436666667,21104482
MYS,1990,24.4938461538462,68.74,0,84.42,0,1505476295.82,,9.00852713774628,64.3771046598534,2.704875,17833171
MYS,1991,24.4569230769231,81.41,0,83.94,0,1539666428.16,,9.54546741443052,66.3087978449424,2.75006666666667,18342464
MYS,1992,24.39,79.16,0,83.07,0,1564587896.04,,8.88511797832156,102.223025975233,2.54738333333333,18834572
MYS,1993,24.4346153846154,86.16,0,83.65,0,1616340843.6,,9.89494333377064,113.034310138565,2.574095,19322664
MYS,1994,24.4253846153846,74.12,0,83.53,0,1655601854.38,,9.21204179334867,111.038979642998,2.62425666666667,19820446
MYS,1995,24.5684615384615,89.27,0,85.39,0,1736029848.61,,9.82908519730812,115.629851712343,2.50440416666667,20330599
MYS,1996,24.3284615384615,77.92,0,82.27,0,1715336657.49,,10.0027006861844,120.125250264058,2.5159425,20850087
MYS,1997,24.5961538461539,68.76,0,85.75,0,1832924943.5,,7.32274185035924,125.506871598148,2.81319166666667,21375218
MYS,1998,25.14,75.45,0,92.82,0,2033381100.66,,-7.35941518817556,125.151891142941,3.924375,21906713
MYS,1999,24.3415384615385,88.3,0,82.44,0,1849585175.64,,6.13761201057692,132.121037092205,3.8,22435531
MYS,2000,24.3961538461538,84.99,0,83.15,0,1909773900.4,,8.85886816969386,122.69875028409,3.8,22967816
MYS,2001,24.4607692307692,78.33,0,83.99,0,1975993926.62,1.41678473206098,0.517675319192861,138.460702498827,3.8,23526538
MYS,2002,24.5323076923077,78.55,0,84.92,0,2046782346.84,1.80787246281536,5.39098830692797,133.104466943551,3.8,24102477
MYS,2003,24.4515384615385,90.66,0,83.87,0,2069878219.74,1.08967632577286,5.7884992858875,132.311271848845,3.8,24679602
MYS,2004,24.5484615384615,82.34,0,85.13,0,2150109000.36,1.42127115937403,6.78343772370305,131.711368873289,3.8,25256772
MYS,2005,24.5915384615385,78.53,0,85.69,0,2213892923.99,2.97507092684449,5.33213916141486,124.964121884925,3.78709166666667,25836071
MYS,2006,24.5084615384615,97.17,0,84.61,0,2235219280.49,3.60923564224389,5.5848470671515,129.338226236628,3.66817695833333,26417909
MYS,2007,24.5315384615385,81.68,0,84.91,0,2292433209.99,2.02735317779569,6.29878592740947,125.202378366958,3.43756938226247,26998389
MYS,2008,24.3969230769231,100.1,0,83.16,0,2292726106.44,5.44078221100769,4.83176988913097,119.590240517141,3.33583333333333,27570059
MYS,2009,24.5007692307692,96.42,0,84.51,0,2376824988.78,0.583308405623704,-1.51352871598714,139.16562087384,3.52450291070644,28124778
MYS,2010,24.7569230769231,81.02,0,87.84,0,2517123363.84,1.62285235577035,7.42484738326097,129.644648612903,3.22108691472175,28655776
MYS,2011,24.35,96.1,0,82.55,0,2407326319.45,3.17447092151308,5.29391283414003,133.890596574756,3.06000301052058,29162039
MYS,2012,24.5846153846154,91.45,0,85.6,0,2539138333.6,1.66357102479208,5.47345419253853,136.80386813555,3.08880086662188,29662831
MYS,2013,24.6061538461538,89.83,0,85.88,0,2591365878.2,2.10501231233613,4.69372252557893,140.092353976818,3.15090855009724,30174265
MYS,2014,24.6638461538462,81.12,0,86.63,0,2659206348.31,3.14299050879097,6.00672194558203,137.102328593906,3.27285974643047,30696137
MYS,2015,24.8207692307692,79.81,0,88.67,0,2769412198.66,2.10438980238356,5.09153242155011,132.812779305956,3.90550026302768,31232798
MYS,2016,25.0623076923077,83.67,0,91.81,0,2918610979.85,2.09056659525741,4.44978139761541,128.584186484846,4.14830066287879,31789685
MYS,2017,24.7584615384615,105.16,0,87.86,0,2842766881.84,3.87120115774237,5.81272240983328,122.534205616143,4.30044087761124,32355644
MYS,2018,24.7069230769231,101.17,0,87.19,0,2869507212.73,0.884709160571202,4.84308697634881,125.07786465746,4.03513013706806,32910967
MYS,2019,24.9661538461539,79.28,0,90.56,0,3028380373.76,0.662891865764397,4.41318742129586,122.907052812222,4.14246973569731,33440596
MYS,2020,24.8153846153846,98.18,0,88.6,0,3002614838.8,-1.13870215393055,-5.45684658426701,137.093713910382,4.20348194851884,33889558
MYS,2021,24.5584615384615,120.39,0,85.26,0,2922917338.74,2.47710241465446,3.31534954399166,132.547636040633,4.14329759817721,34282399
MYS,2022,24.6269230769231,135.21,0,86.15,0,2989016721.95,3.37869862549933,8.86182187578046,119.00395882826,4.40107634540072,34695493
MYS,2023,25.0315384615385,124.91,0,91.41,0,3210894900.18,2.48886560125756,3.55548715410509,123.93993365517,4.56062343240897,35126298
NER,1990,27.9815384615385,3.47,0,129.76,0,1075199015.84,,-1.30847828481959,13.9926235842437,272.264787954393,8286059
NER,1991,27.6946153846154,5.64,0,126.03,0,1077165807,,-0.43948910045782,13.1565269174256,282.10690880882,8546900
NER,1992,26.8815384615385,5.8,0.859999999999999,116.32,7583164.38,1025667070.56,,2.00075236142851,13.4761265100836,264.691800750579,8817633
NER,1993,27.6330769230769,4.33,1.72,126.95,15653357.08,1155345163.55,,0.321655474432788,13.9835123200637,283.162579500018,9100789
NER,1994,27.0346153846154,8.05,0.370000000000001,117.82,3477355.46000001,1107302757.56,,1.85477879101168,11.9889797484989,555.204695655697,9398258
NER,1995,27.9684615384615,2.66,0.59,130.18,5731572.11,1264637385.22,,2.4572441223155,11.6456076178013,499.14842590131,9714529
NER,1996,28.1807692307692,3.12,0,132.35,0,1329436162.2,,0.100530504281409,10.1598199303612,511.552430272516,10044852
NER,1997,27.6730769230769,6.02,0,125.75,0,1305784101.75,,1.52747571050666,7.35979275712173,583.669372353396,10383969
NER,1998,27.7161538461539,7.94,0,126.31,0,1356747876.03,,9.97261495642444,5.14320048581012,589.951774567332,10741413
NER,1999,27.5776923076923,6.54,0,124.51,0,1384228843.61,,-0.2195625179166,5.92621877124759,615.473349319164,11117411
NER,2000,27.2661538461538,4.93,0,120.46,0,1386450029.8,,-1.20847774100575,6.55900248161089,710.207977031367,11509630
NER,2001,27.6092307692308,3.34,0,124.92,0,1489127223.24,,7.26813490213235,8.65316407136481,732.397693260228,11920647
NER,2002,27.8915384615385,4.07,0.699999999999999,129.29,8644400.79999999,1596620827.76,,4.91847057594622,6.55623913237211,693.713226496374,12349144
NER,2003,28.0130769230769,5.52,0,130.17,0,1665783407.28,,2.1706103837418,9.29998206502217,579.897426172466,12796984
NER,2004,28.0384615384615,6.25,0,130.5,0,1731191598,,0.363801578722132,10.0499920012607,527.338032291576,13265836
NER,2005,28.2023076923077,6.67,0.0199999999999996,132.65,275123.839999994,1824758868.8,,7.33186884258517,9.03431721674152,527.258362649626,13756192
NER,2006,28.1192307692308,6.09,0,131.55,0,1877031830.55,,5.93104997350342,9.38447095955683,522.425624895176,14268581
NER,2007,27.5761538461539,8.73,0.170000000000002,124.66,2516613.70000003,1845418022.6,,3.14272408386731,12.4275915436328,478.633718476363,14803610
NER,2008,27.3569230769231,4.36,1.71,123.35,26268874.65,1894892215.25,,7.73141422777337,11.4575177298271,446.000041432788,15361915
NER,2009,28.6761538461538,4.95,0,138.79,0,2212822653.25,,1.96260090694645,13.0168749118406,470.293423341398,15943675
NER,2010,28.5569230769231,6.68,0,137.24,0,2271162115.4,,8.57816674262253,14.205804307023,494.794262222947,16548835
NER,2011,28.0915384615385,4.5,0,131.19,0,2253356566.77,2.94238514013314,2.35775693603874,14.2614748664628,471.248625718937,17176283
NER,2012,27.7761538461539,7.12,0,127.09,0,2266874972.21,0.455089820359304,10.5489445763446,16.1356657877984,510.556338454251,17836769
NER,2013,27.8784615384615,7.54,0,128.42,0,2378325301.16,2.29723114955315,5.31513063394726,16.8763642171311,493.899623852237,18519898
NER,2014,28.0553846153846,4.95,0,130.72,0,2511903624.48,-0.930287259984459,6.64213665495603,19.8483487928947,493.757329875312,19215909
NER,2015,26.9123076923077,9.37,2.34,118.2,46658425.32,2356848663.6,-0.576090369833122,4.39264883207291,19.4475087953013,591.21169798261,19939498
NER,2016,28.1476923076923,7.83,0,131.92,0,2728864535.76,1.65388922387806,5.74089315058157,19.6343271366592,592.605615063022,20685753
NER,2017,27.5315384615385,7.92,0,123.91,0,2656066113.86,2.79637318871282,5.00536078615544,17.7130175806106,580.656749587858,21435446
NER,2018,27.7423076923077,8.53,0.210000000000001,126.86,4659494.49000002,2814778433.34,2.9676036600445,7.21141802762897,15.7943154668168,555.446458398226,22188069
NER,2019,27.5969230769231,9.91,0,124.76,0,2862962163.32,-2.48979265070854,5.93985257123522,17.157756560352,585.911013180369,22947757
NER,2020,27.2084615384615,14.06,0,119.71,0,2839235452.23,2.89819376026277,3.55064109436891,19.1657515289364,575.586004510945,23717613
NER,2021,28.1346153846154,5.65,0,131.75,0,3228156945,3.83786802840501,1.38359636198477,20.1159875168403,554.530675033104,24502140
NER,2022,27.0269230769231,8.19,0.550000000000001,117.9,13921585.15,2984281616.7,4.22621791916397,11.9000000000277,19.3426895962244,623.759700911182,25311973
NER,2023,28.3046153846154,6.16,0,133.96,0,3504375783.32,3.70097316425831,1.66763406484279,18.2141053685118,606.569750165917,26159867
NGA,1990,24.4192307692308,39.77,0,83.45,0,8104741191.25,,11.7768859342069,11.6353717588205,8.038285,97120925
NGA,1991,24.3007692307692,40.99,0,81.91,0,8168078469.42,,0.358352601660144,13.3998805797521,9.90949166666666,99720162
NGA,1992,23.91,51.83,0,76.83,0,7865299919.1,,4.63119294607692,14.2473842678947,17.298425,102372770
NGA,1993,24.0907692307692,47.11,0,79.18,0,8323565423.42,,-2.03511877399136,15.7877165842118,22.0654,105122069
NGA,1994,23.7915384615385,57.79,0,75.29,0,8126479907.06,,-1.81492448525673,15.0919364078861,21.996,107935714
NGA,1995,23.8469230769231,62.24,0,76.01,0,8423384722.28,,-0.0726647639378797,10.2819127169307,21.8952583333333,110819428
NGA,1996,23.7307692307692,58.66,0,74.5,0,8474731035.5,,4.19592404660108,9.06332881813765,21.884425,113754779
NGA,1997,23.9623076923077,48.06,0,77.51,0,9049663927.92,,2.93709941924899,9.72526941888366,21.88605,116754792
NGA,1998,24.8953846153846,48.81,0,89.64,0,10743018208.56,,2.58125410192935,10.9390346911727,21.886,119846254
NGA,1999,25.5976923076923,22.08,0,98.77,0,12153383796.4,,0.584126892918917,12.7633944053325,92.3381,123047320
NGA,2000,24.73,60.61,0,87.49,0,11057204400.06,,5.01593475931159,14.6696313737072,101.697333333333,126382494
NGA,2001,24.5938461538462,29.24,0,85.72,0,11131821643.4,,5.91768464920368,15.9009677066124,111.23125,129862595
NGA,2002,24.9161538461538,38.58,0,89.91,0,12000466530.99,,15.3291557409559,13.5269974309959,120.578158333333,133471989
NGA,2003,25.44,30.59,0,96.72,0,13270239727.68,,7.34719496799485,13.0265864686541,129.22235,137202644
NGA,2004,26.0346153846154,19.8,0,104.45,0,14733408350.25,,9.25055822917993,11.7587859589613,132.888025,141057045
NGA,2005,26.0476923076923,27.52,0,104.62,0,15171705008.86,,6.43851652538319,11.3005138135141,131.274333333333,145017253
NGA,2006,25.5061538461538,35.13,0,97.58,0,14546966251.72,8.22522152017049,6.05942803202912,11.728970990403,128.651666666667,149077334
NGA,2007,24.7176923076923,53.95,0,87.33,0,13384829903.13,5.38800796858628,6.59113036068734,19.2910852561516,125.808108333333,153267261
NGA,2008,24.6461538461538,38.95,0,86.4,0,13616209209.6,11.5810751748252,6.7644727778017,23.8118714049568,118.566666666667,157595014
NGA,2009,25.2153846153846,35.3,0,93.8,0,15200239723.2,12.5378277304689,8.03692510099067,25.1441564158627,148.88,162049464
NGA,2010,25.1084615384615,41.62,0,92.41,0,15399469095.26,13.7400521363694,8.00565591628646,21.3558473864794,150.2975,166642886
NGA,2011,25.0669230769231,30.56,0,91.87,0,15744643668.26,10.8261371880017,5.30792420289512,22.4790459818829,153.8625,171379598
NGA,2012,24.9146153846154,45.47,0,89.89,0,15838674181.25,12.2242413020584,4.23006117493168,24.9282309403592,157.5,176200625
NGA,2013,25.7007692307692,20.01,0,100.11,0,18124859738.73,8.49551838265672,6.67133539306172,25.4480451128873,157.311666666667,181049443
NGA,2014,25.6446153846154,30.59,0,99.38,0,18474435412.7,8.04741087967908,6.30971865525467,22.6896110241531,158.552641666667,185896915
NGA,2015,25.8438461538462,25.7,0,101.97,0,19442811399.66,9.00943498007703,2.65269329543003,22.366826541931,192.440333333333,190671878
NGA,2016,25.2453846153846,49.23,0,94.19,0,18408842103,15.6968126387972,-1.61686894906529,27.3787883574183,253.492,195443700
NGA,2017,25.5723076923077,32.57,0,98.44,0,19713060756.76,16.5022662139641,0.80588661910221,24.7814178638797,305.790109160005,200254579
NGA,2018,25.6653846153846,32.12,0,99.65,0,20422146935.75,12.0951065173432,1.92275734200651,25.3624627316228,306.083688245234,204938755
NGA,2019,25.7053846153846,39.32,0,100.17,0,20984176658.97,11.3964223378115,2.20842927714881,23.9296085965377,306.920951495222,209485641
NGA,2020,25.0738461538462,41.16,0,91.96,0,19679088804.76,13.2460234276598,-1.79425308274458,25.2216111593076,358.810797258297,213996181
NGA,2021,25.2838461538462,53.42,0,94.69,0,20692538091.34,16.9528457221608,3.64718654072446,25.2414301100672,401.152029220779,218529286
NGA,2022,24.2815384615385,60.82,0,81.66,0,18222502167.36,18.8471877843274,3.25168140827093,25.7886818759233,425.979158066857,223150896
NGA,2023,26.2361538461539,24.58,0,107.07,0,24399426921.15,24.6595502031139,2.86021499108364,,645.194067883201,227882945
NLD,1990,10.4623076923077,25.64,99.12,1.13,1481993671.2,16895206.3,2.45409184818342,4.18322279220835,,1.82094166666667,14951510
NLD,1991,9.20846153846154,23.46,115.32,1.03,1737849105.36,15521891.94,3.15820041477122,2.43913458059633,,1.86966666666667,15069798
NLD,1992,10.0861538461539,28.82,103.5,0.620000000000001,1571561181,9414182.92000002,3.18358181761551,1.70607086906817,,1.75846633333333,15184166
NLD,1993,9.23076923076923,30.32,114,0,1743101952,0,2.58418448671799,1.2575522529669,,1.85730516666667,15290368
NLD,1994,10.0992307692308,30.71,105.3,2.59,1619812841.4,39841550.42,2.80152463293178,2.96109249092605,,1.81999508333333,15382838
NLD,1995,9.93461538461539,24.94,107.8,2.95,1666480846.8,45604067.7,1.92322003453524,3.11603588982837,,1.60567525,15459006
NLD,1996,8.09846153846154,21.87,128.72,0,1999085702.56,0,1.94936713166008,3.42057733811352,,1.68589675,15530498
NLD,1997,9.81153846153846,22.52,109.41,2.96,1707961216.5,46207524,2.10924562739483,4.24847954297027,,1.95126991666667,15610650
NLD,1998,9.89538461538461,36.69,105.36,0,1654911540.24,0,1.95913632274252,4.64778462461781,,1.983733,15707209
NLD,1999,10.4507692307692,30.42,98.75,0.609999999999999,1561443690,9645373.67999999,2.15717918055059,5.04332136430241,,0.938283072395283,15812088
NLD,2000,10.4461538461539,32.8,98.2,0,1563885376.6,0,2.36052233801948,4.2197537762102,,1.08270508132602,15925513
NLD,2001,9.86538461538462,34.64,106.73,0.98,1712608791.4,15725256.4,4.15584127195613,2.32357570819386,,1.11653308564462,16046180
NLD,2002,10.2307692307692,31.59,101.66,0.66,1641700122.14,10658293.14,3.28753104712771,0.245785659129112,,1.05755899623965,16148929
NLD,2003,9.96923076923077,23.28,106.68,2.28,1730915217.36,36993688.56,2.09199838997654,0.097832364227159,,0.88404792718493,16225302
NLD,2004,9.99538461538462,29.13,104.7,0.640000000000001,1704702261.3,10420338.56,1.2636473918318,2.01630996216733,,0.803921647747618,16281779
NLD,2005,10.2530769230769,27.46,100.71,0,1643573906.28,0,1.68813017869623,2.03396336199143,,0.803800192161442,16319868
NLD,2006,10.63,27.62,99.66,3.85,1629052425.66,62932488.85,1.10150106517702,3.53737509680782,,0.796432730949102,16346101
NLD,2007,10.7515384615385,32.12,94.23,0,1543647214.08,0,1.61385859802103,3.88530644801823,,0.729672399984083,16381696
NLD,2008,10.0807692307692,29.22,102.95,0,1693073799.35,0,2.48650198289454,2.11681593642137,,0.679922680042729,16445593
NLD,2009,10.0169230769231,27.11,104.7,0.919999999999998,1730731623.6,15207956.96,1.18977687021549,-3.66529049145096,,0.716957702016136,16530388
NLD,2010,8.44307692307692,28.77,125.96,1.72,2092875028.24,28578477.68,1.27530569556683,1.31932032302214,,0.754308990105961,16615394
NLD,2011,10.3615384615385,27.77,99.3,0,1657622248.2,0,2.34107017751372,1.77334516269423,,0.718413898653317,16693074
NLD,2012,9.76846153846154,31.52,107.31,0.300000000000001,1797974972.22,5026488.60000001,2.45554765291609,-0.977876877747732,,0.778338120416812,16754962
NLD,2013,9.15769230769231,23.49,116.02,1.07,1949650200.64,17980742.24,2.50689852657885,-0.0302325600539604,,0.752945122701996,16804432
NLD,2014,11.1592307692308,26.34,90.63,1.7,1528475675.04,28670513.6,0.976035079699672,1.61261001294011,,0.752728196932603,16865008
NLD,2015,10.2369230769231,30.14,101.67,0.75,1722281971.41,12704942.25,0.600248147278746,2.12060523860846,,0.901296423367096,16939923
NLD,2016,10.1815384615385,27.81,101.75,0.109999999999999,1732834449.5,1873334.53999999,0.3166666666667,2.42428572955482,,0.903421436257263,17030314
NLD,2017,10.4715384615385,30.9,97.92,0.0500000000000007,1677496504.32,856564.800000012,1.38145871407207,2.78154619309936,,0.885205508269372,17131296
NLD,2018,10.8576923076923,23.35,96.24,3.39,1658371493.76,58415205.36,1.70349794744475,2.2587403735731,,0.846772667108111,17231624
NLD,2019,10.93,28.27,94.57,2.66,1640304734.18,46137364.84,2.63369910249596,2.30009157916757,,0.893276257067409,17344874
NLD,2020,11.2638461538462,29.24,90.28,2.71,1574618620,47266465,1.27246037789166,-3.86795333823223,,0.875506396987998,17441500
NLD,2021,10.0992307692308,29.9,102.83,0.120000000000001,1802922914.52,2103965.28000002,2.67572008805385,6.2768306708326,,0.84549413889045,17533044
NLD,2022,11.5246153846154,26.51,88.15,3.97,1560341563.3,70272898.5400001,10.0012078753473,5.00723455159611,,0.949623753156941,17700982
NLD,2023,11.5515384615385,37.57,85.9,2.07,1535644350.3,37005632.19,3.8383935434281,0.0745608349011775,,0.924839558470698,17877117
NOR,1990,1.36307692307692,32.24,216.28,0,917345780.44,0,4.1310334831135,1.93229130670601,57.7145630990277,6.25974166666667,4241473
NOR,1991,0.231538461538462,24.29,230.99,0,984417474.68,0,3.43819599109134,3.08443862114596,56.3831578041406,6.4829425,4261732
NOR,1992,0.551538461538461,28.58,226.83,0,972284338.83,0,2.32808504911858,3.5744589537378,59.4452295124912,6.21450083333333,4286401
NOR,1993,-0.328461538461539,27.39,238.27,0,1027418095.57,0,2.28826933193056,2.8451826884301,56.1267756292078,7.09412916666667,4311991
NOR,1994,-0.642307692307693,31.67,242.35,0,1050978160.55,0,1.37567498071479,5.0552739968782,56.197770501158,7.05758416666667,4336613
NOR,1995,0.03,29.5,233.61,0,1018348974.24,0,2.46036778693724,4.1556430062232,54.3322971370665,6.33515666666667,4359184
NOR,1996,-1.16692307692308,29.09,249.17,0,1091697491.12,0,1.26253249164501,5.02791307591366,53.0452121607476,6.44980833333333,4381336
NOR,1997,0.587692307692308,28.39,226.36,0,997151338.52,0,2.5669233590026,5.28460660979037,49.7240962377556,7.07340083333334,4405157
NOR,1998,-0.402307692307692,36.39,239.23,0,1060139132.72,0,2.25241329996422,2.66868660973638,56.3144773963356,7.5450975,4431464
NOR,1999,0.400769230769231,35.26,228.79,0,1020841075.27,0,2.36596736596734,2.0720471690145,52.6239613790533,7.79917166666667,4461913
NOR,2000,1.12384615384615,42.76,219.39,0,985273250.13,0,3.08550609131276,3.31894570142394,47.9879162326423,8.80184166666667,4490967
NOR,2001,-0.733076923076923,33.45,243.53,0,1099233781.03,0,3.00419703998237,2.06713043546189,53.8361328339423,8.99165416666667,4513751
NOR,2002,0.366923076923077,32.48,229.23,0,1040282187.57,0,1.28672528415183,1.37755702173065,57.9285730580958,7.98377883333333,4538159
NOR,2003,0.682307692307692,31.31,225.13,0,1027685806.15,0,2.48782553461784,0.944909363247831,56.9881773073708,7.08021666666667,4564855
NOR,2004,0.556153846153846,34.71,226.77,0,1041307430.7,0,0.454498502220837,4.01458802387079,55.3060093645725,6.74083333333333,4591910
NOR,2005,1.16,32.48,218.92,0,1012130865.72,0,1.53213367609255,2.68512290339085,54.7320442633186,6.4425,4623291
NOR,2006,1.10384615384615,37.18,219.65,0,1023717703.05,0,2.32934980757543,2.46147311635166,52.456524445687,6.41333333333333,4660677
NOR,2007,0.651538461538461,34.02,225.53,0,1062055276.09,0,0.712589073634204,2.91404000653228,58.4011602534389,5.86166666666666,4709153
NOR,2008,0.519230769230769,36.17,227.25,0,1083576177,0,3.75393081761005,0.481919549757933,54.1892770585801,5.64,4768212
NOR,2009,-0.245384615384616,34.94,237.19,0,1145325519.94,0,2.19738586853574,-1.94036472596633,58.7645181070553,6.28833333333333,4828726
NOR,2010,-1.99692307692308,29.08,259.96,0,1271009949.92,0,2.41890639481001,0.787051861494078,58.5882286110394,6.04416666666666,4889252
NOR,2011,1.08769230769231,40.37,219.86,0,1088985927.68,0,1.28495158809154,1.10565603382983,57.8109268953059,5.60460730676328,4953088
NOR,2012,-0.624615384615385,37.44,242.12,0,1215096894.76,0,0.696864111498301,2.71795924894734,56.9033637023722,5.8175,5018573
NOR,2013,-0.34,35.35,238.42,0,1211083715.66,0,2.12048620353118,1.01619084044641,58.6356171741899,5.875,5079623
NOR,2014,1.22076923076923,35.94,218.13,0,1120584416.16,0,2.0417028670721,2.04813200438943,60.8141753242481,6.30166666666667,5137232
NOR,2015,0.719230769230769,31.07,224.65,0,1165620562.55,0,2.17113665389527,1.85733971623901,58.1560566906152,8.06416666666667,5188607
NOR,2016,0.611538461538461,31.15,226.05,0,1183263019.95,0,3.55,1.16472423928819,64.9856628696404,8.4,5234519
NOR,2017,0.480769230769231,36.24,227.75,0,1201829462,0,1.87510059552554,2.46374626574153,64.6424140329084,8.27166666666666,5276968
NOR,2018,0.669230769230769,31.06,225.3,0,1196774674.8,0,2.76483134528787,0.828931500516902,63.1740201046754,8.1325,5311916
NOR,2019,0.591538461538462,39.42,226.31,0,1210282343.76,0,2.16773003305404,1.12374694968757,65.3125145088724,8.8,5347896
NOR,2020,1.68923076923077,39.37,212.04,0,1140663879,0,1.28658490707998,-1.27817177234034,76.1182409741231,9.41583333333334,5379475
NOR,2021,0.358461538461538,32.38,229.34,0,1240344108.8,0,3.48388055266683,3.90868676830634,67.3369672180245,8.59,5408320
NOR,2022,1.16,32.25,218.92,0,1194674242.84,0,5.76412317852275,3.24622860260932,53.6046210429093,9.61416666666667,5457127
NOR,2023,-0.156153846153846,43.23,236.03,0,1302789771.82,0,5.51784987104656,0.0721204806030329,60.4993689184032,10.5633333333333,5519594
NPL,1990,5.25461538461539,20.58,165.69,0,3235026500.37,0,8.2397003745321,4.63503634698831,32.0144851860447,29.3691666666667,19524573
NPL,1991,4.98384615384615,12.49,169.21,0,3390376165,0,15.5574529276948,6.3681503973968,32.8200095314254,37.255,20036500
NPL,1992,4.85846153846154,14.22,170.84,0,3520962343.88,0,17.149523624344,4.10640661731669,32.0610891965656,42.7175,20609707
NPL,1993,5.13692307692308,14.35,167.22,0,3541746187.98,0,7.50539419087105,3.84985002629573,34.8422718320602,48.607165,21180159
NPL,1994,5.10538461538462,11.65,167.63,0,3640501004.77,0,8.34928672883386,8.21600269296587,36.2420711389458,49.3975183333333,21717479
NPL,1995,4.95307692307692,15.34,169.61,0,3773048908.79,0,7.62296950698163,3.46845189309603,38.0349036158321,51.8903333333334,22245439
NPL,1996,5.07692307692308,16.77,168,0,3820632816,0,9.22046662376986,5.32828417508708,37.5773463017199,56.6919525,22741862
NPL,1997,4.36846153846154,10.14,177.21,0,4114721038.23,0,4.00998860523183,5.04861254517328,43.1952267250359,58.0095491666667,23219463
NPL,1998,5.86692307692308,16.49,157.73,0,3735102709.61,0,11.2444677818614,3.01638947539399,44.7793714371188,65.9757875,23680357
NPL,1999,5.84307692307692,11.47,158.04,0,3812746449.96,0,7.4511126095755,4.41257328041399,47.9258108337134,68.2393708333334,24125199
NPL,2000,5.06307692307692,17.24,168.18,0,4128231883.62,0,2.47882020709132,6.19999998192236,51.3364742383817,71.0937958333333,24546509
NPL,2001,5.57,15.42,161.59,0,4031145009.32,0,2.68830373545629,4.79989214255407,51.5259488569941,74.94925,24946748
NPL,2002,5.23846153846154,11.5,165.9,0,4202077947.9,0,3.02939948714896,0.120143177369414,50.8324503801342,77.8766191666667,25328981
NPL,2003,5.23076923076923,12.41,166,0,4264333828,0,5.70700931874737,3.94503776051116,52.2943350384271,76.1414475,25688758
NPL,2004,5.18384615384615,34.36,166.61,0,4334635056.16,0,2.84181131248978,4.68260325152944,54.2322547459651,73.6735966666667,26016656
NPL,2005,4.51923076923077,29.64,175.25,0,4610732514.5,0,6.83633265892875,3.47918104829496,54.1987263230134,71.3675,26309458
NPL,2006,5.47846153846154,29.93,162.78,0,4324319881.5,0,6.92033580707587,3.36461478056277,57.1353356643795,72.7556058333333,26565425
NPL,2007,5.09076923076923,33.41,167.82,0,4495644727.44,0,2.26921924439073,3.41156027980276,60.8601858820846,66.4150275,26788492
NPL,2008,5.06,36.99,168.22,0,4540264024.14,0,9.90783005306479,6.10463914373472,75.4000957899399,69.761695,26990037
NPL,2009,5.49153846153846,24.36,162.61,0,4418607221.35,0,11.0948237386987,4.5330787246486,80.6631121175555,77.5734307390156,27173035
NPL,2010,5.80384615384615,27.77,158.55,0,4335066489.6,0,9.32650410745394,4.81641464694573,73.2421606232785,73.2623590158046,27341952
NPL,2011,5.08692307692308,30.43,167.87,0,4610464607.78,0,9.22707546125951,3.42180870116162,66.4894638932494,74.02,27464494
NPL,2012,4.68384615384615,33.14,173.11,0,4766569135.65,0,9.45980980357135,4.67014192446953,67.7179781082074,85.2257559923835,27534915
NPL,2013,4.91615384615385,47.09,170.09,0,4692782419.64,0,9.04016311917636,3.52515317129149,74.3155496306317,93.0843938075485,27589996
NPL,2014,4.95461538461538,51.15,169.59,0,4692957228.3,0,8.36415469659563,6.01148284250441,75.3605188425074,97.5548421567946,27672370
NPL,2015,4.53538461538462,64.03,175.04,0,4870248020.16,0,7.86890895590899,3.97605327162971,86.3803963337898,102.405134331356,27823629
NPL,2016,5.66615384615385,59.66,160.34,0,4482378777.08,0,8.79034332004633,0.433113719381524,94.205860248073,107.383815174654,27955462
NPL,2017,5.18076923076923,59.32,166.65,0,4668076145.7,0,3.62709610696607,8.97727935643466,89.4049710263657,104.511885242862,28011258
NPL,2018,4.93692307692308,47.81,169.82,0,4768492785.98,0,4.0611633875107,7.62237610397933,95.3317829444518,108.930134109273,28079689
NPL,2019,4.45153846153846,62.29,176.13,0,5004569092.32,0,5.56868547784929,6.65705543110468,97.1698777767366,112.609482758621,28414064
NPL,2020,4.47923076923077,53.75,175.77,0,5091454711.98,0,5.05236655289212,-2.3696206292072,117.749455480118,118.345187275986,28966574
NPL,2021,5.32538461538462,87.41,164.77,0,4856597397.7,0,4.14968003360264,4.838149614115,120.656769593231,118.134081604947,29475010
NPL,2022,5.07846153846154,76.13,167.98,0,4991598939.28,0,7.6507917679853,5.6313145568451,113.593052415379,125.199457792609,29715436
NPL,2023,5.13923076923077,60.18,167.19,0,4964642514.66,0,7.11475951738199,1.98254843628392,120.665233128408,132.115460088756,29694614
NZL,1990,12.8223076923077,36.38,67.77,0.460000000000001,225660546,1531708,6.09844414810205,0.153140653942785,69.888637408541,1.67620333333333,3329800
NZL,1991,11.7953846153846,34.74,80.66,0,281914766,0,2.60239285999774,-1.09079322533503,71.169613121487,1.73351416666667,3495100
NZL,1992,11.22,39.22,88.14,0,311284038,0,1.01456027171236,1.09383475591748,71.7372821854854,1.86179166666667,3531700
NZL,1993,11.4592307692308,32.15,85.03,0,303744166,0,1.28820776574386,6.39152850429893,70.5502808158439,1.85051333333333,3572200
NZL,1994,12.1038461538462,32.86,76.65,0,277473000,0,1.74537790773743,5.11924841488023,71.864348785872,1.68652166666667,3620000
NZL,1995,12.4253846153846,43.53,72.47,0,266211298,0,3.75494413677554,4.72208114777668,74.0100378236834,1.52387666666667,3673400
NZL,1996,12.1630769230769,37.84,75.88,0,283184160,0,2.28571305402195,3.61187886151062,80.4005895095004,1.4548475,3732000
NZL,1997,12.0530769230769,26.21,77.31,0,292332303,0,1.18714833105633,2.07927288651346,82.6897867671612,1.51242083333333,3781300
NZL,1998,13.1892307692308,27.89,63.29,0.75,241451350,2861250,1.26524409915406,0.858406352198429,81.366296594462,1.86824916666667,3815000
NZL,1999,13.2730769230769,24.46,61.56,0.109999999999999,236088756,421860.999999998,-0.114267129777529,5.37772890780957,82.2468625528796,1.88961389919167,3835100
NZL,2000,12.5961538461539,19.92,70.25,0,271003425,0,2.6152344624632,2.87005108790095,78.8813140964127,2.20114916666667,3857700
NZL,2001,12.9438461538462,22.37,65.73,0,255065265,0,2.62581630392902,3.41099312247906,80.1110765321338,2.37875083333333,3880500
NZL,2002,12.4584615384615,26.23,72.04,0,284449940,0,2.67709257711606,4.71347767117496,76.4571145671581,2.16219083333333,3948500
NZL,2003,12.6592307692308,28.55,69.43,0,279608496,0,1.75357444759557,4.72804204913962,78.3201231045591,1.72209914639778,4027200
NZL,2004,11.8638461538462,43.84,79.77,0,326059875,0,2.2902490284757,4.08796484025709,75.8068854766141,1.50868127077323,4087500
NZL,2005,12.9438461538462,25.04,65.77,0.0399999999999992,271886603,165355.999999997,3.03702332617012,3.35292760405062,78.7316341732571,1.42027345661433,4133900
NZL,2006,12.1807692307692,36.51,75.65,0,316564990,0,3.36540196171992,2.77978059105617,82.9846791491244,1.54205575669681,4184600
NZL,2007,12.46,23.91,72.02,0,304198076,0,2.37614310290658,3.05641638984955,84.9831479623245,1.36067522852426,4223800
NZL,2008,12.7007692307692,32.33,68.89,0,293457622,0,3.95894937312061,-1.01703846933975,92.2146532786437,1.4227268095265,4259800
NZL,2009,11.7630769230769,31.3,81.08,0,348854808,0,2.1156511055456,-0.0374661120713,89.3116792446052,1.60087729521946,4302600
NZL,2010,12.4030769230769,34.11,72.76,0,316556932,0,2.30202385958574,1.45863634911349,92.4644459297494,1.38783382768108,4350700
NZL,2011,12.3676923076923,34.76,73.22,0,320996480,0,4.02790667392041,2.09349621669912,,1.26581069673447,4384000
NZL,2012,12.0992307692308,29.59,76.71,0,338145351,0,1.05991318445632,2.36630664656174,,1.23428365501329,4408100
NZL,2013,12.9946153846154,34.19,65.07,0,289047447,0,1.13442266445812,2.58954199031598,92.7666772567641,1.21940797394829,4442100
NZL,2014,12.4476923076923,29.28,72.18,0,326000970,0,1.22750750597406,3.82638491760299,94.9176056019134,1.20543333333333,4516500
NZL,2015,12.4430769230769,32.47,72.24,0,332983056,0,0.292704628136088,3.69036908387233,99.1055253180159,1.433975,4609400
NZL,2016,13.1423076923077,36.39,63.88,0.73,301136708,3441293,0.646240284454499,3.77911068354334,100.383422971724,1.436525,4714100
NZL,2017,12.74,38.64,68.38,0,329153968,0,1.85078767452534,3.37873219470765,100.558073518091,1.40740833333333,4813600
NZL,2018,13.2269230769231,42.06,63.44,1.39,310894064,6811834,1.59829703801696,3.47058203866328,101.640065736649,1.44525833333333,4900600
NZL,2019,13.04,33.13,64.48,0,321058816,0,1.61963190184049,2.31747144034802,100.851852516261,1.517875,4979200
NZL,2020,12.6907692307692,32.67,69.02,0,351325604,0,1.71456170007245,-0.307246896026541,111.347181769476,1.54205833333333,5090200
NZL,2021,12.9669230769231,39.31,65.43,0,334432359,0,3.94112060778727,4.53540565716095,109.058840239059,1.4138,5111300
NZL,2022,13.17,52.84,62.79,0,321302709,0,7.17222476016446,3.49638686458842,101.335429441227,1.57718333333333,5117100
NZL,2023,12.9484615384615,40.63,65.67,0,344439150,0,5.73316283034953,1.39425181563566,99.3792286701575,1.62843333333333,5245000
PAK,1990,19.3376923076923,7.61,39.06,56.45,4537036798.56,6556982265.2,,4.45858681510218,39.1371037557407,21.707375,116155576
PAK,1991,19.1984615384615,3.05,39.29,54.87,4717173351.74,6587714477.22,,5.06156775897861,39.041064079953,23.8007666666667,120060406
PAK,1992,17.9476923076923,11.46,41.63,40.95,5143255282.24,5059243425.6,,7.70589781716029,42.5300049117333,25.0827916666667,123546848
PAK,1993,19.0776923076923,7.71,37.61,51.62,4777226600.37,6556778439.54,,1.7577476978468,45.3647021643092,28.1071833333333,127020117
PAK,1994,18.9123076923077,5.91,36.07,47.93,4716083353.81,6266755618.19,,3.73741555767747,45.4102957414578,30.5665916666667,130748083
PAK,1995,18.8315384615385,5.88,41.13,51.94,5535368065.89,6990202220.82,,4.96260914623281,43.5708459410415,31.6426833333333,134582253
PAK,1996,18.9492307692308,4.95,39.58,51.92,5484089701.36,7193884216.64,,4.84658128681654,46.0412900268044,36.0786833333333,138557092
PAK,1997,18.1492307692308,7.46,44.9,46.84,6399677999.6,6676189699.36,,1.01439601077892,48.2032374752503,41.111525,142531804
PAK,1998,19.7061538461539,6.12,34.65,56.83,5076999635.4,8326865491.48,,2.55023429817393,47.1502313964154,45.0466666666667,146522356
PAK,1999,20.0038461538462,4.4,34.77,60.82,5235158158.29,9157386229.14,,3.66013273943236,44.8202563386139,49.5006915833333,150565377
PAK,2000,20.0953846153846,2.71,37.84,65.08,5860626165.68,10079533585.16,,4.2600880111325,28.6895037123433,53.6481865,154879127
PAK,2001,20.0423076923077,4.95,33.68,60.23,5364244147.76,9592886728.61,,3.65135017083765,29.8765629925912,61.9271616666666,159270907
PAK,2002,19.8676923076923,3.62,34.8,59.08,5680144705.2,9643188194.92,,2.59481668445784,32.9585711899888,59.7237816666667,163222549
PAK,2003,19.2592307692308,5.05,36.35,52.72,6074457514.8,8810052274.56,,5.40131087314342,35.5893433024332,57.7519966666667,167110248
PAK,2004,20.1815384615385,3.85,29.65,58.01,5078629900,9936300860,,7.83125556961251,36.5879118313579,58.2578633333333,171286000
PAK,2005,18.6746153846154,6.28,41.79,50.56,7332189729.48,8870914398.72,,7.2765744364722,37.6011583909744,59.514475,175453212
PAK,2006,19.8207692307692,7.31,34.69,58.36,6233192516.1,10486281788.4,,6.05163767569996,47.8020865795712,60.271335,179682690
PAK,2007,19.2515384615385,9.34,38.3,54.57,7066090747.3,10067795615.67,,4.4448143398844,48.7159412383176,60.7385158333334,184493231
PAK,2008,19.42,6.9,37.23,55.69,7055051976.99,10553205602.97,,2.1204410433083,45.8138779202502,70.4080333333333,189499113
PAK,2009,19.5223076923077,4.56,35.11,54.9,6824560108.74,10671271716.6,,3.47255059567348,46.339153856902,81.7128916666666,194376534
PAK,2010,19.8407692307692,6.55,31.21,55.14,6218250656.87,10986041051.58,12.9388705634889,1.50171752152883,47.2954352374351,85.1938163257576,199239047
PAK,2011,19.7169230769231,4.46,35.36,57.68,7204460858.4,11752073029.2,11.9160927116277,2.68011685421705,44.5540838769731,86.3433833333333,203746065
PAK,2012,18.6138461538462,4.77,42.52,50.5,8830006155,10487189812.5,9.68235186055679,3.02758391088629,46.1863468466881,93.3951972222222,207667125
PAK,2013,19.2276923076923,6.11,38.38,54.34,8101019275.64,11469759964.52,7.69215611899569,4.36686504978387,46.6987110926231,101.628899206349,211073978
PAK,2014,19.3438461538462,2.57,39.13,56.6,8384175637.11,12127379020.2,7.18938402847027,4.11642817161422,46.6655502926414,101.100088423521,214264647
PAK,2015,19.4330769230769,5.07,36.28,54.91,7883313235.24,11931442385.53,2.52932817254228,4.21794209572506,48.0947897059567,102.769271604675,217290883
PAK,2016,20.6169230769231,4.6,27.2,61.22,5987777236.8,13476901560.18,3.7651191635658,6.57383828511043,50.8043096148012,104.769117033301,220138869
PAK,2017,19.7469230769231,5.33,37.04,59.75,8270067737.68,13340619528.25,4.08537368032612,4.43262590683975,51.4077109638096,105.455162087938,223273967
PAK,2018,20.1346153846154,4.11,31.04,58.79,7043872807.68,13341149560.68,5.07805725868913,6.15170261099519,51.2232935528021,121.824068875756,226928892
PAK,2019,18.63,11.91,44.55,52.74,10282180050.45,12172439413.26,10.5783618004555,2.49763692943365,51.1835848516191,150.036253839864,230800899
PAK,2020,16.7923076923077,51.08,48.42,32.72,11378784541.32,7689257129.12,9.73999313898157,-1.27408744338709,54.5263893717141,161.838479684718,235001746
PAK,2021,19.6746153846154,12.84,29.79,51.56,7134043691.79,12347475419.56,9.49621056124947,6.51388575852702,51.2623868410964,162.906253747418,239477801
PAK,2022,18.8453846153846,21.79,34.35,45.34,8371117911.45,11049388241.78,19.8738599646655,4.7781068690358,46.1226561682612,204.867187469982,243700667
PAK,2023,18.9892307692308,19.33,31.79,44.65,7868167896.05,11051075701.75,30.7681280657005,-0.0398389716673506,42.5751112566462,280.356111655149,247504495
PAN,1990,24.6361538461539,51.88,0,86.27,0,211843145.41,,8.09899300707535,35.1758098852543,1,2455583
PAN,1991,24.73,51.01,0,87.49,0,219448104.85,,9.41900577419628,42.2848369511789,1,2508265
PAN,1992,24.8069230769231,34.34,0,88.49,0,226652622.64,,8.20168016089707,46.7065689121709,1,2561336
PAN,1993,24.9484615384615,47.75,0,90.33,0,236221892.67,,5.4557443567584,50.8703507739304,1,2615099
PAN,1994,24.73,60.07,0,87.49,0,233558579.54,,2.85014710063092,55.2216867864569,1,2669546
PAN,1995,24.6353846153846,71.89,0,86.26,0,235020286.82,,1.75167879322242,58.538594708606,1,2724557
PAN,1996,24.4638461538462,57.61,0,84.03,0,233622474.81,,-5.76501591036177,65.3873545987203,1,2780227
PAN,1997,24.8984615384615,53.31,0,89.68,0,254394807.6,,7.70904000189154,68.001076066873,1,2836695
PAN,1998,25.2761538461539,79.62,0,94.59,0,273735325.26,,8.38747212468969,71.7087525391332,1,2893914
PAN,1999,23.9884615384615,84.08,0,77.85,0,229799342.7,,5.21164584606353,73.5021262436898,1,2951822
PAN,2000,24.46,54.39,0,83.98,0,252810788.62,,4.20900547865375,78.2608775650886,1,3010369
PAN,2001,24.8238461538462,70.15,0,88.71,0,272298627.27,,0.949908149985234,82.4618470966354,1,3069537
PAN,2002,24.8992307692308,55.19,0,89.69,0,280670863.36,,2.50884372716125,77.5843861732071,1,3129344
PAN,2003,25.0623076923077,41.79,0,91.81,0,292856180.67,,5.09686030493801,75.5777715551842,1,3189807
PAN,2004,24.8123076923077,65.32,0,88.56,0,287922286.8,0.474723078204338,8.17565333965649,73.5642635321058,1,3251155
PAN,2005,24.8246153846154,73.51,0,88.72,0,293931666.72,2.85588324760959,8.27618334503531,72.5461337213833,1,3313026
PAN,2006,24.7969230769231,70.46,0,88.36,0,298217120.64,2.45789346442096,9.85723870564752,79.0291125691774,1,3375024
PAN,2007,24.73,67.69,0,87.49,0,300746000.1,4.16863300298886,13.1530653782933,78.7669449750486,1,3437490
PAN,2008,24.4076923076923,74.25,0,83.3,0,291603978.4,8.75868317728785,10.1974325907958,76.204388822476,1,3500648
PAN,2009,24.9376923076923,70.43,0,90.19,0,321471522.39,2.40905304082199,1.61186405976055,,1,3564381
PAN,2010,24.9853846153846,75.35,0,90.81,0,329507263.35,3.49128872618804,6.07339353106087,,1,3628535
PAN,2011,24.6823076923077,62.25,0,86.87,0,320854779.35,5.87580243678765,11.9088772249531,,1,3693505
PAN,2012,24.7753846153846,65.29,0,88.08,0,331115268.48,5.69819959165996,9.62729346439019,,1,3759256
PAN,2013,25.0730769230769,51.87,0,91.95,0,351739001.55,4.02715991571061,6.32435388662846,,1,3825329
PAN,2014,25.2753846153846,51.32,0,94.58,0,368114912.58,2.62652699929146,4.62581375565551,,1,3892101
PAN,2015,25.6069230769231,52.4,0,98.89,0,391607861.15,0.137492058461539,5.26691719595516,,1,3960035
PAN,2016,25.2323076923077,73.61,0,94.02,0,378814665.72,0.739734025300032,4.57196707937275,,1,4029086
PAN,2017,25.2069230769231,81.37,0,93.69,0,384007858.83,0.875585918759832,5.7440594635578,,1,4098707
PAN,2018,24.8161538461539,69.38,0,88.61,0,369314074.6,0.761578359399968,3.91819807389903,,1,4167860
PAN,2019,25.4253846153846,65.59,0,96.53,0,408775591,-0.355083821021219,3.10306788630359,,1,4234700
PAN,2020,25.1507692307692,80.55,0,92.96,0,399101542.56,-1.55027540803762,-17.8212299695008,,1,4293261
PAN,2021,24.8646153846154,80.24,0,89.24,0,387783942.2,1.63070337301895,16.4671249191559,,1,4345405
PAN,2022,24.9315384615385,109.78,0,90.11,0,396553655.03,2.85965128834714,10.769665870619,,1,4400773
PAN,2023,25.9992307692308,60.38,0,103.99,0,463666348.41,1.48641355277038,7.39930155626219,,1,4458759
PER,1990,26.4730769230769,53.49,0,110.15,0,2424927025.65,,-4.98256353646605,24.0629011720298,0.187885579166667,22014771
PER,1991,26.3730769230769,39.53,0,108.85,0,2447358908.75,,2.2192591027909,16.2797152905764,0.7725,22483775
PER,1992,26.8238461538462,44.46,0,114.71,0,2632174661.4,,-0.540509124723926,18.1976605118421,1.24583333333333,22946340
PER,1993,25.7723076923077,54.39,0,101.04,0,2365728634.32,,5.24357700773291,20.2927106127518,1.98831891666667,23413783
PER,1994,26.5238461538462,42.11,0,110.81,0,2646308239.33,,12.3083661848445,19.5703953174611,2.195,23881493
PER,1995,25.7661538461538,54.54,0,100.96,0,2458266862.24,,7.41139504735119,20.7362197849713,2.25333333333333,24348919
PER,1996,25.4115384615385,56.01,0,96.35,0,2390556325.85,,2.79897307912609,25.2393699393832,2.45333333333333,24811171
PER,1997,26.7746153846154,46.86,0,114.07,0,2883021948.29,,6.47682442079709,28.8961621639069,2.66416666666667,25274147
PER,1998,26.9492307692308,57.55,0,116.34,0,2994369972.3,,-0.391537555833821,32.3013666613362,2.93,25738095
PER,1999,24.9338461538462,61.18,0,90.14,0,2360451470.56,,1.49491064308833,35.3984186884416,3.38333333333333,26186504
PER,2000,25.7276923076923,51.21,0,100.46,0,2672068332.26,,2.69437139806912,33.1630853231737,3.49,26598331
PER,2001,25.7407692307692,56.17,0,100.63,0,2713447798.63,,0.617892325624297,32.9950773700798,3.50683333333333,26964601
PER,2002,26.0246153846154,55.59,0,104.32,0,2846706797.44,,5.45352893818767,32.6078828069552,3.5165,27288217
PER,2003,26.1746153846154,54.28,0,106.27,0,2930978672.3,,4.16502313666112,30.0923422660092,3.478467,27580490
PER,2004,25.9430769230769,55.93,0,103.26,0,2876017139.4,,4.95820320611745,27.8563224398,3.413175,27852190
PER,2005,26.68,49.67,0,112.84,0,3170937151.2,,6.28506032509601,29.6506987620287,3.29584166666667,28101180
PER,2006,25.8884615384615,57.19,0,102.55,0,2904676552.05,,7.5288990440594,27.6742470982913,3.27403250265816,28324491
PER,2007,26.8707692307692,38.78,0,115.32,0,3290160208.68,,8.5183877690955,32.5157292830662,3.12804457735247,28530699
PER,2008,25.9269230769231,51.55,0,103.05,0,2959497175.05,,9.1265683014642,36.1800409316858,2.92440833333333,28719041
PER,2009,27.0684615384615,40.9,0,117.89,0,3406645048.79,,1.0958236592427,36.6668529193717,3.01150833333333,28896811
PER,2010,28.1553846153846,29.34,0,132.02,0,3839936228.38,,8.33245910749577,38.7594373564866,2.825125,29086019
PER,2011,25.9461538461539,51.12,0,103.3,0,3027112083.8,3.36931095333853,6.32719240161117,38.1571181507799,2.7541,29304086
PER,2012,26.5353846153846,39.56,0,110.96,0,3278908611.36,3.61121294940168,6.13972470560435,40.8564449485581,2.63758641774892,29550366
PER,2013,26.0738461538462,53.06,0,104.96,0,3129688778.24,2.76789666081998,5.85251821084928,44.4876585250752,2.70189902597403,29817919
PER,2014,26.7169230769231,49.02,0,113.32,0,3412725402.32,3.41194579807468,2.38215737180541,45.0784122840792,2.83904413780664,30115826
PER,2015,26.61,52.13,0,111.93,0,3409119168,3.39809194746301,3.25224477218451,48.2061308469096,3.18443924152237,30457600
PER,2016,26.5523076923077,66.67,0,111.18,0,3431736802.92,3.55717663556283,3.95331871520767,46.2267708709908,3.37506158720665,30866494
PER,2017,25.1323076923077,90.21,0,92.72,0,2904420342.64,2.99490045809443,2.51883544233135,47.578142358665,3.2604884908321,31324637
PER,2018,25.2076923076923,68.18,0,93.7,0,2988803620.8,1.50915423024742,3.969351341365,47.1737169901896,3.28660269803296,31897584
PER,2019,26.5069230769231,54.25,0,110.59,0,3588568418.77,2.25212191358024,2.24063176875049,49.0594819675143,3.3372655465368,32449303
PER,2020,27.3715384615385,32.04,0,121.83,0,4000724079.57,2.00241205759293,-10.9333065010382,73.4386346756037,3.4949411976912,32838579
PER,2021,27.78,28.78,0,127.14,0,4215438837.48,4.27166381536798,13.3626240903125,60.5540050218613,3.88055413137587,33155882
PER,2022,28.02,29.59,0,130.26,0,4360510553.88,8.33370630096233,2.8090335533015,61.6038655998886,3.83518137473542,33475438
PER,2023,29.5723076923077,24.87,0,150.44,0,5091734621.48,6.45561348369583,-0.403242151494268,,3.74382620959376,33845617
PHL,1990,27.4561538461539,65.51,0,122.93,0,7726724091.38,,3.08267252855887,30.044962741844,24.3105,62854666
PHL,1991,27.4723076923077,60.32,0,123.14,0,7928030141.86,,-0.436390080533428,30.5192316493492,27.4786333333333,64382249
PHL,1992,27.5607692307692,52.8,0,124.29,0,8193958076.25,,0.417629066097945,31.8650210529275,25.5124916666667,65926125
PHL,1993,27.4238461538462,74.04,0,122.51,0,8273176378.71,,2.181889985613,37.4140033395081,27.1198416666667,67530621
PHL,1994,27.4338461538462,67.82,0,122.64,0,8464525848.24,,4.37366591819077,41.2770482508014,26.4171666666667,69019291
PHL,1995,27.5315384615385,81.68,0,123.91,0,8741385341.86,,4.62522511739661,45.4014681630375,25.7144666666667,70546246
PHL,1996,27.4938461538462,66.04,0,123.42,0,8909719667.64,,5.8603478716379,49.2771612967454,26.2161,72190242
PHL,1997,27.4415384615385,39.36,0,122.74,0,9071567339.4,,5.18641167406165,54.2752763473772,29.4706583333333,73908810
PHL,1998,28.2446153846154,77.75,0,133.18,0,10093848576.32,,-0.514090599541888,53.646843314405,40.89305,75791024
PHL,1999,27.5707692307692,84.58,0,124.42,0,9674060235.94,,3.34645118398267,57.0587378769047,39.0889833333333,77753257
PHL,2000,27.6776923076923,87.28,0,125.81,0,10017671196.57,,4.38250500083399,55.8532415811266,44.19225,79625397
PHL,2001,27.7784615384615,83.86,0,127.12,0,10347757154.56,,3.04923134463486,56.4414724546187,50.99265,81401488
PHL,2002,27.6361538461539,63.41,0,125.27,0,10406039725.03,,3.71625500158383,57.4145978774769,51.6035666666667,83068889
PHL,2003,27.5946153846154,70.16,0,124.73,0,10568601779.55,,5.08691113513073,55.215173601888,54.2033333333333,84731835
PHL,2004,27.4407692307692,69.18,0,122.73,0,10603197475.92,,6.56922851180626,54.1760903652699,56.0399166666666,86394504
PHL,2005,27.6576923076923,74.8,0,125.55,0,11050404029.1,,4.94250511877678,52.0784952024138,55.0854916666666,88015962
PHL,2006,27.7623076923077,86.71,0,126.91,0,11359585413.26,,5.31641682136939,58.0785237559028,51.3142725,89508986
PHL,2007,27.7376923076923,81.82,0,126.59,0,11529207542.56,,6.51929155018938,57.9283385499564,46.148391177755,91075184
PHL,2008,27.5076923076923,97.93,0,123.6,0,11457608142,,4.34448730509183,56.9987238589589,44.32328760941,92699095
PHL,2009,27.5776923076923,87.76,0,124.51,0,11751782967.5,,1.44832306275669,59.4116189042727,47.6796884535091,94384250
PHL,2010,28.0076923076923,79.22,0,130.1,0,12533459962.5,,7.33449996034538,58.8129288699865,45.1096641800896,96337125
PHL,2011,27.4953846153846,101.69,0,123.44,0,12127808912.16,4.71841704718414,3.85823282795663,57.3844126029505,43.3131369237488,98248614
PHL,2012,27.9276923076923,89.98,0,129.06,0,12928651578.72,3.02696391124798,6.89695171050985,56.3049908825962,42.2287947349434,100175512
PHL,2013,27.9576923076923,92.89,0,129.45,0,13213781695.2,2.58268766141799,6.75053130142255,66.8366025320504,42.4461848306739,102076336
PHL,2014,27.7946153846154,74.19,0,127.33,0,13212668662.9,3.59782343864207,6.34798748260867,68.5701974632999,44.3951543042097,103767130
PHL,2015,27.9830769230769,56.97,0,129.78,0,13667520101.76,0.674192536845415,6.34830971672761,70.9165638847882,45.5028399421431,105312992
PHL,2016,28.23,74.41,0,132.99,0,14194783269.81,1.25369880080983,7.14945675000752,74.0565179179427,47.4924638585099,106735719
PHL,2017,28.1369230769231,98.2,0,131.78,0,14248013143.54,2.85318772590943,6.9309883258402,75.417721370487,50.4037197937177,108119693
PHL,2018,28.0715384615385,74.8,0,130.93,0,14332290026.91,5.3093466162771,6.34148557153473,74.5151872516091,52.6614299539683,109465287
PHL,2019,28.2061538461539,64.94,0,132.68,0,14701565340.44,2.39206534422405,6.11852566221303,76.597175965451,51.7957826517332,110804683
PHL,2020,28.3423076923077,119.88,0,134.45,0,15069325944.8,2.39316239316239,-9.51829474045297,90.490531684255,49.6240960026328,112081264
PHL,2021,28.2253846153846,86.45,0,132.93,0,15034509283.5,3.92718022100329,5.71473313185116,90.3671908068556,49.2545977288412,113100950
PHL,2022,28.2284615384615,85.59,0,132.97,0,15153838023.86,5.82115811213955,7.58098212785563,85.8559195403392,54.477785837205,113964338
PHL,2023,28.3376923076923,68.36,0,134.39,0,15440228233.61,5.97802515541414,5.51894967862863,,55.630363223193,114891199
PNG,1990,19.4969230769231,83.32,0,19.46,0,75825520.26,,-3.01216922181256,35.1604577075613,0.955,3896481
PNG,1991,19.3676923076923,54.56,0,17.78,0,71508261.86,,9.54689771039914,35.2912136676281,0.951709166666667,4021837
PNG,1992,19.7369230769231,56.91,0,22.58,0,94084063.42,,13.8490852689481,33.902533743784,0.964663333333334,4166699
PNG,1993,19.7623076923077,64.37,0,22.91,0,98991177.52,,18.2022859527298,34.6502640175875,0.978176666666667,4320872
PNG,1994,19.3315384615385,56.51,0.140000000000001,17.45,627229.120000003,78179629.6,,5.94210905967769,30.1038641665009,1.01134,4480208
PNG,1995,19.6669230769231,89.41,0,21.67,0,100641504.26,,-3.31244877829666,30.5694868193779,1.27984166666667,4644278
PNG,1996,19.5223076923077,101.21,0,19.79,0,95256414.19,,7.73369579796399,36.4372084124391,1.319075,4813361
PNG,1997,19.6461538461539,50.7,0,21.4,0,106740696.2,,-3.90438965639359,37.6615345499746,1.43797166666667,4987883
PNG,1998,20.5630769230769,88.14,0,33.32,0,172144114.8,,-3.76911321783457,35.0083166743554,2.07359166666667,5166390
PNG,1999,19.5846153846154,86.07,0,20.6,0,110196259.8,,1.85555399408817,33.7823452119345,2.5707725,5349333
PNG,2000,19.7292307692308,83.66,0,22.48,0,124473198.72,,-2.49484199260023,32.1674541383348,2.78215666666667,5537064
PNG,2001,19.8992307692308,77.65,0,24.69,0,141435060.15,,-0.121288605564772,32.0063664576821,3.38871506458333,5728435
PNG,2002,19.3730769230769,78.63,0.109999999999999,17.96,651640.329999997,106395093.88,,-0.158900533082658,30.6224003614603,3.89522080166667,5924003
PNG,2003,19.5530769230769,87.05,0,20.19,0,123643499.43,,2.16410250222083,27.1377824896006,3.563452875,6123997
PNG,2004,19.6446153846154,78.41,0,21.38,0,135293516.58,,2.72117574098235,30.9418719053073,3.2225401036692,6328041
PNG,2005,19.6323076923077,102.8,0,21.22,0,138691904.1,,6.34479592309654,33.584743087399,3.10194980033333,6535905
PNG,2006,19.4215384615385,73.87,0.370000000000001,18.85,2496656.40000001,127194522,,5.40994409107307,27.5667258439715,3.05673478733333,6747720
PNG,2007,19.7623076923077,70.98,0,22.91,0,159530233.95,,7.81518922862388,31.7792628674398,2.96534583333333,6963345
PNG,2008,19.7176923076923,75.81,0,22.33,0,160396434.66,,-0.296457845880582,30.7827249968755,2.70008833333333,7183002
PNG,2009,19.5392307692308,69.98,0,20.01,0,148202824.38,,6.80042148322096,36.9302095200758,2.75514333333333,7406438
PNG,2010,20.0876923076923,74.49,0,27.14,0,207173814.22,,10.1284540720232,33.63410694841,2.71929416666667,7633523
PNG,2011,19.4730769230769,79.49,0,19.15,0,150506475.9,4.44083401028974,1.10754362619616,35.8644236623894,2.37096994940423,7859346
PNG,2012,19.5069230769231,69.75,0,19.59,0,158314430.1,4.53720508166969,4.65711959686239,38.2380053852015,2.08364833902548,8081390
PNG,2013,19.7869230769231,75.33,0,23.23,0,192871674.54,4.96031746031746,3.82494632800675,37.9366603048306,2.24451,8302698
PNG,2014,19.5776923076923,72.5,0,20.51,0,174815774.91,5.22211720226843,13.5437706216546,32.7604123325023,2.461385,8523441
PNG,2015,19.7215384615385,53.18,0,22.38,0,195673845.48,5.99595778127105,6.57835632304275,33.6195497913626,2.76841166666667,8743246
PNG,2016,20.3115384615385,72.89,0,30.05,0,269299625.9,6.67372881355932,5.48957315278187,34.4676058499715,3.13302930185604,8961718
PNG,2017,20.0592307692308,64.44,0,26.77,0,245714173.78,5.42204568023833,3.53461081750459,30.6219991872882,3.18878838289617,9178714
PNG,2018,19.77,68.53,0,23.01,0,216167744.13,4.37448921453165,-0.279252284959952,26.9103498558933,3.2934630812508,9394513
PNG,2019,19.7523076923077,64.75,0,22.78,0,218893247.8,3.92867290939596,4.48051456942582,26.6114158137646,3.38753768145423,9609010
PNG,2020,20.0361538461539,99.18,0,26.47,0,259822796.62,4.87167398565552,-3.16743204434815,,3.45997438644787,9815746
PNG,2021,19.9569230769231,105.63,0,25.44,0,254728074.24,4.48359014042398,-0.511353418578196,,3.50877192982456,10012896
PNG,2022,20.1215384615385,74.66,0,27.58,0,281403401.02,5.25323922215241,5.70758404238197,,3.51922970506745,10203169
PNG,2023,20.0607692307692,68.07,0,26.79,0,278338321.65,2.29869991296791,3.81088622906051,,3.58962274932016,10389635
PRT,1990,15.9130769230769,21.14,50.4,23.27,503154187.2,232309482.86,13.6305705693074,3.95052317228428,,142.55475,9983218
PRT,1991,15.5130769230769,20.06,55.29,22.96,550701393.15,228686995.6,11.8494841773675,4.36820686201243,,144.482,9960235
PRT,1992,15.3684615384615,19.41,52.39,18.18,521411160.66,180936340.92,9.55926033177509,1.08947622479035,,134.997833333333,9952494
PRT,1993,14.5361538461539,28.36,59.82,14.79,596086858.5,147377543.25,6.78377994665407,-2.04327663449891,,160.800185833333,9964675
PRT,1994,15.4053846153846,23.52,47.59,13.86,475496674.75,138482536.5,5.42044019241625,0.96483827857594,,165.992776666667,9991525
PRT,1995,16.9284615384615,29.69,36.39,22.46,364852544.64,225187912.96,4.22281614099486,4.2827801438192,,151.105528333333,10026176
PRT,1996,15.1153846153846,40.57,50.44,12.94,507625385.8,130227448.3,3.06897732509789,3.50424650819376,,154.243661666667,10063945
PRT,1997,16.2369230769231,35.76,38.08,15.16,384949844.16,153252091.32,2.33686298314116,4.40086763740891,,175.312445,10108977
PRT,1998,15.7015384615385,18.51,48.36,18.48,491347078.56,187760422.08,2.57275225909129,4.80796316109817,,180.10448,10160196
PRT,1999,15.4915384615385,18.46,52.17,19.56,533064086.76,199860715.68,2.34009490312169,3.90657777418812,,0.938283072395283,10217828
PRT,2000,15.3876923076923,27.58,50.99,17.03,524681899.02,175236962.94,2.85303039287157,3.81617712035907,,1.08270508132602,10289898
PRT,2001,15.0907692307692,24.77,52.09,14.27,539794188.98,147876042.94,4.36990330551794,1.94367212411221,,1.11653308564462,10362722
PRT,2002,15.5553846153846,26.84,47.63,15.85,496287024.53,165151151.35,3.60034658290913,0.770924777292066,,1.05755899623965,10419631
PRT,2003,15.2769230769231,34.13,52.35,16.95,547519279.35,177277015.95,3.21899090682895,-0.930521040324891,,0.88404792718493,10458821
PRT,2004,15.37,17.01,54.08,19.89,566967202.88,208523995.29,2.36536204097302,1.7887355199795,,0.803921647747618,10483861
PRT,2005,15.7846153846154,13.74,53.89,25.09,566024453.7,263528549.7,2.27716394887834,0.781847565175809,,0.803800192161442,10503330
PRT,2006,16.1615384615385,26.79,48.07,24.17,505806384.16,254323700.96,3.1076654587105,1.62503532141992,,0.796432730949102,10522288
PRT,2007,15.2515384615385,15.3,51.33,15.6,541170342.12,164470238.4,2.45396528138742,2.50657936515483,,0.729672399984083,10542964
PRT,2008,15.2953846153846,19.94,51.08,15.92,539311681.16,168086177.84,2.5885065765796,0.31924734289916,,0.679922680042729,10558177
PRT,2009,16.1446153846154,26.09,45.82,21.7,484237077.54,229330959.9,-0.835530021504154,-3.12207826048319,,0.716957702016136,10568247
PRT,2010,15.4376923076923,34.71,54.71,21.4,578454301,226264340,1.40257289895369,1.73762452780146,,0.754308990105961,10573100
PRT,2011,15.9069230769231,25.9,45.57,18.36,481108009.2,193836801.6,3.65301100430728,-1.71352745071583,,0.718413898653317,10557560
PRT,2012,15.1207692307692,20.81,54.82,17.39,576423748.08,182853137.16,2.77333854051582,-4.05090265617167,,0.778338120416812,10514844
PRT,2013,15.2492307692308,24.53,55.65,19.89,581948466.75,207995597.55,0.2744166666667,-0.984106569072424,,0.752945122701996,10457295
PRT,2014,15.7215384615385,24.89,45.2,15.58,470128002.4,162048545.96,-0.278153367467495,0.741391416844507,,0.752728196932603,10401062
PRT,2015,16.0246153846154,16.51,46.68,21,483514987.68,217519596,0.487938623904796,1.58979802880627,,0.901296423367096,10358076
PRT,2016,15.6523076923077,33.01,51.06,20.54,527217579.12,212084784.08,0.607397074641636,2.00414128646489,,0.903421436257263,10325452
PRT,2017,16.4192307692308,15.25,43.84,23.29,451565152,239893987,1.36861411643479,3.31472056420827,,0.885205508269372,10300300
PRT,2018,15.5792307692308,32.31,51.1,19.63,525503304.2,201871425.86,0.99371568346828,2.946282440074,,0.846772667108111,10283822
PRT,2019,15.9061538461539,24.04,44.47,17.25,457430115.61,177438036.75,0.338178410046057,2.74568479564236,,0.893276257067409,10286263
PRT,2020,16.1284615384615,33.47,43.64,19.31,449364614.84,198836634.11,-0.0124383299575331,-8.20463201239903,,0.875506396987998,10297081
PRT,2021,15.5892307692308,23.88,45.49,14.15,471359692.19,146619908.65,1.26565719069041,5.55875771556673,,0.84549413889045,10361831
PRT,2022,16.9084615384615,29.15,40.19,26,419355803.08,271292632,7.83269124233322,6.9858417811997,,0.949623753156941,10434332
PRT,2023,16.5,22.62,41.29,21.79,436772804.46,230498411.46,4.3112819189868,2.61312854351023,,0.924839558470698,10578174
PRY,1990,24.6484615384615,40.41,2.65,89.08,10694729.55,359504342.76,,4.12328287941739,20.4062027753547,1229.80833333333,4035747
PRY,1991,25.0138461538462,44.72,0,91.18,0,377883109.52,,3.49365015491472,23.5995304332165,1325.18333333333,4144364
PRY,1992,22.7346153846154,64.09,3.92,65.47,16674112,278483192,,1.69642801124701,27.8936672057082,1500.25833333333,4253600
PRY,1993,24.7784615384615,32.99,0,88.12,0,384440771.52,,4.93635941475281,30.3027161528634,1744.34583333333,4362696
PRY,1994,25.4530769230769,39.37,0,96.89,0,433235593.13,,5.31791766023942,31.7520189687311,1904.76083333333,4471417
PRY,1995,24.6615384615385,40.28,0,86.6,0,396611199.6,,6.82281030358578,26.9013499228697,1963.01916666667,4579806
PRY,1996,24.0484615384615,41.47,4.22,82.85,19781431.46,388362937.55,,1.57378513175006,26.1012513243009,2056.81166666667,4687543
PRY,1997,25.1192307692308,45.67,0,92.55,0,443722830.6,,4.24251610269859,25.4754530545459,2177.8625,4794412
PRY,1998,24.0730769230769,45.8,0,78.95,0,386856973.75,,0.0680377558080636,23.5665523922632,2726.49,4900025
PRY,1999,25,31.91,1,92,5003135,460288420,,-1.36607971240079,24.3617327758595,3119.07333333333,5003135
PRY,2000,24.4384615384615,42.7,3.91,87.61,19944393.88,446887045.48,,-2.31414056819045,22.367229789894,3486.35333333333,5100868
PRY,2001,25.1653846153846,38.52,0,93.15,0,483233230.35,,-0.834054716746095,27.6300335001424,4105.925,5187689
PRY,2002,25.6253846153846,40.37,0.43,99.56,2262371.04,523817815.68,,-0.0214043949985694,23.772960304324,5716.25833333333,5261328
PRY,2003,24.7369230769231,43.69,0,87.58,0,466489264.88,,4.32074548551591,21.9527692677486,6424.33916666667,5326436
PRY,2004,23.7976923076923,45.85,2.74,78.11,14763599.5,420870349.25,,4.05741836363771,21.7123661167254,5974.5775,5388175
PRY,2005,24.4861538461539,39.9,0.280000000000001,84.6,1525467.16000001,460909006.2,,2.13349066459601,20.8837257687982,6177.9349469697,5448097
PRY,2006,25.2323076923077,42.1,0,94.02,0,517594014.96,9.5893494112923,4.80711719268376,20.1035070330638,5635.09393939394,5505148
PRY,2007,24.3053846153846,39.78,1.67,83.64,9284174.61999999,464987045.04,8.13047417698577,5.42162287218235,22.0031148065729,5032.71157647908,5559386
PRY,2008,23.8346153846154,45.07,1.45,77.3,8139682.3,433929270.2,10.1547846489023,6.4962921197091,24.9607301432909,4363.29160824492,5613574
PRY,2009,24.7923076923077,42.54,3.59,91.89,20359737.24,521129876.04,2.59194673430567,-0.261137328080281,29.25346432646,4966.68229650212,5671236
PRY,2010,23.1438461538462,45.61,1.66,68.53,9525031.86,393223152.63,4.65116279069767,11.0952312685521,29.9451985399867,4758.43012878788,5737971
PRY,2011,23.9,45.48,0,76.7,0,445981814.2,8.25396825396826,4.28637120702282,31.7195000185548,4193.8023075919,5814626
PRY,2012,23.9084615384615,53.53,3.86,80.67,22762450.88,475711635.36,3.67591897974496,-0.708043112316886,34.0673273674392,4421.65928640414,5897008
PRY,2013,23.7807692307692,46.94,1.83,76.98,10947874.35,460528616.1,2.68385738718587,8.29307648940471,36.4633066629731,4303.88256599819,5982445
PRY,2014,24.3538461538462,48.22,0.800000000000001,83.4,4855848.8,506222237.4,5.02882767456759,5.30123859237025,38.715483190618,4462.18528829093,6069811
PRY,2015,24.6761538461539,58.9,0.640000000000001,87.43,3941825.92,538490375.29,3.12900274473927,2.95715173487106,41.8961488527467,5204.92080811087,6159103
PRY,2016,23.3330769230769,46.93,3.56,72.89,22246888.56,455498794.14,4.08682280577241,4.26802583314583,41.422020571172,5670.54089799784,6249126
PRY,2017,25.2930769230769,42.15,0,94.81,0,600968354.6,3.60247741348943,4.81007885554041,41.9355839968182,5618.9334516428,6338660
PRY,2018,23.8530769230769,52.72,1.02,77.11,6555929.64,495615426.02,3.97561015740694,3.20425034076639,43.0641234323904,5732.10455572912,6427382
PRY,2019,24.3238461538462,49.78,2.02,84.23,13160417.16,548763335.34,2.75709727562778,-0.40185510068001,46.0634404518155,6240.72207844257,6515058
PRY,2020,25.4576923076923,35.7,0,96.95,0,640232496.05,1.76751592356698,-0.819785390971916,54.1778133101201,6771.09742519652,6603739
PRY,2021,24.9953846153846,33.2,0,90.94,0,607859511.08,4.78798310123602,4.01673731780312,52.0184427828249,6774.16273484849,6684182
PRY,2022,24.6738461538462,32.44,1.01,87.77,6828068.64000001,593365925.28,9.76556667164403,0.176038366124061,50.0374546330911,6982.75237776692,6760464
PRY,2023,26.3415384615385,38.82,0,108.44,0,742179192.24,4.63202285403355,4.99922791130152,50.7013269284694,7288.87205374128,6844146
QAT,1990,27.0538461538462,0.98,2.14,119.84,941974.5,52750572,,3.41446208226637,50.7563088003193,3.64,440175
QAT,1991,26.6176923076923,1.41,0,112.03,0,50957181.59,,-1.66223252157937,55.5494891443167,3.64,454853
QAT,1992,26.1453846153846,2.08,4.38,110.27,2057097.66,51789077.39,,11.3305277115916,53.9867409099824,3.64,469657
QAT,1993,26.9315384615385,1.65,1.88,117.99,910944.6,57171464.55,,-1.32513610817219,64.8330111957885,3.64,484545
QAT,1994,27.3192307692308,0.43,0,121.15,0,60509457.85,,1.41870841852997,68.6167695528288,3.64,499459
QAT,1995,26.8884615384615,5.36,0,115.55,0,59430253.75,,2.39923621838123,62.8637507644825,3.64,514325
QAT,1996,27.5315384615385,2,0.420000000000002,124.33,222187.980000001,65772932.27,,4.37391057029394,59.6106277174499,3.64,529019
QAT,1997,26.8876923076923,3.9,0.370000000000001,115.91,203685.000000001,63808455,,30.012039826432,52.5150767375382,3.64,550500
QAT,1998,28.3776923076923,1.52,1.1,136.01,638594.000000001,78959245.4,,11.2186524439444,62.5049526182853,3.64,580540
QAT,1999,28.3892307692308,0.65,0,135.06,0,82724250,,4.28406439626644,57.5961517146594,3.64,612500
QAT,2000,27.5115384615385,2.07,0.210000000000001,123.86,135447.690000001,79888337.54,,8.02812545191884,44.4824119048356,3.64,644989
QAT,2001,27.7892307692308,0.08,1.62,128.88,1098238.5,87370974,,3.89818666233907,62.3655341478697,3.64,677925
QAT,2002,27.7615384615385,0.79,0,126.9,0,90251914.5,,7.18215168021513,61.4841425004256,3.64,711205
QAT,2003,27.6723076923077,2.05,0.719999999999999,126.46,536171.039999999,94172485.72,,3.71995867654906,53.3821276397044,3.64,744682
QAT,2004,27.6153846153846,1.22,0,125,0,96666500,,19.2189153397893,47.8138080892029,3.64,773332
QAT,2005,27.4169230769231,1.19,1.9,124.32,1568275.2,102614722.56,,7.49275848279068,48.6771455540406,3.64,825408
QAT,2006,27.8476923076923,2.63,0.82,128.84,797721.42,125339546.04,,26.1702456703032,49.714650897293,3.64,972831
QAT,2007,27.6830769230769,0.92,2.11,127.99,2550135.45,154688074.05,,17.9856568160263,52.9844274724972,3.64,1208595
QAT,2008,27.3192307692308,0.8,2.76,123.91,3938348.88,176811887.58,,17.6635563626089,43.8542698345738,3.64,1426938
QAT,2009,27.4730769230769,1.25,1.93,125.08,3105182.79,201241587.24,,11.9565611289086,60.4185928660116,3.64,1608903
QAT,2010,28.4123076923077,0.29,0,135.36,0,218854379.52,,19.5923315337859,58.1224362114255,3.64,1616832
QAT,2011,27.3861538461539,1.52,0.469999999999999,122.49,763637.669999998,199016974.89,1.13836623529203,13.3751764107929,50.755635525633,3.64,1624761
QAT,2012,27.7769230769231,0.4,1.28,128.38,2204720.64,221126590.44,2.31534853431664,4.73001184360784,56.0311455518089,3.64,1722438
QAT,2013,27.3138461538462,1.18,0,121.08,0,232040860.08,3.22197756829285,5.55604064306607,62.9989915443117,3.64,1916426
QAT,2014,27.7430769230769,1.49,1.92,128.58,4131350.4,276671372.1,3.3497208565953,5.33432329196459,67.1444589507132,3.64,2151745
QAT,2015,28.18,3.31,0.309999999999999,132.65,726812.669999997,311005486.05,1.81407723937758,4.75334572438737,88.5601234924794,3.64,2344557
QAT,2016,27.6007692307692,1.71,1,125.81,2477113,311645586.53,2.67659170098194,3.06419188430156,90.0856778552317,3.64,2477113
QAT,2017,28.2361538461539,1.13,1.07,134.14,2724027.4,341496294.8,0.394878914082963,-1.49760470227838,102.887325351282,3.64,2545820
QAT,2018,28.4138461538462,2.62,0.489999999999998,135.87,1264559.66,350644328.58,0.255815382724384,1.23487220191065,84.5159362793938,3.64,2580734
QAT,2019,28.2315384615385,2.55,0,133.01,0,350967767.57,-0.66664112486111,0.688240954592672,90.0329079229506,3.64,2638657
QAT,2020,28.1376923076923,2.37,0.59,132.38,1648547.32,369889312.24,-2.54031503004764,-3.5576039896784,114.121316028533,3.64,2794148
QAT,2021,28.6692307692308,0.25,0,138.7,0,347431017,2.30446565742007,1.62684671918775,93.01092915878,3.64,2504910
QAT,2022,28.2707692307692,2.96,0.23,133.75,611186.590000001,355418288.75,4.99527553740757,4.18500970982862,83.2746893642793,3.64,2657333
QAT,2023,28.4515384615385,6.72,0.170000000000002,136.04,451525.440000005,361326593.28,3.02764899198904,1.18715991623776,93.2061560050672,3.64,2656032
SAU,1990,24.89,0.47,8.24,97.81,87679293.84,1040765986.71,,9.4260985412794,42.6004653538392,3.75,10640691
SAU,1991,24.9492307692308,1.15,7.4,97.74,82589505.6,1090851118.56,,8.22077074524385,43.4145435158408,3.75,11160744
SAU,1992,23.3592307692308,1.1,16,85.67,186986816,1001197532.92,,4.58058206179402,42.7343410713799,3.75,11686676
SAU,1993,24.4346153846154,2.02,10.63,94.28,129854613.06,1151711469.36,,0.379835927354492,45.5479704396895,3.75,12215862
SAU,1994,25.05,0.17,7.81,99.46,99577812.4,1268118978.4,,0.952965973086691,46.1419907946981,3.75,12750040
SAU,1995,24.5361538461539,2.71,8.37,93.34,111230980.65,1240418128.3,,0.311708028499027,44.9731939942625,3.75,13289245
SAU,1996,25.0576923076923,1,6.79,98.54,93912551.11,1362907626.86,1.2220676203731,3.30468254228352,43.579471920645,3.75,13831009
SAU,1997,24.6784615384615,1.38,8.07,94.89,116005790.01,1364038341.27,0.0571499790291141,2.64731939948642,43.8330807325102,3.75,14374943
SAU,1998,25.8276923076923,0.89,6.65,108.41,99232530.25,1617714075.85,-0.371270350126534,2.80381183998992,51.2946396127963,3.75,14922185
SAU,1999,25.8192307692308,0.37,6.45,108.1,99794883.75,1672531307.5,-1.33375175319074,-0.633393640920247,49.7369232519676,3.75,15472075
SAU,2000,25.5346153846154,0.7,6.93,104.88,112111613.46,1696719483.36,-1.12500055218228,4.71813422138024,44.3369810083568,3.75,16177722
SAU,2001,25.2361538461539,0.34,8.35,102.42,142295664.95,1745379880.74,-1.12094700105411,0.344593196175438,47.953168355259,3.75,17041397
SAU,2002,25.2276923076923,0.74,8.17,102.13,146332134.7,1829241238.3,0.247189309008564,-0.688390130317757,53.6481076534903,3.75,17910910
SAU,2003,25.76,0.92,6,106.88,112720602,2007929656.96,0.612194122665989,8.76873381743964,51.1373560910391,3.75,18786767
SAU,2004,25.1269230769231,2.56,8.09,100.74,159126093.2,1981503415.2,0.515509265673334,8.63100545880309,50.010170537874,3.75,19669480
SAU,2005,25.4061538461539,0.9,6.21,102.49,127676916.9,2107183126.1,0.479229463955303,5.94489623934835,44.6460704712737,3.75,20559890
SAU,2006,25.1669230769231,0.83,9.55,102.72,204934825.2,2204283271.68,2.20902350206394,3.31348473625901,46.8747682415262,3.75,21459144
SAU,2007,25.3315384615385,0.68,8.37,103.68,187222779.81,2319146691.84,4.16782716547868,2.21365396372528,50.9931597925876,3.75,22368313
SAU,2008,24.8930769230769,0.94,12.94,102.55,301345128.38,2388171786.35,9.87024418404628,6.2379875365458,48.1037043193289,3.75,23287877
SAU,2009,25.6715384615385,0.58,6.38,106.11,154508632.52,2569735265.94,5.05722336873032,-1.06671711240203,64.5707260565888,3.75,24217654
SAU,2010,25.6592307692308,0.55,6.71,106.28,160895647.77,2548433598.36,5.33941623014107,5.0395150823517,55.1682243037837,3.75,23978487
SAU,2011,25,1.21,9.11,100.11,228586908.37,2511946805.37,5.82621886161563,11.7588568052005,48.488759863944,3.75,25091867
SAU,2012,25.4807692307692,0.77,6.84,104.09,178995009.24,2723916741.49,2.86626976609009,5.76150732412802,51.1312146483409,3.75,26168861
SAU,2013,25.0423076923077,1.04,7.31,98.86,201931469.24,2730909035.44,3.52995515752938,2.94569990701297,54.1180905527087,3.75,27624004
SAU,2014,25.2738461538462,1.31,8.77,103.33,248272324.21,2925197179.09,2.23916590559671,4.02464070584527,59.1791006509873,3.75,28309273
SAU,2015,26.0407692307692,0.31,7.02,111.55,209311001.64,3326017412.1,1.20469388504568,4.65512316652699,69.1306037093694,3.75,29816382
SAU,2016,25.4653846153846,2.36,7.16,104.21,221632057.68,3225736973.58,2.06740778344411,1.70407465765956,69.9262174826106,3.75,30954198
SAU,2017,25.6261538461538,0.68,10.95,110.09,339202037.25,3410297011.95,-0.836410331520586,1.18207993308526,65.120221951219,3.75,30977355
SAU,2018,25.9392307692308,0.53,5.62,108.83,169703099.22,3286261261.23,2.45719835917882,3.2269508901591,,3.75,30196281
SAU,2019,25.9284615384615,0.16,3.29,106.36,98909898.71,3197585661.64,-2.0933490096655,1.65156358885577,,3.75,30063799
SAU,2020,25.3707692307692,1.68,7.95,103.77,250842454.5,3274203962.7,3.4454670643357,-3.80476473038999,,3.75,31552510
SAU,2021,26.1815384615385,0.63,6.26,112.62,192710237.58,3466937213.46,3.06328988941548,6.51959698325419,,3.75,30784383
SAU,2022,26.0738461538462,0.51,5.88,110.84,189190317.12,3566301828.16,2.47407371925371,12.0005874752929,,3.75,32175224
SAU,2023,25.8361538461539,5.15,6.58,108.45,221763969.98,3655061176.95,2.32708518362698,0.542592439393161,,3.75,33702731
SEN,1990,29.1869230769231,17.82,0,145.43,0,1122795659.89,,-0.746282224252312,17.4516459680759,272.264787954393,7720523
SEN,1991,29.1784615384615,14.31,0,145.32,0,1154289112.2,,2.65996265739379,18.1560966341419,282.10690880882,7943085
SEN,1992,28.7261538461539,16.99,0,139.44,0,1139000998.8,,1.32023303661357,18.7178680950542,264.691800750579,8168395
SEN,1993,28.8738461538462,19.71,0,141.36,0,1186899271.68,,1.36021300651346,16.1298266264645,283.162579500018,8396288
SEN,1994,28.1607692307692,26.1,0,132.09,0,1139154463.02,,-0.0475209486617416,16.6970052365714,555.204695655697,8624078
SEN,1995,28.6246153846154,21.07,0,138.12,0,1222099710.12,,5.46858485819628,15.8771912554011,499.14842590131,8848101
SEN,1996,28.7807692307692,21.97,0,140.15,0,1270742012.1,,2.01997720854131,16.6880878443615,511.552430272516,9067014
SEN,1997,28.9430769230769,21.05,0,142.26,0,1320669998.7,,3.04560103485423,16.4735863365338,583.669372353396,9283495
SEN,1998,29.6807692307692,19.06,0,151.85,0,1443023261.2,,5.89847931769205,16.4199461160237,589.951774567332,9502952
SEN,1999,28.3261538461539,23.88,0,134.24,0,1306274270.88,,6.28330825030987,17.5713040802802,615.473349319164,9730887
SEN,2000,29.4076923076923,12.88,0,148.3,0,1478292958,,3.88721095816793,18.5016786342501,710.207977031367,9968260
SEN,2001,29.91,9.39,0,154.83,0,1581269809.86,2.97450083919567,4.31085146618369,15.1480350117526,732.397693260228,10212942
SEN,2002,30.1746153846154,9.31,0,158.27,0,1656487689.78,2.33730187454299,0.0686965747419066,15.9389697692296,693.713226496374,10466214
SEN,2003,29.08,23.45,0,144.04,0,1544278191.04,-0.0519970242714473,5.59395094456143,20.2692369214428,579.897426172466,10721176
SEN,2004,29.3546153846154,19.15,0,147.61,0,1620123667.44,0.514781781023022,4.64329393683312,22.2623574933595,527.338032291576,10975704
SEN,2005,29.0892307692308,23.42,0,144.16,0,1619705643.52,1.71133325855502,4.31023852639633,22.2803429082051,527.258362649626,11235472
SEN,2006,29.0730769230769,19.61,0,143.95,0,1655438531.3,2.11228583877117,2.33077098330239,23.7553734685048,522.425624895176,11500094
SEN,2007,28.8746153846154,21.03,0,141.37,0,1663973531.28,5.85330428467681,2.82711920133374,24.4766407245979,478.633718476363,11770344
SEN,2008,28.5023076923077,31.61,0,136.53,0,1645044372.27,7.3472023657841,3.70316906391386,23.8672279723791,446.000041432788,12048959
SEN,2009,28.1523076923077,29.93,0,131.98,0,1628288600.22,-2.24802147855343,2.75210448455053,26.7483586125725,470.293423341398,12337389
SEN,2010,28.9584615384615,27.41,0,142.46,0,1800040935.98,1.22868119673345,3.39088925336209,28.3706697951764,494.794262222947,12635413
SEN,2011,29.0330769230769,19.7,0,143.43,0,1858694596.71,3.40322829786969,1.33409107961258,28.9785549517304,471.248625718937,12958897
SEN,2012,28.7176923076923,23.11,0,139.33,0,1854551268.35,1.41822871177852,4.00299555090457,28.6514378487428,510.556338454251,13310495
SEN,2013,29.2169230769231,22.09,0,145.82,0,1999316001.18,0.710245486695197,2.41238527605579,29.8712969116485,493.899623852237,13710849
SEN,2014,29.1815384615385,19.34,0,145.36,0,2057149546.72,-1.09025507446892,6.22407443790986,31.7289742482633,493.757329875312,14152102
SEN,2015,29.0530769230769,16.82,0,143.69,0,2096915731.39,0.13521193363519,6.36704365066983,35.2898272065166,591.21169798261,14593331
SEN,2016,29.7384615384615,12.67,0,152.6,0,2294267904.6,0.837284942557429,6.35606857181878,37.3774839589517,592.605615063022,15034521
SEN,2017,29.5692307692308,17.4,0,150.4,0,2327440300.8,1.31815314847783,7.4074861863013,37.7934171890201,580.656749587858,15475002
SEN,2018,29.3461538461539,12.83,0,147.5,0,2347388455,0.460985642464248,6.20924103389086,40.962835245707,555.446458398226,15914498
SEN,2019,29.4861538461539,15.21,0,149.32,0,2441818313.04,1.7601115119294,4.61362809749708,41.5089482482083,585.911013180369,16352922
SEN,2020,29.1453846153846,22.5,0,144.89,0,2432589940.91,2.5431468568166,1.3420737726679,45.2871838642949,575.586004510945,16789219
SEN,2021,29.3038461538462,24.71,0,146.95,0,2530606405.65,2.18032278088143,6.54400109964304,48.3267949687929,554.530675033104,17220867
SEN,2022,28.7869230769231,25.32,0,140.23,0,2475214173.69,9.69681899081074,3.85043193735768,51.73675957722,623.759700911182,17651103
SEN,2023,29.8976923076923,18.54,0,154.67,0,2796058215.91,5.93947798773216,4.2574308328029,52.7813402201519,606.569750165917,18077573
SLB,1990,27.9046153846154,83.08,0,128.76,0,42675570.6,,2.19999999881691,25.7847657566135,2.52878333333333,331435
SLB,1991,27.7561538461538,94.79,0,126.83,0,43342630.54,,6.00000155634052,28.0970770524619,2.71475,341738
SLB,1992,27.4830769230769,70.69,0,123.28,0,43419832.4,,12.69999824824,27.4238277079751,2.9281,352205
SLB,1993,27.3046153846154,74.75,0,120.96,0,43889005.44,,3.99999953485583,26.0569765842067,3.18773333333333,362839
SLB,1994,27.5230769230769,80.85,0,123.8,0,46260965,,8.10000122622141,23.5748945154044,3.29135833333333,373675
SLB,1995,27.9638461538462,78.05,0,129.53,0,49834465.49,,10.0886153892408,21.3503030815511,3.4059,384733
SLB,1996,27.9038461538462,95.52,0,128.75,0,50986158.75,,1.6099076346426,21.6173677903757,3.56635833333333,396009
SLB,1997,27.6292307692308,66.39,0,125.18,0,51007595.32,,-0.914077188158132,21.4561254161428,3.71694166666667,407474
SLB,1998,27.9838461538462,84.05,0,129.79,0,54391225.09,,1.2915122493724,19.5413851296541,4.81564916666667,419071
SLB,1999,27.7023076923077,84.02,0,126.13,0,54298965,,-0.485730727999851,19.5083976460612,4.83814166666667,430500
SLB,2000,27.81,91.04,0,127.53,0,56173011.57,,-14.2769995911798,21.6802604796966,5.08893083333333,440469
SLB,2001,27.9715384615385,87.74,0,129.63,0,58220073.75,,-7.9566061001623,19.2589072722057,5.27798495317037,449125
SLB,2002,27.8161538461539,92.28,0,127.61,0,58403396.31,,-2.79998288464989,18.9395826479548,6.74877210289887,457671
SLB,2003,28.1130769230769,73.74,0,131.47,0,61285266.38,,6.52346685055139,17.4871888357257,7.50594374859842,466154
SLB,2004,27.8969230769231,92.59,0,128.66,0,61063451.26,,7.6832999660031,18.4253849667418,7.4847439055084,474611
SLB,2005,28.1153846153846,75.43,0,131.5,0,63525020,,7.35784193356017,22.6538589959164,7.52987302483596,483080
SLB,2006,27.9315384615385,98.37,0,129.11,0,63469701.34,,4.13828031825385,25.3837794668938,7.60945833333334,491594
SLB,2007,28.1846153846154,80.32,0,132.4,0,66220654.4,,3.63967242948135,27.2724479193294,7.652,500156
SLB,2008,27.93,89.54,0,129.09,0,65679701.1,,6.22596954376191,26.0542084608479,7.74791666666667,508790
SLB,2009,28.0576923076923,102.6,0,130.75,0,67746935.75,,2.86426790167438,28.2139943918752,8.05504166666667,518141
SLB,2010,28.2330769230769,90.03,0,133.03,0,70900733.04,,9.70838816928725,28.643092570758,8.06450134408602,532968
SLB,2011,28.0976923076923,84.26,0,131.27,0,72585090.15,,7.42994961675907,32.1040939355434,7.64125903009875,552945
SLB,2012,28.0607692307692,108.23,0,130.79,0,75021928.74,,2.46600138697883,35.1439849588758,7.35520284715203,573606
SLB,2013,28.1523076923077,103.81,0,131.98,0,78520841.1,,5.23774017780327,36.6686954474489,7.30213510004206,594945
SLB,2014,28.0853846153846,107.51,0,131.11,0,80882807.88,,1.18921747092358,36.8982503375532,7.37534535364211,616908
SLB,2015,27.93,116.16,0,129.09,0,82542082.35,-0.574469286359497,1.67614615649777,40.3814209459316,7.91468897735788,639415
SLB,2016,28.2923076923077,84.94,0,133.8,0,88626310.2,0.512485626268804,5.55473153366954,43.2487009061143,7.94815293778867,662379
SLB,2017,28.2146153846154,122.49,0,132.79,0,91050384.88,0.488686760261009,3.07534803424636,42.3351129297495,7.88739036909183,685672
SLB,2018,28.2107692307692,112.64,0,132.74,0,94126066.74,3.46147484973737,2.74599542334096,40.8099221567513,7.95250486131003,709101
SLB,2019,28.23,103.58,0,132.99,0,96836269.53,1.63485544012245,1.74856655451832,38.4029618757745,8.17339929777839,728147
SLB,2020,28.4676923076923,94.49,0,136.08,0,101311287.84,2.96354992076063,-3.3811475409836,42.9450933731473,8.21341290967261,744498
SLB,2021,28.2784615384615,98.15,0,133.62,0,101897409.42,-0.115437894412806,2.56434975416948,45.170970961875,8.03010299104933,762591
SLB,2022,28.3338461538462,83.43,0,134.34,0,104928406.44,5.51812928576935,2.40248143622522,45.515440072723,8.1555286976263,781066
SLB,2023,28.3915384615385,130.04,0,135.09,0,108072675.45,5.88585897042163,2.65636186734713,44.3582587582489,8.37559677613046,800005
SLV,1990,24.6838461538462,29.62,0,86.89,0,469182192.14,,4.83290057793786,28.7541401962657,6.84833333333333,5399726
SLV,1991,24.8992307692308,23.85,0,89.69,0,492853456.13,,1.49408756791307,31.3481067226329,8.01666666666667,5495077
SLV,1992,24.8761538461538,27.39,0,89.39,0,499297588.51,,7.02196331575217,32.7221332634946,8.36083333333333,5585609
SLV,1993,24.9315384615385,20.23,0,90.11,0,510018725.27,,5.81831555719015,38.0070532448249,8.70250833333333,5659957
SLV,1994,26.0346153846154,7.01,0,104.45,0,596840774.05,,4.6920617266787,46.4338077116602,8.72875,5714129
SLV,1995,24.9530769230769,17.11,0,90.39,0,520839021.09,,4.73408140229732,44.7429588348283,8.75458333333333,5762131
SLV,1996,24.7123076923077,17.18,0,87.26,0,506569256.36,,0.811461899328009,47.3889606397386,8.755,5805286
SLV,1997,24.7823076923077,34.7,0,88.17,0,515316442.26,,3.13797006665828,49.1337718064031,8.75625,5844578
SLV,1998,24.4838461538462,47.72,0,84.29,0,495691030.49,,2.65227730016461,50.0436671277026,8.755,5880781
SLV,1999,23.1307692307692,40.11,0,66.7,0,394457130,,2.16203373722973,52.7717526755983,8.755,5913900
SLV,2000,23.5784615384615,37.74,0,72.52,0,431012902.32,,1.12790697674419,51.3195795218899,8.755,5943366
SLV,2001,24.9146153846154,21.93,0,89.89,0,536468913.4,,0.879613659882722,62.2792942562879,1,5968060
SLV,2002,24.84,37.3,0,88.92,0,532331228.52,,1.57291844759789,59.1339464525532,1,5986631
SLV,2003,24.3823076923077,35.08,0,82.97,0,497703759.03,,1.56539303147618,57.6626968905578,1,5998599
SLV,2004,24.5423076923077,34.4,0,85.05,0,510697268.55,,0.889404485692197,57.6504243832176,1,6004671
SLV,2005,24.1061538461538,44.02,0,79.38,0,476722781.64,,2.68083009363194,55.9072224232325,1,6005578
SLV,2006,24.11,37.14,0,79.43,0,476764198.17,,4.3369986028604,56.7473533433474,1,6002319
SLV,2007,23.9107692307692,50,0,76.84,0,461794876.16,,1.84760220587859,62.6383686717004,1,6009824
SLV,2008,23.2161538461539,59.07,0,67.81,0,408846629.57,,2.15440298282768,58.5581867908332,1,6029297
SLV,2009,23.6376923076923,44.43,0,73.29,0,443278367.91,,-2.10876837627522,61.1531119466845,1,6048279
SLV,2010,23.5023076923077,52.29,0,71.53,0,434061850.97,1.17933576873673,2.15419536693635,58.4320795168941,1,6068249
SLV,2011,23.5176923076923,54.44,0,71.73,0,436844809.71,5.12892376681615,3.77358499834686,52.043318478755,1,6090127
SLV,2012,23.6430769230769,43.92,0,73.36,0,448521206,1.72973481581379,2.88770010188691,49.9970883395562,1,6113975
SLV,2013,24.1253846153846,40.5,0,79.63,0,488835749.57,0.757669184522923,2.18295232499635,49.7941160550517,1,6138839
SLV,2014,24.3138461538462,43.2,0,82.08,0,505855346.4,1.14134467538236,1.7293998423459,48.618049979283,1,6162955
SLV,2015,25.0353846153846,36.06,0,91.46,0,565559006.96,-0.731384487387936,2.40000008852115,50.1110096479514,1,6183676
SLV,2016,24.7530769230769,34.83,0,87.79,0,544368232,0.604049086996647,2.53906241135864,50.0303916835425,1,6200800
SLV,2017,23.9992307692308,47.07,0,77.99,0,484593438.67,1.01235403315575,2.24761908134138,53.8410714047973,1,6213533
SLV,2018,24.4238461538462,35.1,0,83.51,0,519416082.57,1.09033000581892,2.4124442237792,54.8223554701326,1,6219807
SLV,2019,25.0030769230769,38.38,0,91.04,0,566479830.72,0.0753241350024998,2.43747159065784,59.0672598582873,1,6222318
SLV,2020,24.4230769230769,54.5,0,83.5,0,520595195.5,-0.37159021232411,-7.893101359867,69.3654716759111,1,6234673
SLV,2021,23.3246153846154,90.54,0,69.22,0,433025230.04,3.46692585313084,11.9047617015957,60.8647450608991,1,6255782
SLV,2022,23.1923076923077,84.86,0,67.5,0,423921532.5,7.19861615609861,2.95461516549889,58.0447962341215,1,6280319
SLV,2023,24.7269230769231,47.95,0,87.45,0,551776618.8,4.04554694222478,3.5391566928735,59.4977053648999,1,6309624
SUR,1990,24.4223076923077,91.57,0,83.49,0,34439040.57,,-4.49999999759301,96.4194129763131,0.001785,412493
SUR,1991,24.69,71.75,0,86.97,0,36093680.61,,2.69999913539954,103.376701629101,0.001785,415013
SUR,1992,25.8169230769231,56.08,0,101.62,0,42435394.18,,0.400000008536168,91.1878398418191,0.001785,417589
SUR,1993,25.0215384615385,68.56,0,91.28,0,38278450.56,,-6.6999981497152,63.0079571957745,0.001785,419352
SUR,1994,24.6476923076923,73.71,0,86.42,0,36501647.5,,3.39999889736058,34.592079964504,0.222460757588426,422375
SUR,1995,25.5515384615385,63.46,0,98.17,0,42174421.02,,0,25.8645394084722,0.442771989138674,429606
SUR,1996,24.7984615384615,78.87,0,88.38,0,38783795.4,,1.00000122281456,31.7121177907859,0.401018353709047,438830
SUR,1997,25.9415384615385,57.12,0,103.24,0,46258437.08,,5.6999976832949,35.1911249996627,0.401566152294698,448067
SUR,1998,26.3553846153846,63.18,0,108.62,0,49683439.72,,2.30000165105389,40.5060219469325,0.401606425702811,457406
SUR,1999,24.6330769230769,71.46,0,86.23,0,40262166.68,,-1.4000004700581,32.5504699731045,0.834084264222251,466916
SUR,2000,24.4776923076923,78.93,0,84.21,0,40138107.03,,2.09999886750489,35.8090798389514,1.32249051547874,476643
SUR,2001,25.3176923076923,60.95,0,95.13,0,46286452.8,,4.20000042083539,31.5658195848221,2.17818225423409,486560
SUR,2002,25.2392307692308,67.44,0,94.11,0,46730414.61,,2.80000068850687,48.4207098428667,2.34675,496551
SUR,2003,25.6669230769231,63.15,0,99.67,0,50474283.38,,6.29999943314137,45.0076719694379,2.60133333333333,506414
SUR,2004,25.6276923076923,65.28,0,99.16,0,50960604.68,,8.50000018479413,48.6781429879761,2.7335829756752,513923
SUR,2005,25.3384615384615,83.41,0,95.4,0,49542460.2,,4.50000021086888,44.8081617009594,2.73166666547869,519313
SUR,2006,25.9523076923077,49.31,0,103.38,0,54274189.86,11.2813043273975,5.79354358463304,38.7307061847072,2.74375,524997
SUR,2007,25.2384615384615,70.57,0,94.1,0,49968605.6,6.42627934470524,5.11148777773458,44.5890158445339,2.745,531016
SUR,2008,24.6892307692308,76.96,0,86.96,0,46718825.2,14.6671427437912,4.14340681165626,44.7968786250779,2.745,537245
SUR,2009,26.0915384615385,56.24,0,105.19,0,57177917.92,-0.133636646714876,3.01369898266211,46.9185229595789,2.745,543568
SUR,2010,25.4084615384615,75.85,0,96.31,0,52963084.13,6.94108221639996,5.16882515225814,46.0620697940465,2.74541666666667,549923
SUR,2011,24.7630769230769,81.36,0,87.92,0,48907170.48,17.7117796414558,5.84936767173009,46.4261001939743,3.268,556269
SUR,2012,25.44,66.15,0,96.72,0,54417863.76,5.00686319367274,2.69034974668847,49.4573696290769,3.3,562633
SUR,2013,24.7830769230769,87.22,0,88.18,0,50176183.6,1.92343604108309,2.9334416518612,53.1617097089983,3.3,569020
SUR,2014,25.4553846153846,64.79,0,96.92,0,55765151.16,3.38341272749477,0.255503031645475,55.0448541955235,3.3,575373
SUR,2015,25.3023076923077,75.38,0,94.93,0,55213851.11,6.89390359168241,-3.41304268067621,60.7401404832635,3.41666666666667,581627
SUR,2016,25.8915384615385,70.67,0,102.59,0,60297990.63,55.4123879763195,-4.91166050905851,78.3646427867353,6.22863027848978,587757
SUR,2017,25.3330769230769,78.78,0,95.33,0,56598660.29,21.9969430173304,1.56603782534897,65.4455191625141,7.487661125,593713
SUR,2018,25.3530769230769,68.03,0,95.59,0,57307447.67,,4.94827108468886,64.3687736284689,7.4625111984127,599513
SUR,2019,26.42,58.35,0,109.46,0,66307365.28,,1.16758977233877,63.9377591426993,7.458,605768
SUR,2020,26.5846153846154,55.19,0,111.6,0,68334577.2,34.889784309078,-15.9751917148622,84.916232318718,9.30954545454546,612317
SUR,2021,24.7369230769231,92.86,0,87.58,0,54115331.68,59.1196626251977,-2.43538583612838,77.2796228692392,18.2386666666667,617896
SUR,2022,24.6676923076923,89.35,0,86.68,0,54015855.52,52.446027276241,2.40622235601218,74.1666534227837,24.7091747565789,623164
SUR,2023,26.1638461538462,62.78,0,106.13,0,66743671.18,51.5873159600861,2.53956675446825,65.4105636836569,36.7758691666667,628886
SWE,1990,7.02153846153846,28.45,142.72,0,1221516931.2,0,10.3665533879493,0.754674760905274,41.6951911423875,5.91879,8558835
SWE,1991,6.24,23.43,152.88,0,1317424290,0,9.4446273294419,-1.14597487754429,40.5838162344144,6.04746666666666,8617375
SWE,1992,6.52538461538462,25.83,149.17,0,1293015554.39,0,2.37436725111879,-1.15859275426936,41.9789505808728,5.82383333333333,8668067
SWE,1993,5.54769230769231,22.01,161.88,0,1411360654.68,0,4.72817304626054,-2.06561636694573,43.6842229280468,7.78342666666667,8718561
SWE,1994,5.54384615384616,22.18,163.25,1.32,1433456621.25,11590583.4,2.15813800724631,4.01565494361438,41.2571359274467,7.71597,8780745
SWE,1995,5.34153846153846,23.37,164.56,0,1452561081.84,0,2.45514857818395,4.09425288922858,39.3999269279064,7.13326833333334,8826939
SWE,1996,4.67307692307692,20.4,173.3,0.0500000000000007,1532144953.4,442049.900000006,0.533131978766298,1.70482128835287,41.7338455322798,6.70595583333333,8840998
SWE,1997,6.10692307692308,23.23,156.53,1.92,1384674084.86,16984439.04,0.658410256243517,3.06487112940179,40.3430632735,7.63489416666667,8846062
SWE,1998,5.46692307692308,31.27,162.93,0,1442089193.82,0,-0.267132668355005,4.24572536565179,38.1998054370816,7.94986816666666,8850974
SWE,1999,6.79076923076923,25.25,145.72,0,1290769399.28,0,0.462175756339179,4.20107363293106,39.385540547397,8.26242833333333,8857874
SWE,2000,7.09307692307692,27.58,141.79,0,1257976335.11,0,0.899143734041626,4.63111600378974,37.7714537174266,9.16224416666667,8872109
SWE,2001,6.33461538461538,24.47,152.21,0.559999999999999,1354054071.6,4981737.59999999,2.40595834145438,1.36076692513873,44.4705942472829,10.3291358333333,8895960
SWE,2002,6.80384615384615,22.72,147.72,2.17,1318394795.76,19367158.86,2.15848213589264,2.27767113062968,46.3186989833839,9.73712333333333,8924958
SWE,2003,6.33461538461538,24.38,152.72,1.07,1368100732.88,9585305.03,1.92565534892391,1.88094411817545,46.6081024704387,8.08630416666667,8958229
SWE,2004,6.23538461538462,21.78,152.94,0,1375470631.14,0,0.373659828721814,4.17953040762463,46.05486413831,7.34888666666667,8993531
SWE,2005,6.71230769230769,20.2,147,0.260000000000002,1327347084,2347688.72000001,0.453170852576178,2.79317686019922,51.7919703902204,7.47308833333333,9029572
SWE,2006,6.99307692307692,22.96,144.51,1.42,1312223777.55,12894317.1,1.3602146862768,4.67599870313569,55.9341193014691,7.37824916666666,9080505
SWE,2007,6.93307692307692,23.25,143.87,0,1316135996.04,0,2.21216883436734,3.22491132428186,62.4341704227857,6.75877,9148092
SWE,2008,7.37153846153846,26.37,138.17,0,1273877244.29,0,3.43704910602875,-0.923123085602214,62.6241601656186,6.59109916666667,9219637
SWE,2009,6.42307692307692,26.09,150.5,0,1399426507.5,0,-0.494460544377998,-4.25557374472815,64.2230452226749,7.65381916666667,9298515
SWE,2010,4.86692307692308,22.56,172.72,1.99,1619789922.72,18662470.74,1.15798802715628,5.75073583944071,62.2169706529381,7.20752416666667,9378126
SWE,2011,7.09769230769231,20.84,142.26,0.530000000000001,1344245041.38,5008082.89000001,2.96115073822142,3.16391049665788,63.6078799730622,6.49354333333333,9449213
SWE,2012,5.96538461538462,33.7,156.45,0,1489306062.3,0,0.888377506923639,-0.414465736835979,65.403413923757,6.77501583333333,9519374
SWE,2013,6.56230769230769,19.95,148.69,0,1427480353.51,0,-0.0442929701485751,1.13771650768102,66.4630220179059,6.51397166666666,9600379
SWE,2014,7.42,20.83,139.16,1.62,1349310667.6,15707698.2,-0.179638494114693,2.29576379216599,66.4673991335836,6.860785,9696110
SWE,2015,7.34153846153846,25.05,138.56,0,1357775212.16,0,-0.046784744983309,4.41014068702994,66.3960375684263,8.43484083333333,9799186
SWE,2016,6.76846153846154,20.71,146.01,0,1448869640.85,0,0.984269244578052,2.34974080709026,69.4632787096739,8.56199166666667,9923085
SWE,2017,6.64384615384615,22.53,147.63,0,1484817955.74,0,1.79449904665588,1.8251560179849,73.4482502045099,8.54886083333333,10057698
SWE,2018,7.45307692307692,16.58,140.13,3.02,1425852737.82,30729146.28,1.95353530127028,1.90296457254834,72.9210060985407,8.69251833333333,10175214
SWE,2019,7.19076923076923,27.09,140.52,0,1444389201.24,0,1.78415097403837,2.54964787203104,74.3265593749646,9.45834916666667,10278887
SWE,2020,8.46230769230769,20.48,124.41,0.420000000000002,1288071719.22,4348445.64000002,0.497367318853587,-2.0053375219518,88.0226720770336,9.21030902842085,10353442
SWE,2021,7.04076923076923,21.49,144.55,2.08,1505605480.05,21664886.88,2.16319736447151,5.93750858896414,89.3220267028932,8.57656671607378,10415811
SWE,2022,7.57461538461539,20.53,136.58,1.05,1432306401.78,11011288.05,8.36929098869185,1.45928849980044,85.6146692761778,10.114251277564,10486941
SWE,2023,6.88,28.77,144.56,0,1523175521.92,0,8.54862489748906,-0.114161935397789,79.7974225641618,10.6101612965536,10536632
SWZ,1990,19.0084615384615,28.41,11.13,24.24,9710123.64,21147654.72,,21.0180005361393,22.3553419085027,2.58732083333333,872428
SWZ,1991,18.9923076923077,33.76,13.18,26.08,11969931.02,23685569.12,,1.76037651865832,24.2537803744698,2.761315,908189
SWZ,1992,20.2176923076923,22.5,9.74,38.57,9188871.84,36387555.12,,3.22620653946734,25.6145396536766,2.85201416666667,943416
SWZ,1993,18.8807692307692,33.28,11.35,22.8,11024459.3,22146050.4,,3.10611433140491,24.0333291145665,3.26774158333333,971318
SWZ,1994,18.88,21.97,13.07,24.51,12693740.84,23804406.12,,2.40069120454064,23.4494329263085,3.55079833333333,971212
SWZ,1995,18.9946153846154,34.89,13.15,26.08,12761193.95,25308892.64,,4.82565135423951,19.9180375008406,3.627085,970433
SWZ,1996,18.2061538461539,37.49,18.02,20.7,17836934.82,20489708.7,,3.8420537641326,20.7221815517375,4.29934916666667,989841
SWZ,1997,18.8246153846154,31.97,12.43,23.15,12512473.05,23303600.25,,3.10280525272827,21.554042516268,4.60796166666667,1006635
SWZ,1998,19.9392307692308,27.01,6.6,31.81,6729709.8,32435161.93,,2.60403950396895,22.0763054051574,5.52828416666667,1019653
SWZ,1999,19.4023076923077,29.97,7.93,26.16,8174101.26,26965257.12,,2.95087516839752,23.5312156331952,6.10948416666667,1030782
SWZ,2000,18.5392307692308,35.83,12.79,19.8,13319685.06,20619997.2,,1.76017364057921,17.229850296951,6.93982833333333,1041414
SWZ,2001,19.5684615384615,23.96,7.19,27.58,7557150.16,28988345.12,,1.05476508664167,17.173246257529,8.60918083333333,1051064
SWZ,2002,19.5746153846154,20.8,9.79,30.26,10371927.39,32058684.66,,4.38009888463844,17.106117388537,10.5407466666667,1059441
SWZ,2003,20.2661538461538,14.26,10.8,40.26,11520360,42945342,,3.88021377449365,17.7777555345432,7.56474916666667,1066700
SWZ,2004,19.4784615384615,30.01,10.59,29.81,11364753.81,31990869.79,,3.62391409958479,17.6743971211024,6.4596925,1073159
SWZ,2005,20.2584615384615,23.4,3.88,33.24,4186605.36,35866691.28,,5.99877647366422,17.1687256084039,6.35932833333333,1079022
SWZ,2006,18.8676923076923,34.53,14.75,26.03,15995431,28227869.08,,5.99216693694477,19.4742234170178,6.77154916666667,1084436
SWZ,2007,19.7707692307692,23.76,9.78,32.8,10667094.9,35775124,8.0760882786158,4.4353755089454,21.5683428889507,7.045365,1090705
SWZ,2008,19.6792307692308,24.07,7.92,29.75,8696880.72,32668207.25,12.6574601863917,0.821663935465921,22.3530136898335,8.26122333333333,1098091
SWZ,2009,19.45,26.44,10.91,29.76,12057219.23,32889353.28,7.44823423445757,1.56504884082229,25.4231631449846,8.47367415824888,1105153
SWZ,2010,19.6153846153846,30.76,10.26,31.26,11405529,34750179,4.50923691774372,3.79375507745696,25.6106288864174,7.32122196115288,1111650
SWZ,2011,18.9953846153846,25.48,13.83,26.77,15459630.39,29924389.41,6.10742714590245,2.2472296183598,25.0796398572807,7.26113213232735,1117833
SWZ,2012,19.2576923076923,30.95,8.57,24.92,9631505.91,28006665.96,8.9396468278821,5.39663077036178,24.073317298943,8.20996862659331,1123863
SWZ,2013,18.9315384615385,34.91,10.5,22.61,11864895,25549073.9,5.6213062346895,3.86121380492284,25.9746345057825,9.65505606913526,1129990
SWZ,2014,19.3253846153846,26.21,7.97,25.2,9056303.03,28634734.8,5.68134885776449,1.43589749286821,25.0214702808969,10.8526555687831,1136299
SWZ,2015,20.3646153846154,20.86,5.53,36.27,6319755.89,41449827.51,4.95124493704916,2.04693015099366,26.5289553039031,12.7589308811644,1142813
SWZ,2016,19.9407692307692,27.12,8.66,33.89,9954730.62,38956792.23,7.84727459085682,4.67584583731528,30.4996308314413,14.7096108855267,1149507
SWZ,2017,19.3515384615385,33.18,7.74,25.31,8964429.3,29313915.45,6.22137528933116,1.45679297569019,29.1488988517072,13.3238014244992,1158195
SWZ,2018,19.5153846153846,25.61,8.72,28.42,10193060.88,33220962.18,4.81506167461506,0.256586001893197,29.3475513739584,13.2339264715833,1168929
SWZ,2019,20.4930769230769,24.44,4.33,36.74,5108854.42,43348570.76,2.59801620311074,6.0831764512818,27.529299809429,14.4517892288824,1179874
SWZ,2020,19.6253846153846,24,12.05,33.18,14372384.45,39574748.22,,-2.86288213677992,31.2457764418824,16.4702558654325,1192729
SWZ,2021,19.2723076923077,34.43,10.3,26.84,12427907.9,32384956.12,,3.43496891197057,30.0551253115413,14.7834351395784,1206593
SWZ,2022,19.3161538461539,35.86,13.04,30.15,15894677.68,36750347.55,,1.1195906677553,28.4027351123263,16.3622830559282,1218917
SWZ,2023,19.3476923076923,46.47,8.2,25.72,10090149.2,31648614.32,,3.44447831200682,,18.4535924917449,1230506
SYC,1990,26.9107692307692,50.18,0,115.84,0,8051690.88,,7.45476632743625,37.4449749270799,5.3369,69507
SYC,1991,26.9876923076923,50.59,0,116.84,0,8230092.76,,2.76042625999888,41.55651973854,5.28930833333333,70439
SYC,1992,26.7523076923077,65.42,0,113.78,0,8051414.14,,7.17304395387974,42.4407843158495,5.12198333333333,70763
SYC,1993,26.7161538461539,50.75,0,113.31,0,8186987.43,,7.3033707678707,47.4989815085432,5.18153333333333,72253
SYC,1994,26.9515384615385,58.35,0,116.37,0,8635235.85,,-2.43656881060774,56.3336532872871,5.05585833333333,74205
SYC,1995,27.0684615384615,48.51,0,117.89,0,8877588.56,,0.485036699253456,65.489108832142,4.761975,75304
SYC,1996,26.6369230769231,40.64,0,112.28,0,8580100.76,,9.99794595219808,72.4557457306676,4.96998333333333,76417
SYC,1997,27.2284615384615,64.79,0,119.97,0,9275960.43,,12.193641751411,74.4093792841982,5.02634166666667,77319
SYC,1998,27.3738461538462,54.41,0,121.86,0,9608173.56,,2.4674409352512,76.1582925834422,5.26219166666666,78846
SYC,1999,26.8215384615385,41.25,0,114.68,0,9221418.8,,1.87200510893879,87.0233407426541,5.34258333333333,80410
SYC,2000,26.8623076923077,31.54,0,115.21,0,9347102.51,,4.25319834931828,86.2709333623395,5.71381666666667,81131
SYC,2001,27.0384615384615,35.84,0,117.5,0,9541235,,-2.27116288552982,93.6390329949295,5.85754166666667,81202
SYC,2002,26.9507692307692,50.65,0,116.36,0,9742008.28,,1.21283290259314,98.5274137464699,5.48003333333333,83723
SYC,2003,27.3053846153846,53.54,0,120.97,0,10014017.57,,-5.88712848764477,104.108707271663,5.40071666666667,82781
SYC,2004,27.1092307692308,44.52,0,118.42,0,9766689.5,,-2.8504539768538,97.9771438649969,5.5,82475
SYC,2005,27.2653846153846,43.16,0,120.45,0,9980246.1,,9.0057617374238,90.9497094036408,5.5,82858
SYC,2006,27.1276923076923,53.26,0,118.66,0,10038636,,9.40612855732827,84.431731181319,5.51969166666667,84600
SYC,2007,27.4561538461539,44.15,0,122.93,0,10453106.69,,8.87606645570879,64.247447747652,6.7010595376306,85033
SYC,2008,26.9353846153846,41.91,0,116.16,0,10100808.96,36.9647582875289,-2.72594626154864,64.0765612624457,9.45724328344921,86956
SYC,2009,27.4323076923077,38.12,0,122.62,0,10704480.76,31.7544407744178,-2.47937594726137,55.2722957164609,13.60994045249,87298
SYC,2010,27.3184615384615,41.56,0,121.14,0,10874737.8,-2.40463875108223,4.50513204312067,61.4144510501468,12.06775664095,89770
SYC,2011,27.2623076923077,48.81,0,120.41,0,10528770.81,2.55926772230949,9.5097833517957,57.9358712365421,12.3810319073844,87441
SYC,2012,27.3461538461539,51.84,0,121.5,0,10728814.5,7.11037062326405,3.1106784939243,49.7131754399586,13.7040312149325,88303
SYC,2013,27.1530769230769,45.91,0,118.99,0,10703031.51,4.33893848329103,1.25373496242949,58.4896473197805,12.0583166666667,89949
SYC,2014,27.23,48.87,0,119.99,0,10962166.41,1.3858345458126,4.0636918123521,66.8577341460556,12.7470333333333,91359
SYC,2015,27.5746153846154,51.83,0,124.47,0,11627862.93,4.0419441072562,8.9140088750469,63.8278206702383,13.313925,93419
SYC,2016,27.4207692307692,34.39,0,122.47,0,11595092.19,-1.01548191697632,12.1175272453913,65.327959368448,13.3191166666667,94677
SYC,2017,27.2869230769231,42.55,0,120.73,0,11571125.39,2.85679575568443,6.95416218794271,69.4844935979069,13.6478416666667,95843
SYC,2018,27.0607692307692,51.26,0,117.79,0,11397595.98,3.70291839111562,4.93947272254312,68.9496449474224,13.9111166666667,96762
SYC,2019,27.69,73.46,0,125.97,0,12297821.25,1.80709400809983,5.5142920737342,74.199061774098,14.03325,97625
SYC,2020,27.7715384615385,58.09,0,127.03,0,12507627.86,1.20266463987124,-11.7398608281732,101.631501164292,17.6165187554113,98462
SYC,2021,27.3138461538462,39.51,0,121.08,0,12018158.64,9.76909936973547,0.552281631207279,93.3583859352663,16.9205225709613,99258
SYC,2022,27.2076923076923,45.79,0,119.7,0,14349396.6,2.62603632851287,12.7104688902836,82.0433679678613,14.2727945255291,119878
SYC,2023,27.6838461538462,66.64,0,125.89,0,15078222.97,-1.03530088431951,2.25925322283285,81.4938883436268,14.0181106992979,119773
SYR,1990,16.8507692307692,2.53,53.84,38.9,677264558.72,489331191.2,,3.73955590233751,54.6985405921111,11.225,12579208
SYR,1991,16.6207692307692,2.96,54.12,36.19,702522032.52,469775911.99,,7.66646818712442,53.3159158310973,11.225,12980821
SYR,1992,15.5992307692308,3.33,67.47,36.26,903124475.37,485360804.46,,12.972790068566,53.3895810349003,11.225,13385571
SYR,1993,16.6476923076923,4.68,58.31,40.73,804426450.66,561898290.78,,6.15089557310075,62.4977583352467,11.225,13795686
SYR,1994,17.94,5.23,48.94,48.16,695368052.02,684285357.28,,7.21302920527431,57.3441269627999,11.225,14208583
SYR,1995,17.53,2.52,49.56,43.45,724408657.56,635100003.45,,7.02658954303115,55.4863698060335,11.225,14616801
SYR,1996,17.9361538461539,4.82,47.65,46.82,715612655.6,703147629.28,,9.82556940470964,50.5341915910239,11.225,15018104
SYR,1997,16.3523076923077,7.43,59.03,37.61,910097504.26,579853754.62,,5.0238045081104,50.6815197520283,11.225,15417542
SYR,1998,17.7292307692308,5.08,49.23,45.71,778838931.99,723151078.23,,6.78530452433867,52.8262343695442,11.225,15820413
SYR,1999,17.9953846153846,2.29,45.31,45.25,735293443.91,734319760.25,,-3.55344987109004,57.8278508397103,11.225,16228061
SYR,2000,17.16,4.66,54.24,43.32,902439045.12,720753308.16,,0.675642589410501,62.2878259783357,11.225,16637888
SYR,2001,17.8253846153846,3.66,45.61,43.34,777711526.18,739004988.92,,1.04728710191981,71.4666614647929,11.225,17051338
SYR,2002,17.1330769230769,4.49,54.12,42.85,945386127.84,748518026.2,,3.95483192702744,81.1537216717051,11.225,17468332
SYR,2003,17.1846153846154,4.13,55.07,44.47,985163530.72,795536993.12,,7.20443505274413,82.7955347558983,11.225,17889296
SYR,2004,17.1146153846154,7.08,53.29,41.78,977172068.75,766114637.5,,6.90295943489203,77.7278436740019,11.225,18336875
SYR,2005,17.0738461538462,2.9,51.21,39.17,963469600.11,736947944.47,,6.21507783539282,72.8042383423679,11.225,18814091
SYR,2006,17.1292307692308,5.28,55.44,44.12,1088676499.68,866385410.64,,5.04619555585526,68.1561019321086,11.225,19637022
SYR,2007,17.5130769230769,3.98,54.34,48.01,1134843352.5,1002646841.25,,5.67459177685805,65.4651973503685,11.225,20884125
SYR,2008,17.7607692307692,1.92,49.16,46.05,1063653486.24,996363772.2,,4.47667273608019,67.6489601698823,11.225,21636564
SYR,2009,17.5176923076923,4.08,49.36,43.09,1084783189.84,946987594.21,,5.91204279337705,71.3583880642304,11.225,21976969
SYR,2010,19.3523076923077,2.32,35.78,53.36,804421023.38,1199661984.56,,5.19190584075331,72.0066202441767,11.225,22482421
SYR,2011,16.7415384615385,3.6,56.87,40.51,1301077433.26,926791749.98,4.75316388885629,2.8500028435797,57.8481117496972,48.3366666666667,22878098
SYR,2012,17.7361538461539,4.14,52.14,48.71,1186694042.82,1108628055.73,36.7022953364139,-26.3390170772532,,64.5808333333333,22759763
SYR,2013,17.2646153846154,3.69,48.91,39.35,1059728910.47,852593183.95,40.0318378290723,-26.3000876615061,,108.733333333333,21666917
SYR,2014,17.8615384615385,2.33,44.88,43.08,909881815.92,873389229.72,10.9271141804297,-10.310339909053,,154.13,20273659
SYR,2015,17.6653846153846,5.09,52.61,48.26,1021929152.98,937432064.68,38.4611429599733,-4.179791613232,,237.029166666667,19424618
SYR,2016,17.7453846153846,7.31,49.9,46.59,957772316.6,894240726.06,47.7051615298924,-6.4055907393619,,460.275833333333,19193834
SYR,2017,17.6484615384615,4.12,52.16,47.59,1002758682.88,914901950.12,18.0752696281771,-0.723281777470547,,492.610833333333,19224668
SYR,2018,18.3946153846154,11.1,40.3,45.43,788987153.5,889421498.35,0.940983843906781,1.39317607830837,,436.5,19577845
SYR,2019,17.33,11.4,53.83,45.12,1095630735.22,918351454.08,13.4175653228571,1.22070522070523,,436.5,20353534
SYR,2020,17.9461538461539,8.46,50.37,49.67,1060259738.73,1045525138.43,,-0.697154504235129,,877.945250896057,21049429
SYR,2021,18.1607692307692,4.8,45.61,47.7,986491346.79,1031695620.3,,1.85421590064124,,1256,21628839
SYR,2022,18.0430769230769,6.26,48.22,48.78,1083125982.06,1095704798.94,,0.732781301861365,,2505.74691085873,22462173
SYR,2023,18.5092307692308,9.33,43.88,50.5,1035332057.24,1191528461.5,,-1.20726420279644,,,23594623
TCD,1990,28.5361538461538,1.02,0,136.97,0,819468636.01,,-4.17847237277668,14.8020198338506,272.264787954393,5982833
TCD,1991,28.2876923076923,2.77,0,133.74,0,829947108.24,,8.53513716647156,13.6771803360387,282.10690880882,6205676
TCD,1992,27.2246153846154,4.1,0,119.92,0,776440747.52,,8.00144334631936,13.3470612638839,264.691800750579,6474656
TCD,1993,28.4369230769231,0.69,0.809999999999999,136.49,5369608.25999999,904812137.54,,-15.7098370452078,11.5051004426004,283.162579500018,6629146
TCD,1994,26.9930769230769,9.62,0.93,117.84,6308608.5,799361748,,10.136887633515,9.56520099073719,555.204695655697,6783450
TCD,1995,27.6753846153846,4.89,0,125.78,0,891662469.92,,1.23654931686509,12.9137178295389,499.14842590131,7089064
TCD,1996,28.3069230769231,2.4,0,133.99,0,992880370.92,,2.21447303467434,14.5008505680701,511.552430272516,7410108
TCD,1997,28.4761538461539,1.96,0,136.19,0,1044627145.54,,5.65339232788342,12.6826222838018,583.669372353396,7670366
TCD,1998,28.6307692307692,3.86,0,138.2,0,1097147688,,6.95157991354,10.2511828257405,589.951774567332,7938840
TCD,1999,28.1253846153846,5.38,0,131.63,0,1082354659.15,,-0.68285021729757,10.7905924626226,615.473349319164,8222705
TCD,2000,28.0530769230769,0.34,0,130.69,0,1112445434.17,,-0.879681025444938,12.3490994800595,710.207977031367,8512093
TCD,2001,28.1184615384615,1.32,0.0399999999999992,131.58,352164.959999993,1158446635.92,,11.6581346542938,12.0683047719947,732.397693260228,8804124
TCD,2002,28.4730769230769,1.52,0.940000000000001,137.09,8569220.48000001,1249738761.28,,8.49120981898062,13.2549244704387,693.713226496374,9116192
TCD,2003,28.8776923076923,1.64,0,141.41,0,1341674464.53,,14.7216670121033,11.6119479068705,579.897426172466,9487833
TCD,2004,28.6261538461538,0.23,0,138.14,0,1370353773.04,,33.629371852466,8.16223192158948,527.338032291576,9920036
TCD,2005,28.6138461538462,3.83,0,137.98,0,1425070134.16,,17.3325337350837,5.5448073534234,527.258362649626,10328092
TCD,2006,28.4369230769231,4.15,0.0100000000000016,135.69,107064.240000017,1452754672.56,,-0.5215222648348,7.47697747794766,522.425624895176,10706424
TCD,2007,28.2323076923077,2.27,0.329999999999998,133.35,3656947.79999998,1477739361,,4.35621211380455,7.70608483788778,478.633718476363,11081660
TCD,2008,27.9115384615385,3.19,0,128.85,0,1478720739.6,,3.10836221643889,8.48248041674512,446.000041432788,11476296
TCD,2009,28.9146153846154,3.38,0,141.89,0,1687604755.06,,-1.33848436646112,8.33574882696176,470.293423341398,11893754
TCD,2010,28.0415384615385,7.16,0,130.54,0,1607283540.5,,13.7943889290963,8.70140951220497,494.794262222947,12312575
TCD,2011,27.7092307692308,3.53,0,126.22,0,1609935721.34,2.02924053678259,4.55359039963335,8.79224929996722,471.248625718937,12754997
TCD,2012,27.81,6,0,127.53,0,1684798574.94,7.51662364663832,9.05268025089401,8.58548219684348,510.556338454251,13210998
TCD,2013,28.2007692307692,4.83,0,132.61,0,1815573986.19,0.222671564624585,2.80735188711816,9.65711185947141,493.899623852237,13691079
TCD,2014,28.0976923076923,3.56,0,131.27,0,1862547761.06,1.68197313925665,2.06298097115769,12.0294799460796,493.757329875312,14188678
TCD,2015,27.8638461538462,1.54,1.49,129.72,21824955.29,1900089396.12,4.37712665065658,3.31088567417588,11.9315892413338,591.21169798261,14647621
TCD,2016,28.34,2.93,0.530000000000001,134.95,8010767.15000002,2039722692.25,-0.792440525236024,-4.12992837205852,12.2811689052555,592.605615063022,15114655
TCD,2017,28.3507692307692,2.32,0,134.56,0,2102198451.04,-1.5370996298085,-1.62799367083434,11.6969722537549,580.656749587858,15622759
TCD,2018,28.0053846153846,6.33,0.82,130.89,13248355.42,2114728342.59,4.27462198610548,5.74111580758154,10.7191805601758,555.446458398226,16156531
TCD,2019,28.1230769230769,6.38,0,131.6,0,2195775346.8,-0.971939175419342,5.38865646919793,12.8212485831541,585.911013180369,16685223
TCD,2020,27.4061538461539,11.18,0,122.28,0,2106233748.12,4.46414437232861,-0.408894363255357,15.3120934124957,575.586004510945,17224679
TCD,2021,27.5930769230769,8.41,0,124.71,0,2223363925.83,-0.772844370359154,0.29397916326441,15.984500652896,554.530675033104,17828273
TCD,2022,26.8046153846154,9.93,0,114.46,0,2112395469.36,5.78802687843618,12.8966164300082,,623.759700911182,18455316
TCD,2023,28.4830769230769,7.6,0,136.28,0,2632802041.92,10.8363568399842,4.11745179201004,,606.569750165917,19319064
TGO,1990,26.0876923076923,41.47,0,105.14,0,420429731.54,,-0.243656134474705,25.5275706767947,272.264787954393,3998761
TGO,1991,25.8338461538462,50.48,0,101.84,0,419128630.4,,-0.699967495023117,25.8254328576164,282.10690880882,4115560
TGO,1992,25.6476923076923,35.62,0,99.42,0,420906202.14,,-3.98068681380465,21.3607459661853,264.691800750579,4233617
TGO,1993,26.1561538461539,43.4,0,106.03,0,446116241.59,,-15.0958274819575,22.9688599202213,283.162579500018,4207453
TGO,1994,25.7123076923077,48.28,0,100.26,0,423391964.4,,14.9824143442687,21.2181788401275,555.204695655697,4222940
TGO,1995,25.5561538461539,51.05,0,98.23,0,433276027.36,,7.84583232329818,21.6564578276359,499.14842590131,4410832
TGO,1996,25.63,44.61,0,99.19,0,454077933.4,,8.83621162979911,17.6820370216123,511.552430272516,4577860
TGO,1997,25.9838461538462,46.5,0,103.79,0,490410863.7,,14.3773775724317,15.9481958794495,583.669372353396,4725030
TGO,1998,26.4153846153846,50.1,0,109.4,0,531783882.2,0.975338381088677,-2.29987657013699,14.9094328404952,589.951774567332,4860913
TGO,1999,25.7115384615385,47.78,0,100.25,0,501276967.25,-0.0532136248823566,2.48175143834959,15.5936126011062,615.473349319164,5000269
TGO,2000,25.7838461538462,39.6,0,101.19,0,520120344.03,1.86260595463068,-0.783479610048047,16.476373040413,710.207977031367,5140037
TGO,2001,26.3753846153846,35.78,0,108.88,0,574601352.16,3.91959133653147,0.823438752111855,14.6216761361513,732.397693260228,5277382
TGO,2002,26.15,45.95,0,105.95,0,573536380.3,3.05981857535883,3.82662257675142,13.0486365456219,693.713226496374,5413274
TGO,2003,26.02,58.54,0,104.26,0,578868931.42,-0.930000884072213,6.72017142336034,14.2615594235253,579.897426172466,5552167
TGO,2004,25.5146153846154,48.24,0,97.69,0,556491866.52,0.393078681031663,-0.978665332738743,17.424819777661,527.338032291576,5696508
TGO,2005,25.8884615384615,41.03,0,102.55,0,599366909.05,6.78292893028314,-4.66629938413338,17.7126352177805,527.258362649626,5844631
TGO,2006,26.2876923076923,42.85,0,107.74,0,647589370.32,2.22897779414027,2.65013209943473,21.4853785656598,522.425624895176,6010668
TGO,2007,25.5592307692308,54.96,0,98.27,0,608128564.88,0.945673271705219,-1.17512039224768,22.9091913397755,478.633718476363,6188344
TGO,2008,25.3284615384615,47.09,0,95.27,0,606756719.24,8.69482814363902,4.03564527607485,25.2118791371317,446.000041432788,6368812
TGO,2009,25.7207692307692,53.48,0,100.37,0,657610690.05,3.71360592035808,5.45382399262667,26.5244929357803,470.293423341398,6551865
TGO,2010,25.8630769230769,53.06,0,102.22,0,688205349.8,1.44594517430866,5.85435269410561,28.7770704811001,494.794262222947,6732590
TGO,2011,25.3684615384615,48,0,95.79,0,662529044.46,3.56351472903955,5.82325223658786,31.0160338687865,471.248625718937,6916474
TGO,2012,25.4215384615385,51.24,0,96.48,0,685079009.28,2.57718174055851,6.30269542069151,31.5797767366734,510.556338454251,7100736
TGO,2013,25.9738461538462,41.99,0,103.66,0,755208917.72,1.82539475909158,5.8242658324455,34.3199905727727,493.899623852237,7285442
TGO,2014,26.3161538461539,48.56,0,108.11,0,807846569.5,0.190875076249796,5.6332402182029,33.5058523820321,493.757329875312,7472450
TGO,2015,26.3115384615385,39.5,0,108.05,0,828008219.75,2.58500390801596,5.46803129272737,37.5428481604031,591.21169798261,7663195
TGO,2016,26.4838461538462,50.93,0,110.29,0,866690693.81,1.28544847051411,4.21489560925825,39.9053406007563,592.605615063022,7858289
TGO,2017,26.1753846153846,47.9,0,106.28,0,856312839.2,-0.981889868943067,4.00813326162304,42.564446268173,580.656749587858,8057140
TGO,2018,25.61,53.8,0,98.93,0,817040907.54,0.92775542645718,4.7950602703237,44.2075868198443,555.446458398226,8258778
TGO,2019,25.8615384615385,55.79,0,102.2,0,864925549.6,0.674652770077458,4.92292591685973,44.0374814138378,585.911013180369,8463068
TGO,2020,25.5476923076923,60.12,0,98.12,0,850672926.4,1.69928463299407,1.99215501870344,47.2657543722862,575.586004510945,8669720
TGO,2021,25.9376923076923,46.95,0,103.19,0,916159929.01,4.18621506523519,5.99087610392314,48.8650457007629,554.530675033104,8878379
TGO,2022,25.62,64.15,0,99.06,0,900429446.28,7.96757361617943,5.75954251521733,51.1752250688706,623.759700911182,9089738
TGO,2023,26.1392307692308,54.15,0,105.81,0,984491897.97,5.48928568141135,6.40792215636242,50.006890751949,606.569750165917,9304337
THA,1990,26.3115384615385,41.15,0,108.05,0,5914476448.45,,11.1671634446293,76.1646823905515,25.585462419191,54738329
THA,1991,26.2469230769231,34.68,0,107.21,0,5964889299.14,,8.5582603212423,79.2159506117577,25.5167954060799,55637434
THA,1992,25.9123076923077,34.24,0,102.86,0,5814555865.24,,8.08338802345332,81.0234021492198,25.4001281507941,56528834
THA,1993,25.9938461538462,29.83,0,103.92,0,5965859936.16,,8.25191591524627,83.6329356939609,25.3196110778961,57408198
THA,1994,25.6592307692308,43.93,0,99.57,0,5801033232.78,,7.99702466720433,81.8888800219024,25.1499518885845,58260854
THA,1995,25.5092307692308,47.08,0,97.62,0,5769169407.84,,8.12031534625378,84.3357009911291,24.9151757040726,59098232
THA,1996,25.0961538461539,45.97,0,92.25,0,5527625904,,5.65194446499471,84.8252864053763,25.3426828609665,59920064
THA,1997,26.2492307692308,35.25,0,107.24,0,6512104388.16,,-2.75357515314082,99.8653188431335,31.3643344542954,60724584
THA,1998,26.9546153846154,40.01,0,116.41,0,7161849358.3,,-7.63403528600102,110.126107267109,41.3593875,61522630
THA,1999,25.0046153846154,41.23,0,91.06,0,5672950855.58,,4.57230775115542,112.203284628711,37.8136558333333,62299043
THA,2000,25.2415384615385,42.11,0,94.14,0,5931555704.1,,4.45524704335014,111.20931709607,40.1118033333333,63007815
THA,2001,25.9161538461538,35.69,0,102.91,0,6550338920.31,,3.44424900968372,122.759135124577,44.4319,63651141
THA,2002,25.9323076923077,39.72,0,103.12,0,6627154983.44,,6.14903605210036,115.210557860558,42.9600833333333,64266437
THA,2003,25.8846153846154,36.8,0,102.5,0,6648987015,,7.18924330340971,111.793292169142,41.4846166666667,64868166
THA,2004,25.8776923076923,37.9,0,102.41,0,6702944133.27,,6.28934214285795,107.436353601997,40.2224149175021,65452047
THA,2005,26.3392307692308,33.14,0,108.41,0,7156948502.2,,4.18763842884337,104.104191381316,40.2201302083333,66017420
THA,2006,25.8076923076923,44.77,0,101.5,0,6756620230.5,,4.96781089246107,102.056187597046,37.8819832215363,66567687
THA,2007,25.7638461538462,38.53,0,100.93,0,6772644626.42,,5.43515169050809,100.365424196487,34.5181805917013,67102394
THA,2008,24.94,49.84,0,90.22,0,6100661062.6,,1.72569884866334,102.445696265008,33.3133006412338,67619830
THA,2009,25.6815384615385,39.24,0,99.86,0,6802571048.8,,-0.690618232300579,109.922073097665,34.2857741234241,68121080
THA,2010,26.3046153846154,45.85,0,107.96,0,7403837098.12,,7.51339053261624,108.980921332939,31.685705,68579447
THA,2011,24.53,48.54,0,84.89,0,5858021887.12,3.80879058139633,0.840132083053334,119.925707350888,30.4917333333333,69007208
THA,2012,26.3038461538462,35.23,0,107.95,0,7495626779.1,3.01489950334988,7.24279620249642,121.116547555291,31.0830916666667,69436098
THA,2013,25.9815384615385,42.04,0,103.76,0,7247129028.64,2.18488618530681,2.68749556320556,124.369225680398,30.7259666666667,69845114
THA,2014,26.1776923076923,33.77,0,106.31,0,7464701975.77,1.89514181898785,0.984468863619426,127.049552300537,32.4798333333333,70216367
THA,2015,26.7892307692308,32.52,0,114.26,0,8059991236.7,-0.90042496329158,3.13404724911635,127.730603893628,34.2477166666667,70540795
THA,2016,26.4238461538462,36.99,0,109.51,0,7759861187.91,0.188149704448176,3.43515771692182,125.396342798662,35.2963833333333,70859841
THA,2017,25.4823076923077,53.18,0,97.27,0,6921751389.49,0.66563189313511,4.1776810321001,124.04474007571,33.9398110566858,71160187
THA,2018,25.4723076923077,39.27,0,97.14,0,6933472314.06,1.06389754183025,4.22287028746071,122.819408351734,32.3102257431458,71376079
THA,2019,26.9230769230769,35.49,0,116,0,8296583436,0.706728601314275,2.11455779628278,123.398633941482,31.0476057805499,71522271
THA,2020,26.2553846153846,44.51,0,107.32,0,7688564062.88,-0.845937147357064,-6.05003846851622,146.593528837574,31.2936732130832,71641484
THA,2021,25.3553846153846,50.93,0,95.62,0,6858567485.84,1.23039541318384,1.55216608426647,148.651147845611,31.9770934417717,71727332
THA,2022,24.9338461538462,61.93,0,90.14,0,6466222556.06,-1.6106803048669,2.58037874709827,143.826648371227,35.0613502144776,71735329
THA,2023,26.0530769230769,41.53,0,104.69,0,7506527920.15,8.47805174421546,2.01775095328327,141.92241013298,34.8021885808364,71702435
TON,1990,24.3815384615385,62.39,0,82.96,0,8271112,,-2.0440915137989,33.4597298105412,1.28092883799118,99700
TON,1991,24.4423076923077,49.04,0,83.75,0,8366206.25,,6.4149535652702,32.1990292394932,1.29611458948586,99895
TON,1992,24.3676923076923,43.02,0,82.78,0,8279821.16,,0.251973395838817,28.4794358813271,1.34717068495896,100022
TON,1993,23.9946153846154,46.69,0,77.93,0,7801026.79,,3.73805810585928,34.2218396201805,1.3840888319542,100103
TON,1994,24.0730769230769,44.44,0,78.95,0,7908105.7,,4.95252124359504,26.4876193877192,1.32021960428569,100166
TON,1995,24.5330769230769,40.49,0,84.93,0,8512109.25,,6.22816022763234,26.9612552033301,1.27094262839791,100225
TON,1996,24.8130769230769,61.28,0,88.57,0,8881356.75,,0.0929181768768501,27.4497205284831,1.23197439919933,100275
TON,1997,24.2838461538462,48.6,0,81.69,0,8224059.06,,-0.600537843483892,29.586400026211,1.26351842815085,100674
TON,1998,24.6976923076923,38.36,0,87.07,0,8827853.16,,2.2925765040134,32.2986315877523,1.4920553704767,101388
TON,1999,24.8153846153846,62.01,0,88.6,0,9041275.6,,2.30246259770198,32.7940380022645,1.59913237242174,102046
TON,2000,24.9215384615385,81.84,0,89.98,0,9238876.46,,3.75409745006452,36.5203214114466,1.75850260417167,102677
TON,2001,24.9169230769231,51.8,0,89.92,0,9287656.96,,1.49248125545273,39.5780565506693,2.12357416892489,103288
TON,2002,24.8092307692308,43.16,0,88.52,0,9194926.48,,4.4292235994526,38.1508889693799,2.19518733528738,103874
TON,2003,24.67,43.81,0,86.71,0,9058073.44,,0.0518054450729011,39.1839774593431,2.1458922520016,104464
TON,2004,24.8923076923077,48.28,0,89.6,0,9414361.6,,-1.96794740326561,41.9885757261039,1.97156279313261,105071
TON,2005,25.1638461538462,67.43,0,93.13,0,9841140.23,,-0.657650703495165,47.690107990186,1.94303621693648,105671
TON,2006,25.0138461538462,46.13,0,91.18,0,9688148.54,6.14911606456572,-2.16566342680382,44.0087132828634,2.02588079490914,106253
TON,2007,25.2969230769231,56.67,0,94.86,0,10124028.36,5.8422487490138,-2.46430779100223,48.4170088039327,1.97093365696189,106726
TON,2008,25.1346153846154,71.96,0,92.75,0,9926105,10.4469875128223,4.86284132376997,45.7449455028012,1.94244425686853,107020
TON,2009,24.2661538461538,52.39,0,81.46,0,8732756.38,1.42685972070534,-5.12917819150532,44.8577674702127,2.03449361322879,107203
TON,2010,25.2423076923077,52.57,0,94.15,0,10111710,3.53491239189834,0.824396914081831,43.9219840608526,1.90598784238353,107400
TON,2011,25.4784615384615,67.4,0,97.22,0,10457955.4,6.27075302995686,6.70369746238768,40.3361398464365,1.72895070977832,107570
TON,2012,25.0530769230769,60.99,0,91.69,0,9853007.4,1.14753853706056,0.919761024923076,43.2088709607532,1.71950701586165,107460
TON,2013,25.4123076923077,59.99,0,96.36,0,10318036.08,0.77562932236748,0.393922530137331,45.4271878301343,1.77371311869907,107078
TON,2014,24.8738461538462,53.68,0,89.36,0,9526580.24,2.510876332537,1.99053769890816,48.481512227385,1.84677368453546,106609
TON,2015,24.3738461538462,37.99,0,82.86,0,8791031.7,-1.05399831971284,1.11374402398066,52.9541199700763,2.10576325744967,106095
TON,2016,25.1269230769231,53.79,0,92.65,0,9776798.6,2.57815515245078,6.59869879417958,54.8806288285871,2.21566110422528,105524
TON,2017,25.2446153846154,63.92,0,94.18,0,9922428.08,7.51706283551121,3.20231976224244,55.1313690052237,2.2059726971784,105356
TON,2018,25.1207692307692,61.13,0,92.57,0,9772337.19,5.03209691984879,0.687546506680718,56.3375594322739,2.23657147594223,105567
TON,2019,25.0407692307692,62.6,0,91.53,0,9671883.57,1.17954334821804,-0.208433391421963,53.6370447818222,2.28948563032632,105669
TON,2020,25.2915384615385,55.03,0,94.79,0,10019682.16,-0.349737696727462,1.78339589901164,61.6387498700788,2.29956150787889,105704
TON,2021,25.2969230769231,67.75,0,94.86,0,10006781.4,5.64051140636744,0.362604273010447,69.5935539823905,2.26495960050055,105490
TON,2022,25.7753846153846,69.15,0,101.08,0,10617645.36,10.9713652903022,-2.3098644452046,72.3076190289302,2.32792982731644,105042
TON,2023,25.1276923076923,51.76,0,92.66,0,9691958.02,6.35112980255185,2.08415583636545,72.257882352583,2.36369881809753,104597
TUN,1990,20.3130769230769,14.58,25.94,56.01,215937763.46,466255749.09,,7.94981943665461,51.4961398707434,0.878333333333334,8324509
TUN,1991,19.2761538461539,4.84,31.67,48.26,269252861.09,410298171.02,,3.90454530313198,48.9895583931897,0.924620833333333,8501827
TUN,1992,19.5584615384615,7.32,28.11,48.37,244065412.32,419973105.44,,7.80572887722397,46.5761137620569,0.884433333333333,8682512
TUN,1993,19.9907692307692,3.58,29.29,55.17,259448183.9,488690894.7,,2.18982886145824,46.2067994271295,1.00374166666667,8857910
TUN,1994,20.8561538461538,3.93,23.36,60.49,210670945.28,545525919.52,,3.17841132209441,46.3010155686805,1.01155416666667,9018448
TUN,1995,19.9538461538462,8.56,27.28,52.68,249919118.24,482615071.44,,2.35166985086541,45.7606176474038,0.94575,9161258
TUN,1996,19.5423076923077,5.66,26.42,46.47,245558893.44,431912255.04,,7.14608096782061,46.3890004877716,0.973408333333333,9294432
TUN,1997,20.39,6.44,25.05,56.12,236002813.5,528721672.4,,5.44094350107467,44.9125325801756,1.10590833333333,9421270
TUN,1998,20.1669230769231,5.44,29.21,57.38,278712093.07,547500852.46,,4.78376247825665,43.7627590373578,1.138725,9541667
TUN,1999,20.6546153846154,8.12,31.34,65.85,302617880.42,635845163.55,,6.05463447898158,47.4565472997303,1.186225,9655963
TUN,2000,20.2738461538462,3.46,28.22,57.78,275566465.7,564217944.3,,4.7099729138049,50.0851889350194,1.37068333333333,9764935
TUN,2001,20.9638461538462,3.87,24.11,62.64,237957912.47,618236567.28,,3.79627166202512,54.9650706464449,1.4387125,9869677
TUN,2002,20.4769230769231,6.74,24.19,56.39,241210947.85,562293730.85,,1.32255714828946,54.6842615960117,1.42173333333333,9971515
TUN,2003,20.4746153846154,10.18,30.31,62.48,305271165.92,629275567.36,,4.70239953285241,53.2734534335118,1.28845833333333,10071632
TUN,2004,19.9169230769231,6.89,27.14,52.06,275909663.82,529250445.78,,6.23579072222647,52.4772543961687,1.24546666666667,10166163
TUN,2005,19.8153846153846,6.22,32.83,56.43,336687145.76,578716284.96,,3.4865455430439,54.113544833436,1.29743333333333,10255472
TUN,2006,20.2507692307692,6.73,28.62,57.88,296114254.2,598850210.8,3.22525337438916,5.24409983246916,55.3457485687972,1.331025,10346410
TUN,2007,20.1653846153846,6.21,26.19,54.34,273468175.38,567402086.68,2.96694432477349,6.70952097453554,57.5782977249506,1.28135833333333,10441702
TUN,2008,20.4784615384615,1.99,28.17,60.39,296986027.95,636669727.65,4.34502807623046,4.23778147502819,58.8689381757723,1.23214166666667,10542635
TUN,2009,19.8769230769231,6.94,28.85,53.25,307272146.85,567148763.25,3.66490330642919,3.04345012371552,62.5817426630804,1.350275,10650681
TUN,2010,20.4792307692308,5.11,23.83,56.06,256553303.4,603540838.8,3.33897963601068,2.97113275066512,62.047134742382,1.4314,10765980
TUN,2011,20.0230769230769,4.28,27.26,53.56,296753314.1,583056034.6,3.24002842009531,-2.04663389535644,66.3781219898579,1.40778333333333,10886035
TUN,2012,20.6276923076923,3.24,29.6,63.76,325885551.2,701975092.72,4.6118443220664,4.21667711535632,65.7638481241703,1.56189166666667,11009647
TUN,2013,20.3907692307692,3.64,26.76,57.84,298142820.36,644416320.24,5.31623531326692,2.42993096446429,65.2741104776149,1.62465833333333,11141361
TUN,2014,20.6853846153846,2.89,25.81,60.72,290989373.28,684574767.36,4.62555099534026,3.09032803070775,65.3029596183499,1.697675,11274288
TUN,2015,20.3153846153846,4.66,29.27,59.37,333744267.28,676952413.68,4.437371273215,0.967703108220121,65.4210131890978,1.961625,11402264
TUN,2016,21.1623076923077,4.29,22.27,63.38,256743569.98,730687358.12,3.62939937384382,1.11742594891074,66.6125821333258,2.14803333333333,11528674
TUN,2017,20.0261538461539,3.48,30.21,56.55,351961544.58,658835661.9,5.30884839565845,2.23783867965943,69.665911392343,2.419425,11650498
TUN,2018,20.6738461538462,4.03,25.3,60.06,297667504.2,706636770.84,7.30759176031653,2.62493010870395,67.3740579985927,2.64686666666667,11765514
TUN,2019,20.5661538461539,4.06,29.75,63.11,353283659.75,749436361.91,6.72007532863797,1.58784665466504,68.6809915970897,2.93443333333333,11875081
TUN,2020,21.0653846153846,3.56,23,62.85,275403311,752569482.45,5.63415115897626,-9.01193412390238,77.9617029890554,2.81235833333333,11974057
TUN,2021,21.3546153846154,1.2,25.59,69.2,308324236.98,833764642.4,5.70635020830701,4.7363207484732,76.9744508569641,2.79446666666667,12048622
TUN,2022,21.6407692307692,2.48,23.39,70.72,283471222.26,857079300.48,8.30646124447624,2.67331821840567,79.2128548528419,3.1036,12119334
TUN,2023,21.5830769230769,2.54,21.81,68.39,266091400.11,834387476.09,9.32899597507864,0.0391565674939329,80.4234087279242,3.10616666666667,12200431
TUR,1990,10.0615384615385,12.22,108.1,4.9,6055289386.8,274476577.2,60.3038691346446,9.26614667149323,23.7402311401663,0.00260864166666667,56015628
TUR,1991,10.0446153846154,15.27,112.2,8.78,6396509321.4,500546807.86,65.978567991895,0.720279035610048,27.0899256947401,0.00417181583333333,57009887
TUR,1992,8.26692307692308,14.96,130.55,4.02,7570609904.9,233120274.36,70.0761038690373,5.03563493896803,27.8115693892633,0.00687242333333333,57990118
TUR,1993,9.52692307692308,12.31,116.25,6.1,6858653163.75,359894918.7,66.0938429820005,7.65126520301509,25.1969872248245,0.0109846283333333,58999167
TUR,1994,11.1276923076923,11.39,99.98,10.64,6002182923.28,638760015.04,105.214986469202,-4.66814736394838,31.6005197044971,0.0296086758333333,60033836
TUR,1995,10.3807692307692,13.95,106.1,7.05,6474699768.3,430222746.15,89.1133172248499,7.87826687618991,32.1560929665032,0.0458450608333333,61024503
TUR,1996,10.8984615384615,14.74,101.96,9.64,6316537622.64,597208931.76,80.4121511388042,7.37966447375686,36.5895889403804,0.0814048916666666,61951134
TUR,1997,9.72230769230769,14.28,113.43,5.82,7129411933.38,365804262.12,85.669361649978,7.57766364407608,37.0752625326212,0.151865,62852966
TUR,1998,11.0815384615385,16.72,100.64,10.7,6414228305.12,681957898.1,84.6413434846315,2.40415025686937,28.1324296473955,0.26072425,63734383
TUR,1999,11.1023076923077,15.16,98.23,8.56,6344864596.29,552906860.88,64.8674876350757,-3.26316840597104,38.0748044703078,0.418782916666667,64591923
TUR,2000,9.86769230769231,14.56,115.52,9.8,7558007014.72,641174417.8,54.9153705812683,6.93323970455904,33.5314790796727,0.6252185,65425961
TUR,2001,11.7461538461539,12.44,96.2,14.9,6372781313.6,987052407.2,54.4001887619076,-5.75000655464257,44.2722566123396,1.22558808333333,66245128
TUR,2002,10.1761538461538,16.91,109.62,7.91,7349888907.9,530355968.45,44.9641209479849,6.44772204681594,38.6613917176345,1.50722641666667,67048795
TUR,2003,10.3238461538462,12.85,108.12,8.33,7333966647.6,565038310.9,21.6024384490573,5.76320606654714,33.9299625709292,1.50088520858333,67831730
TUR,2004,10.5476923076923,12.39,105.61,8.73,7244066281.37,598813546.41,8.59826168115273,9.79593638920282,33.2017964803931,1.42553725,68592617
TUR,2005,10.6046153846154,13.72,107.46,11.32,7450154195.22,784810585.24,8.17916036802001,8.99230493626517,38.6785675365284,1.34358310833333,69329557
TUR,2006,10.98,12.46,104.5,13.24,7319738970.5,927400420.76,9.59724212288433,6.94798808571993,40.3975176037227,1.42845341333845,70045349
TUR,2007,11.4523076923077,12.36,101.31,16.19,7107718326.72,1135859833.28,8.75618090972639,5.04350793157104,41.7264237590794,1.30293090533794,70158112
TUR,2008,10.9069230769231,11.17,104.24,12.03,7406426914.72,854751686.34,10.4441283764885,0.815024573007705,46.1090278731947,1.30152170281795,71051678
TUR,2009,10.6338461538462,16.95,102.31,6.55,7370331165.86,471856799.3,6.25097663090626,-4.82315395301769,51.7595288646851,1.54995977566564,72039206
TUR,2010,12.7123076923077,18.76,87.24,18.5,6380921166,1353129775,8.56644420552977,8.42710432276191,52.8836046931277,1.5028486296723,73142150
TUR,2011,9.66384615384615,13.54,116.96,8.59,8681195647.84,637580973.11,6.47187967115095,11.2001105833504,50.6352349030026,1.67495455197133,74223629
TUR,2012,11.0730769230769,15.6,103.88,13.83,7809264908.76,1039681687.41,8.89156996512165,4.78849271108008,49.6706643786638,1.79600094441355,75175827
TUR,2013,10.9192307692308,9.43,100.5,8.45,7652836212,643447422.8,7.49309030547697,8.48581699653026,52.1925534642962,1.90376824244752,76147624
TUR,2014,12.1630769230769,13.97,90.15,14.27,6957946842.6,1101385484.68,8.8545727136432,4.9397151613658,51.4928366915281,2.18854241775473,77181884
TUR,2015,11.0384615384615,16.15,103.84,13.34,8122206859.36,1043434509.86,7.67085364845881,6.08448690443663,52.4415854965147,2.72000852790578,78218479
TUR,2016,11.1930769230769,14.49,101.43,12.94,8041163685.66,1025856828.28,7.77513415328327,3.32308420845746,55.2227191372775,3.02013474808043,79277962
TUR,2017,11.3115384615385,11.73,104.97,18.02,8430423909.06,1447234817.96,11.1443110840765,7.50199748917491,53.8543290565447,3.64813263536867,80312698
TUR,2018,12.5707692307692,14.62,86.27,15.69,7022999489.08,1277279030.76,16.3324638988928,3.0131703931215,53.1171314772191,4.82837014720942,81407204
TUR,2019,11.5138461538462,13.5,93.81,9.49,7746777266.4,783678885.6,15.1768215720023,0.818514526726673,58.7727774876674,5.67381930843574,82579440
TUR,2020,11.7584615384615,12.58,96.94,15.8,8083310879.2,1317477944,12.2789574462574,1.85987303976462,67.4780925703273,7.00860541558522,83384680
TUR,2021,11.1761538461538,14.74,99.02,10.31,8332267428.36,867558848.58,19.5964926913324,11.4393956926566,71.6054681968061,8.85040754928315,84147318
TUR,2022,11.01,14.2,105.05,14.18,8927139860.65,1205015166.34,72.3088359891207,5.53342787492781,55.4957759875688,16.5488604173067,84979913
TUR,2023,12.0876923076923,15.93,90.64,13.78,7733945467.6,1175791797.7,53.8594087593315,5.11116818488702,53.3314946706927,23.7385661219918,85325965
TZA,1990,22.4769230769231,28.63,0,58.2,0,1519614047.4,,7.04507164205259,13.7059097332138,195.055916666667,26110207
TZA,1991,23.3323076923077,22.24,0,69.32,0,1856419823.52,,2.07198821361914,13.6337196201911,219.157416666667,26780436
TZA,1992,22.8607692307692,22.76,0,63.19,0,1735044985.72,,0.584322131924068,15.1994451324822,297.708083333333,27457588
TZA,1993,22.4861538461539,22.26,0,58.32,0,1652362597.44,,1.20580080875436,16.7993891390436,405.274016666667,28332692
TZA,1994,22.8838461538462,24.64,0,63.49,0,1869295182.44,,1.56766176421846,17.0667739503577,509.630875,29442356
TZA,1995,22.4461538461539,31.36,0,57.8,0,1756166126.6,,3.56991186849247,17.2768110808831,574.761741666666,30383497
TZA,1996,22.1484615384615,31.85,0,53.93,0,1668904944.66,,4.54436680394173,15.0148425190832,579.976666666667,30945762
TZA,1997,22.5053846153846,33.04,0,58.57,0,1849528672.73,,3.52527818941036,13.5731189280713,612.1225,31578089
TZA,1998,23.3592307692308,19.08,0,69.67,0,2258733308.86,,3.70851159859504,12.6930701174449,664.671208333333,32420458
TZA,1999,23.1138461538462,15.86,0,66.48,0,2213805938.4,,4.86386375362282,12.8654854234562,744.759075,33300330
TZA,2000,23.2853846153846,20.68,0,68.71,0,2354014150.69,,4.52078463603256,13.0593818974723,800.408516666667,34260139
TZA,2001,23.0123076923077,17.62,0,65.16,0,2293521162.84,,6.07080828734129,15.7669071850892,876.411666666667,35198299
TZA,2002,23.0853846153846,27.33,0,66.11,0,2387979407.44,,7.09319498355502,17.2382983411597,966.582784259259,36121304
TZA,2003,23.6676923076923,20.21,0,73.68,0,2732758412.4,,6.67278983053497,17.5834285915061,1038.41900659604,37089555
TZA,2004,23.08,27.61,0,66.04,0,2516762474.72,,7.50381465859829,17.3671663874052,1089.33477148983,38109668
TZA,2005,23.5969230769231,14.79,0,72.76,0,2850887849.76,,7.47631925974784,20.4644028128005,1128.93417916192,39182076
TZA,2006,23.17,29.32,0,67.21,0,2708220363.42,,6.53222138847813,22.1200250388312,1251.89997292515,40294902
TZA,2007,22.8123076923077,25.8,0,62.56,0,2592205630.72,,6.76853520293716,22.8842319180522,1245.03546404783,41435512
TZA,2008,22.4984615384615,28.6,0,58.48,0,2489536173.44,,5.68641685905224,22.2978434928101,1196.31070921046,42570728
TZA,2009,22.8430769230769,37.54,0,62.96,0,2747195506.72,,5.26910524873463,22.8666913151105,1320.31206074041,43633982
TZA,2010,23.2346153846154,20.8,0,68.05,0,3045815108.4,,6.33652342666889,24.6479235326913,1395.625,44758488
TZA,2011,23.2584615384615,29.17,0,68.36,0,3146567528.12,12.6909694699163,7.67215543486064,24.1241978132895,1557.43333333333,46029367
TZA,2012,22.2830769230769,31.53,0,55.68,0,2637798796.8,16.0010938506338,4.50015356010131,23.5035624756431,1571.69833333333,47374260
TZA,2013,23.4530769230769,23.13,0,70.89,0,3461142433.92,7.87072364573955,6.78158560065316,22.0709597355983,1597.55583333333,48824128
TZA,2014,22.7407692307692,32.7,0,61.63,0,3103163684.56,6.13161432988011,6.73246186832483,22.534367991041,1653.23083333333,50351512
TZA,2015,23.3023076923077,26.21,0,68.93,0,3585804910.66,5.58816952959303,6.16062877406682,23.4398257876872,1991.39083333333,52020962
TZA,2016,22.5423076923077,32.86,0,59.05,0,3178307967.65,5.17476629301494,6.86711619644551,21.1123804468145,2177.08666666667,53824013
TZA,2017,23.1130769230769,31.5,0,66.47,0,3699247598.3,5.31871605228926,6.76227716834148,20.8134417062715,2228.85666666667,55652890
TZA,2018,21.9715384615385,56.08,0,51.63,0,2965479796.35,3.49445848856184,5.46808181528009,20.0113705355786,2263.78166666667,57437145
TZA,2019,22.1130769230769,60.96,0,53.47,0,3164081421.77,3.46428057999023,5.79999999996723,20.2755446721769,2288.20666666667,59174891
TZA,2020,21.4238461538462,59.74,0,44.51,0,2713899238.98,3.29029062798325,1.99196460647855,19.7402519793829,2294.14615050509,60972798
TZA,2021,22.0261538461538,42.02,0,52.34,0,3288543764.08,3.69091958802198,4.32138429480482,21.2861397578073,2297.76422623792,62830412
TZA,2022,22.0576923076923,43.75,0,52.75,0,3413548557.75,4.35027204269098,4.56600576430955,22.1148740432464,2303.03367612332,64711821
TZA,2023,23.1376923076923,34.76,0,66.79,0,4449389904.74,3.7992329138492,5.06952353203394,23.3641015373226,2383.04258333333,66617606
URY,1990,17.28,56.85,32.94,23.58,102259034.82,73201822.74,,0.297348378681562,55.8433726685908,1.16948416666667,3104403
URY,1991,17.5515384615385,48.94,25.57,19.74,79838591.78,61635267.96,,3.53880850451309,48.8435662562104,2.01766333333333,3122354
URY,1992,16.74,47.22,34.45,18.07,108162733.9,56734415.14,,7.93158841395443,42.669869488814,3.02481166666667,3139702
URY,1993,16.9207692307692,53.35,33.14,19.11,104601273.3,60317752.95,,2.65754610698545,38.3769403574493,3.94109166666667,3156345
URY,1994,17.3961538461539,47.44,26.29,18.44,83413805.86,58507058.96,,7.28134264410127,36.6030546545433,5.04391666666667,3172834
URY,1995,16.8723076923077,46.34,33.92,19.26,108185804.8,61428614.4,,-1.44759896894408,36.042855819584,6.349,3189440
URY,1996,17.5884615384615,40.28,29.98,24.63,96125593.52,78971760.12,,5.57795776385868,36.2104001719249,7.97183333333334,3206324
URY,1997,17.9930769230769,47.83,24.26,24.17,78198349.7,77908248.65,,8.54768320111596,33.6633951476801,9.44183333333333,3223345
URY,1998,16.9,56.19,29.03,14.73,94036298.4,47714594.4,,4.51889009679091,36.2961146674262,10.4719166666667,3239280
URY,1999,16.7369230769231,37.66,35.05,18.63,114053225.75,60622299.45,,-1.52094591992036,40.0812774200226,11.3393,3254015
URY,2000,17.14,53.81,31.95,20.77,104355281.7,67839098.62,,-1.92993063549235,43.2404861346676,12.0995916666667,3266206
URY,2001,17.9530769230769,61.95,22.75,22.14,74489210.25,72491917.14,,-3.84412995940374,49.1512064534864,13.3191166666667,3274251
URY,2002,17.1638461538462,84.14,30.13,19.26,98792262.71,63150978.42,,-7.73200721540044,59.5662930476704,21.2569666666667,3278867
URY,2003,16.6992307692308,55.26,34.58,17.67,113463411.88,57978556.62,,0.805283915893824,58.4082038166213,28.2086833333333,3281186
URY,2004,17.2830769230769,31.55,28.87,19.55,94784482.76,64185543.4,,5.00416035564457,48.9794667465118,28.7037333333333,3283148
URY,2005,17.3838461538462,49.81,28.06,20.05,92198734.26,65879708.55,,7.4601321302473,45.2847553505243,24.4786,3285771
URY,2006,17.3869230769231,38.5,29.09,21.12,95691729.54,69474366.72,6.39764974385131,4.09857735445401,45.2097772208777,24.0733583333333,3289506
URY,2007,16.7838461538462,54.24,36.67,20.86,120833260.51,68736891.58,8.11464561179312,6.54151084504817,39.9337858279257,23.471025,3295153
URY,2008,17.3361538461539,27.74,30.21,21.58,99758767.17,71260979.66,7.87707374730889,7.17614466455107,43.9874495938505,20.9493166666667,3302177
URY,2009,17.0923076923077,52.09,33.58,21.78,111152855.78,72093781.98,7.06221874388573,4.24349419462426,37.819784182276,22.5679833333333,3310091
URY,2010,16.6907692307692,50.82,35.3,18.28,117145874,60663642.4,6.69870886978133,7.8034096507169,40.5239203286405,20.059275,3318580
URY,2011,16.5969230769231,41.83,36.26,18.02,120630674.5,59949386.5,8.09283206302989,5.16213302463606,41.3809099906607,19.3142083333333,3326825
URY,2012,17.6515384615385,43.84,27.66,23.13,92257191.66,77147825.13,8.097765805736,3.53817872056869,40.1644994630431,20.310575,3335401
URY,2013,16.6861538461539,44.73,34.91,17.83,116785714.67,59647358.71,8.57513504005399,4.63753862902416,41.9729294398281,20.4816083333333,3345337
URY,2014,17.2669230769231,65.98,29.16,19.63,97870699.44,65884836.42,8.87735333229825,3.23879122952364,44.0185948416883,23.246025,3356334
URY,2015,17.2892307692308,51.2,27.57,18.33,92856228.69,61735751.61,8.66626987079334,0.370741257681345,49.4299106783621,27.3273666666667,3368017
URY,2016,16.8492307692308,58.72,35.28,20.32,119221104.24,68667030.56,9.63941347635079,1.68979822971775,46.7119318269101,30.1626,3379283
URY,2017,17.9407692307692,56.1,20.4,19.63,69124135.2,66515037.94,6.21809382561856,1.74037643374211,44.2752162709038,28.6764,3388438
URY,2018,17.4515384615385,51.81,29.31,22.18,99493791.54,75290764.12,7.60653360377048,0.164777608940113,45.9760388636594,30.7252583333333,3394534
URY,2019,17.2930769230769,57.13,27.81,18.62,94476298.86,63255975.72,7.88198870879619,0.928351141267498,48.783394741944,35.255375,3397206
URY,2020,17.3269230769231,32.88,29.93,21.18,101731112.24,71990142.24,9.75640636078194,-7.35732706484723,59.1268962181699,42.0132916666667,3398968
URY,2021,17.5084615384615,43.12,29.52,23.13,100270436.4,78565555.35,7.74791402314763,5.84427312558179,58.7506196085418,43.554575,3396695
URY,2022,17.1453846153846,32.9,35.56,24.45,120580866.28,82907822.85,9.10437983075439,4.48622703072073,52.5574400191165,41.1710833333333,3390913
URY,2023,19.71,10.03,16.39,38.62,55530647.59,130847688.22,5.86910359896118,0.742128785315927,51.1234430122968,38.8239166666667,3388081
USA,1990,14.3453846153846,44.22,76.46,28.95,19086174580,7226585850,5.39795643990325,1.88596558335223,71.2235190027274,1,249623000
USA,1991,14.8184615384615,31.44,76.75,35.39,19416291750,8952997590,4.23496396453849,-0.108312881913292,70.0032428680854,1,252981000
USA,1992,13.4115384615385,45.91,77.42,17.77,19859313880,4558253780,3.02881967814969,3.52249717698845,66.0133609863432,1,256514000
USA,1993,12.4153846153846,45.92,94.85,22.25,24653317150,5783197750,2.95165696638559,2.7517958662618,63.1321973026696,1,259919000
USA,1994,13.8561538461539,43.17,80.23,26.36,21110598980,6936001360,2.60744159215453,4.02902272603258,59.658847332514,1,263126000
USA,1995,13.5215384615385,39.36,81.2,22.98,21621773600,6119068440,2.80541968853662,2.68443073360764,60.8150738983702,1,266278000
USA,1996,13.7369230769231,36.27,87.8,32.38,23652793200,8722977720,2.93120419993441,3.77277269138068,62.077087401875,1,269394000
USA,1997,13.3761538461539,41.16,84.97,24.86,23167665290,6778253020,2.33768993730735,4.44712793805328,63.1026078302994,1,272657000
USA,1998,15.2776923076923,43.38,74.82,39.43,20639396280,10876923220,1.55227909874364,4.48313335029331,65.4584220336789,1,275854000
USA,1999,14.4184615384615,45.29,69.87,23.31,19496524800,6504422400,2.18802719697358,4.78842504949371,67.4524242740136,1,279040000
USA,2000,14.3484615384615,37.59,80.22,32.75,22635068610.42,9240818960.25,3.37685727149929,4.07758576006954,68.5141438570779,1,282162411
USA,2001,15.0969230769231,34.3,73.07,35.33,20822681541.85,10067953180.15,2.82617111885407,0.95553834188668,71.6362791527051,1,284968955
USA,2002,14.1161538461539,33.17,81.16,30.67,23343660663.88,8821464669.31,1.58603162650601,1.7004473278454,72.4487187841909,1,287625193
USA,2003,14.1438461538462,38.33,79,28.87,22918526707,8375416025.71,2.27009497336115,2.79560596521233,72.1574582749613,1,290107933
USA,2004,14.1515384615385,42.67,74.21,24.18,21729081164.58,7080032105.64,2.67723669309172,3.84777169424153,71.5496408003688,1,292805298
USA,2005,14.8061538461539,32.62,74.78,33.26,22098731273.22,9828882082.74,3.3927468454955,3.48354993544559,72.4515020115068,1,295516599
USA,2006,15.6561538461539,30.4,64.22,33.75,19161957948.64,10070322030,3.22594410070404,2.78453963817891,74.5361185496312,1,298379912
USA,2007,13.9869230769231,47.23,79.73,27.56,24017164134.11,8301932064.92,2.85267248150138,2.00385829909158,79.4778659454736,1,301231207
USA,2008,13.1184615384615,54.27,86.11,22.65,26185531412.26,6887728329.9,3.839100296651,0.113587248160997,84.2543810723865,1,304093966
USA,2009,13.3438461538462,46.8,83.25,22.72,25538729789.25,6969849138.88,-0.355546266299747,-2.57650023225001,90.6906840737303,1,306771529
USA,2010,14.3407692307692,35.47,81.43,33.86,25192669024.61,10475546766.22,1.6400434423899,2.69519258234851,84.8487824908965,1,309378227
USA,2011,15.1484615384615,34.21,77.09,40.02,24039704048.49,12479815229.22,3.156841568622,1.56440685537306,87.3236637727481,1,311839461
USA,2012,16.4423076923077,31.01,59.12,38.87,18583727532.88,12218360778.13,2.06933726526067,2.289113386319,87.9168524173424,1,314339099
USA,2013,13.1992307692308,42.96,88.03,25.62,27881414604.46,8114527344.84,1.46483265562717,2.11783009786468,88.4631681340767,1,316726282
USA,2014,13.7107692307692,30.98,86.84,31.08,27724326510.4,9922524964.8,1.62222297740817,2.52381981372621,89.2001588850565,1,319257560
USA,2015,14.5846153846154,46.27,72.96,28.56,23479631228.16,9191039855.76,0.118627135552451,2.94555045599772,88.549501953734,1,321815121
USA,2016,15.3946153846154,34.24,65.75,31.88,21326232105,10340384479.2,1.26158320570536,1.81945147620522,89.4647151888467,1,324353340
USA,2017,15.2046153846154,40.89,63.4,27.06,20706985810.6,8838028959.54,2.13011000365961,2.45762230175086,89.9017920480885,1,326608609
USA,2018,14.4369230769231,35.69,84.34,38.02,27708184524.18,12490694517.54,2.44258329692817,2.96650506916596,88.7964841162556,1,328529577
USA,2019,13.7415384615385,56.05,84.28,28.92,27831466411.56,9550142484.84,1.81221007526021,2.58382533018889,92.3005594054721,1,330226227
USA,2020,14.43,39.7,73.33,26.92,24314594207.6,8926072222.4,1.23358439630629,-2.16302913866512,109.117417208557,1,331577720
USA,2021,14.8807692307692,37.52,71.21,30.66,23648823909.6,10182178641.6,4.69785886363742,6.05505293304556,114.980934430191,1,332099760
USA,2022,15.0176923076923,31.78,77.5,38.73,25886342377.5,12936490842.33,8.00279982052121,2.5123753198332,103.816116764807,1,334017321
USA,2023,15.92,30.34,65.52,38.48,22067544255.12,12960303768.88,4.11633838374488,2.88755600905984,99.1279171145421,1,336806231
VUT,1990,25.7546153846154,68.6,0,100.81,0,14926231.03,,11.6956997985937,123.618594769589,117.06125,148063
VUT,1991,25.3561538461538,77.53,0,95.63,0,14515964.59,,3.14763848027586,108.313586835668,111.675,151793
VUT,1992,25.4669230769231,71.36,0,97.07,0,15104868.56,,2.5854137275348,98.0148045046185,113.391666666667,155608
VUT,1993,25.2915384615385,39.8,0,94.79,0,15115497.77,,0.735447995455772,100.304397768297,121.580833333333,159463
VUT,1994,25.2207692307692,56.79,0,93.87,0,15330285.18,,9.08146609289211,92.4581311571828,116.405,163314
VUT,1995,25.8453846153846,63.47,0,101.99,0,17046302.63,,1.00394504149095,101.948234536543,112.111666666667,167137
VUT,1996,25.7992307692308,82.33,0,101.39,0,17328666.29,,2.3273354164422,107.424006849315,111.719166666667,170911
VUT,1997,25.4638461538462,61.29,0,97.03,0,16943960.78,,4.90681267768768,98.9058090236031,115.873333333333,174626
VUT,1998,26.1523076923077,87.33,0,105.98,0,18897611.74,,1.17685436113621,105.246031034173,127.5175,178313
VUT,1999,25.6930769230769,96.84,0,100.01,0,18206620.48,1.99897488467453,0.337293221894313,92.4027404388171,129.075,182048
VUT,2000,25.6307692307692,118.37,0,99.2,0,18479075.2,2.53768844221106,5.92480905652914,90.101733393873,137.643333333333,186281
VUT,2001,25.9546153846154,75.34,0,103.41,0,19754515.71,3.57755452095075,-3.39758248938256,94.9354509071505,145.3125,191031
VUT,2002,25.6838461538462,87.64,0,99.89,0,19564755.07,1.96356754199196,-5.19831875936035,95.7704538615162,139.198333333333,195863
VUT,2003,25.9392307692308,69.25,0,103.21,0,20718994.66,3.01624129930394,4.28833511695458,90.3224437215355,122.189166666667,200746
VUT,2004,25.7892307692308,60.42,0,101.26,0,20830295.86,1.41891891891892,3.98739280216962,93.485513320099,111.79,205711
VUT,2005,25.9346153846154,97.78,0,103.15,0,21739894,1.19920053297802,5.30532647259227,98.6343955687401,109.245833333333,210760
VUT,2006,25.6607692307692,82.34,0,99.59,0,21503771.57,2.04081632653061,8.46069747205426,93.7071115591121,110.640833333333,215923
VUT,2007,26.2061538461539,109.91,0,106.68,0,23605723.68,3.93548387096774,2.8758922877538,99.8533044727589,102.4375,221276
VUT,2008,25.9715384615385,85.11,0,103.63,0,23513232.48,4.84171322160149,5.60099182147214,100.016065015118,101.334166666667,226896
VUT,2009,25.5661538461539,94.93,0,98.36,0,22891421.16,4.29706572955358,3.03730354099602,95.0814647975718,106.740833333333,232731
VUT,2010,26.3115384615385,74.62,0,108.05,0,25742696.4,2.76269469477348,1.25886720329326,86.9888645378177,96.9058333333333,238248
VUT,2011,25.9146153846154,87.54,0,102.89,0,25051039.86,0.873793104781101,3.13980290023412,83.1400341121834,89.4691666666667,243474
VUT,2012,25.6807692307692,109.15,0,99.85,0,24850967.55,1.34740362877658,1.01004768692042,82.1765848263518,92.6375,248883
VUT,2013,25.8592307692308,109.58,0,102.17,0,26000425.94,1.45893371757925,0.463390415135095,75.0045257783295,94.5425,254482
VUT,2014,25.8346153846154,89.91,0,101.85,0,26505444,0.798863838096929,2.5750403162878,77.7450674207121,97.0716666666667,260240
VUT,2015,25.8430769230769,59.03,0,101.96,0,27131657.96,2.48326875660444,3.96591946444873,78.5774005736854,108.989166666667,266101
VUT,2016,26.6384615384615,43.89,0,112.3,0,30555370.1,0.842069084035058,3.47154471544715,82.4870290696742,108.475,272087
VUT,2017,26.1953846153846,66.78,0,106.54,0,29672135.78,3.08452624403545,4.41266598569969,82.8993331910588,107.820833333333,278507
VUT,2018,25.9276923076923,66.4,0,103.06,0,29398792.54,2.33096379566871,2.90023027256446,88.2749238580544,110.165,285259
VUT,2019,26.1738461538462,46.13,0,106.26,0,31026326.1,2.76252019386107,3.24118765540442,88.5085611707771,114.7325,291985
VUT,2020,26.1569230769231,96.69,0,106.04,0,31690902.32,5.32935073101714,-4.99249142889525,90.1283463837452,115.38,298858
VUT,2021,26.2815384615385,75.72,0,107.66,0,32929748.88,2.34328358208955,-1.55229489129462,95.7581107847696,109.4525,305868
VUT,2022,26.7446153846154,86.38,0,113.68,0,35587069.28,6.67930581887123,5.18622862422562,92.9419049987383,115.353916666667,313046
VUT,2023,26.1807692307692,70.66,0,106.35,0,34075497.15,11.1825017088175,-0.964792281661744,87.2616766886805,119.1125,320409
WSM,1990,26.8046153846154,74.47,0,114.46,0,19348547.32,,-4.42145088411849,41.6515755161173,2.30985166666667,169042
WSM,1991,27.1184615384615,85.7,0,118.54,0,20076882.72,,-2.30001238645001,39.4229131111822,2.39962233333333,169368
WSM,1992,27.1315384615385,80.16,0,118.71,0,20219993.01,,-0.199987145070338,36.6456986819993,2.46630833333333,170331
WSM,1993,26.79,83.32,0,114.27,0,19628614.98,,4.09999101013889,35.4765523624318,2.56860341666667,171774
WSM,1994,26.9676923076923,70.56,0,116.58,0,20186876.22,,-2.54210048090948,24.6358636299325,2.53503716666667,173159
WSM,1995,27.1669230769231,59.15,0,119.17,0,20803626.07,,6.6736431464967,30.8729376613341,2.47340416666667,174571
WSM,1996,26.8892307692308,62.6,0,115.56,0,20346764.76,,7.17896881783187,29.2715208632163,2.46217291666667,176071
WSM,1997,26.7707692307692,61.46,0,114.02,0,20243908.94,,0.643425004323134,29.9463018561577,2.55937166666667,177547
WSM,1998,26.93,43.08,0,116.09,0,20769081.45,,2.19488971786478,29.0396918936827,2.94768683333333,178905
WSM,1999,26.8823076923077,63.41,0,115.47,0,20816354.25,,2.18543437397388,32.5215854781804,3.013152,180275
WSM,2000,26.8892307692308,57.67,0,115.56,0,20995518.6,,5.09304469244418,35.2658366328029,3.286361525,181685
WSM,2001,27.0638461538462,66.03,0,117.83,0,21582449.78,,7.39012906172989,33.7077654420783,3.4780400715,183166
WSM,2002,27.3192307692308,57.61,0,121.15,0,22348661.65,,5.65195919890348,34.6499439943095,3.3762581025,184471
WSM,2003,27.4338461538462,55.73,0,122.64,0,22741135.2,,5.21262892634149,36.5983961383042,2.97323765833333,185430
WSM,2004,27.5630769230769,49.53,0,124.32,0,23154475.68,,3.0872602379675,35.9162413205492,2.78072343066667,186249
WSM,2005,27.57,63.25,0,124.41,0,23261932.98,,6.63920361300734,37.4540761767669,2.71033673441667,186978
WSM,2006,27.3146153846154,76.31,0,121.09,0,22729682.81,3.70008680555553,2.13212714677351,39.6250110026492,2.77929404469672,187709
WSM,2007,27.5292307692308,63.84,0,123.88,0,23382721.64,5.5770639321963,0.485982550017255,40.724055468647,2.61657247247996,188753
WSM,2008,27.0146153846154,60.54,0,117.19,0,22278639.33,11.5659068384539,3.55610467395,38.6950454746052,2.64417628032353,190107
WSM,2009,27.1907692307692,54.34,0,119.48,0,22881973.24,6.32495336235228,-0.541677601834593,41.6765624323052,2.73077850953731,191513
WSM,2010,27.5938461538462,67.16,0,124.72,0,24073828.56,0.777007268777691,6.1247199226125,44.057148431282,2.48465658452338,193023
WSM,2011,27.0169230769231,55.7,0,117.22,0,22824257.86,5.23541591478431,3.84907794660396,40.1876546706882,2.3174720118126,194713
WSM,2012,27.2,64.26,0,119.6,0,23501160.8,2.04901883521159,-3.73213020890266,39.4702117490305,2.29231194992329,196498
WSM,2013,27.3638461538462,77.38,0,121.73,0,24135163.64,0.610085720905058,0.107293276488932,40.9868119812795,2.31090003482576,198268
WSM,2014,27.3353846153846,62.43,0,121.36,0,24276490.32,-0.406816088424915,0.659923768782861,44.2561043452283,2.33176884618308,200037
WSM,2015,27.1561538461539,68.81,0,119.03,0,24018111.46,0.724470134874755,3.8503618166494,43.4674579320742,2.5608736880983,201782
WSM,2016,27.7038461538462,71.58,0,126.15,0,25671398.85,1.30471869303183,7.9838628784713,42.9752954840578,2.56492967258212,203499
WSM,2017,27.6138461538462,82.85,0,124.98,0,25672766.7,1.74989677484703,1.40628239971301,48.675298407461,2.55437711641037,205415
WSM,2018,27.51,66.72,0,123.63,0,25663362.66,4.19745888663753,-0.609647103380141,52.6851790162223,2.58727995057261,207582
WSM,2019,27.7538461538462,73.81,0,126.8,0,26600104,0.982326569888101,4.45185891688691,52.0007875858002,2.64882632186605,209780
WSM,2020,27.6138461538462,89.12,0,124.98,0,26488761.12,-1.56891247740897,-3.10844401053139,55.88008005527,2.66496084519696,211944
WSM,2021,27.3753846153846,54.02,0,121.88,0,26055384.52,3.13320473174495,-7.07883094291508,61.3996843628907,2.55609234207843,213779
WSM,2022,27.3107692307692,48.05,0,121.04,0,26055191.44,10.9618822286844,-5.30629089966979,65.8803186169397,2.68899764734059,215261
WSM,2023,27.6769230769231,63.25,0,125.8,0,27256205.4,7.92164684826778,9.20864923964689,63.443891153943,2.73843913026323,216663
ZAF,1990,18.0123076923077,6.17,32.43,32.59,1321401471.24,1327920874.12,14.3209918914915,-0.317760426540374,47.8135664940345,2.58732083333333,40746268
ZAF,1991,17.6853846153846,14.45,34.8,30.71,1450738850.4,1280235347.58,15.3347785733672,-1.0182449675445,48.913858681095,2.761315,41687898
ZAF,1992,17.7946153846154,4.77,34.45,31.78,1462178885.05,1348854716.02,13.874703748615,-2.13703284500521,44.8176063714297,2.85201416666667,42443509
ZAF,1993,18.5969230769231,6.4,28.74,36.5,1244360263.44,1580346194,9.71742729803026,1.23355793864741,41.5165489636198,3.26774158333333,43297156
ZAF,1994,17.9338461538462,6.57,31.23,30.37,1374249260.97,1336405701.43,8.938563723594,3.20000000297172,43.3445594540077,3.55079833333334,44004139
ZAF,1995,17.9115384615385,7.62,32.77,31.62,1459626724.58,1408403937.48,8.68042421392633,3.10000000054411,44.011018589913,3.627085,44541554
ZAF,1996,17.0446153846154,10.93,38.77,26.35,1749419407.86,1188991524.3,7.35411972085331,4.29999999726792,44.6406744259231,4.29934916666667,45123018
ZAF,1997,18.1161538461539,6.28,32.31,33.82,1475495535.78,1544452461.16,8.59777611252273,2.60000000146347,47.4025072600946,4.60796166666667,45666838
ZAF,1998,18.3269230769231,7.19,30.14,34.39,1393187743.2,1589639233.2,6.88054521037351,0.50000000034143,49.6006941482149,5.52828416666667,46223880
ZAF,1999,18.9630769230769,8.07,31.68,44.2,1480417012.8,2065480807,5.18148905111698,2.39999999746338,50.2591803301844,6.10948416666667,46730335
ZAF,2000,18.1484615384615,8.28,31.12,33.05,1467610455.28,1558628712.95,5.33895913599827,4.20000000067826,47.3643581454259,6.93982833333333,47159719
ZAF,2001,17.8669230769231,11.61,35.28,33.55,1678156704,1595866140,5.70189483049609,2.70000000019104,51.4195683669222,8.60918083333334,47566800
ZAF,2002,17.8746153846154,8.14,35.44,33.81,1701808067.6,1623536421.15,9.494713780996,3.70037440406668,52.117445159726,10.5407466666667,48019415
ZAF,2003,18.3961538461539,5.73,33.11,38.26,1605846522.28,1855623314.48,5.679424140688,2.94907546754213,53.933693311777,7.56474916666667,48500348
ZAF,2004,18.1607692307692,14.14,33.85,35.94,1658359600.85,1760751670.74,-0.692039437857689,4.55455990721774,55.0433217131858,6.4596925,48991421
ZAF,2005,18.3669230769231,6.14,28.23,33,1397103631.59,1633171089,2.06285308223427,5.27705197295467,59.760936349771,6.35932833333333,49490033
ZAF,2006,17.5823076923077,11.83,38.57,33.14,1928433543.89,1656942899.78,3.24390765419229,5.60380645895889,65.4243148230338,6.77154916666667,49998277
ZAF,2007,18.2269230769231,6.4,31.65,34.6,1599229683.6,1748289006.4,6.17781214809388,5.36047405394162,71.0936792582327,7.045365,50528584
ZAF,2008,18.2746153846154,9.78,33.69,37.26,1722050840.31,1904529958.74,9.90998456005467,3.1910438863288,73.2952082257562,8.26122333333333,51114599
ZAF,2009,18.32,7.77,31.25,35.41,1616516125,1831706751.56,7.23809523809527,-1.53808913525583,69.7119446561274,8.47367415824888,51728516
ZAF,2010,18.9969230769231,6.77,25.74,38.7,1347335872.74,2025714773.7,4.06749555950264,3.03973288127956,68.1689583631844,7.32122196115288,52344051
ZAF,2011,17.6392307692308,9,35.57,30.88,1885039441.85,1636491930.4,5.00085338795019,3.16855627858818,67.8297284104177,7.26113213232735,52995205
ZAF,2012,17.79,9.1,36.96,34.23,1987803676.32,1840977268.41,5.73797139141737,2.39623238465745,66.550267601772,8.20996862659332,53782567
ZAF,2013,17.8523076923077,5.17,36.37,34.45,1988667628.67,1883684349.95,5.78016910069177,2.48546800826588,64.9807634284201,9.65505606913526,54678791
ZAF,2014,18.3492307692308,7.38,31.64,36.18,1759020674.32,2011421238.84,6.13282953059149,1.41382645223793,65.2381425601434,10.8526555687831,55594838
ZAF,2015,18.9976923076923,4.93,28.35,41.32,1608112273.95,2343816548.84,4.5186909489251,1.32186223678229,67.3018792759517,12.7589308811644,56723537
ZAF,2016,18.6592307692308,6.39,31.3,39.87,1792223946.3,2282938298.37,6.60290842394869,0.664552307858116,66.3120220770983,14.7096108855267,57259551
ZAF,2017,18.6938461538462,5.8,25.35,34.37,1461051356.7,1980920517.94,5.18618655524146,1.15794695181735,66.1447664923871,13.3238014244992,57635162
ZAF,2018,18.19,5.61,35.19,37.66,2062591505.19,2207365617.66,4.50987264867393,1.55678384721676,66.136856193442,13.2339264715833,58613001
ZAF,2019,19.2330769230769,4.03,23.66,39.69,1409849359.1,2365043155.65,4.1028507546115,0.25993557687633,66.90916485575,14.4484270548333,59587885
ZAF,2020,18.3607692307692,8.21,32.64,37.33,1976756115.84,2260793682.73,3.23238831615119,-6.1689177146757,74.03882567267,16.4591053903333,60562381
ZAF,2021,17.9492307692308,7.3,30.51,29.85,1876444417.53,1835852699.55,4.61874544887136,4.95503259440756,69.9946604714164,14.7786782139167,61502603
ZAF,2022,18.0707692307692,14.27,33.54,34.46,2092171871.4,2149560008.6,7.03987272546481,1.91147996033504,71.0663990747561,16.3558534845,62378410
ZAF,2023,18.3661538461539,7.21,34.35,39.11,2171345390.4,2472236338.24,6.07524384579656,0.698485193724835,72.4518375787039,18.4502441785,63212384
ZMB,1990,21.2661538461538,37.77,1.07,43.53,8331200.83,338931936.57,,-0.481072027781664,21.8249514734427,0.0302891083333333,7786169
ZMB,1991,21.4115384615385,33.34,0.559999999999999,44.91,4469723.99999999,358455901.5,,-0.0361333838823299,22.3600600707912,0.0646397083333333,7981650
ZMB,1992,21.6669230769231,46.56,0.559999999999999,48.23,4578940.79999999,394361276.4,,-1.73092217352566,,0.172213783333333,8176680
ZMB,1993,20.36,47.44,6.76,37.44,56607705.96,313519602.24,,6.79727404907118,14.071674661622,0.452762666666667,8373921
ZMB,1994,21.1946153846154,36.17,2.22,43.75,19039317.18,375211768.75,,-8.62544195231277,13.5634130797137,0.669370621666667,8576269
ZMB,1995,21.5392307692308,42.84,1.47,47.48,12915071.61,417148027.24,,2.89766889341698,15.6905365486628,0.864119166666667,8785763
ZMB,1996,20.5884615384615,37.49,6.17,39.82,55555007.01,358541390.46,,6.21854648894293,16.0382382551386,1.2079,9004053
ZMB,1997,20.3661538461539,41.21,5.24,36,48402210.12,332534268,,3.81400749718355,15.406776036074,1.3144975,9237063
ZMB,1998,23.0138461538462,19.14,0,65.18,0,618063353.44,,-0.38574614579035,16.6184075444327,1.86206916666667,9482408
ZMB,1999,21.3076923076923,26.66,1.39,44.39,13538606.95,432358821.95,,4.6501897463741,17.1955797550204,2.38801916666667,9740005
ZMB,2000,21.5192307692308,38.88,0.850000000000001,46.6,8514986.35000002,466821604.6,,3.89732294341896,21.6860252568239,3.11084416666667,10017631
ZMB,2001,20.4307692307692,42.2,6.12,37.72,63190132.2,389465978.2,,5.31686827418419,17.860977968843,3.610935,10325185
ZMB,2002,21.6569230769231,33.97,0.559999999999999,48.1,5962851.43999999,512166346.9,,4.50601428032604,18.3470905634688,4.398595,10647949
ZMB,2003,21.5938461538462,33.66,0.629999999999999,47.35,6919664.84999999,520073223.25,,6.94497398221223,18.2306925769917,4.73327104649872,10983595
ZMB,2004,21.2669230769231,36.43,1.47,43.94,16667151.06,498200420.12,,7.03239511515218,18.7743104593352,4.77887538643578,11338198
ZMB,2005,22.3576923076923,20.82,0.129999999999999,56.78,1523446.46999999,665394542.82,,7.23559900655543,15.4971016315143,4.465,11718819
ZMB,2006,21.2884615384615,39.87,2.01,44.76,24380401.53,542918792.28,,7.90369444480079,18.0615885624267,3.60166666666666,12129553
ZMB,2007,21.1030769230769,44.05,1.7,42.04,21360644.5,528236173.4,,8.35243624447406,18.483666323897,4.00166666666667,12565085
ZMB,2008,20.5692307692308,39.74,4.16,37.56,54168707.84,489080929.44,,7.77389581542363,19.101743578019,3.745,13021324
ZMB,2009,20.63,45.18,2.63,36.82,35479723.07,496716122.98,,9.2203484058663,17.8373653191483,5.045,13490389
ZMB,2010,21.21,37.03,1.86,43.59,25976004.84,608760242.46,,10.2982233241213,18.4296329419961,4.7975,13965594
ZMB,2011,21.3053846153846,30.5,0.420000000000002,43.39,6063874.32000003,626455968.44,6.42939681072337,5.56925219263019,19.1220235564735,4.86166666666666,14437796
ZMB,2012,21.5623076923077,33.73,0.880000000000003,47.19,13123993.52,703774152.51,6.575899707577,7.59738104901994,19.57691458578,5.1475,14913629
ZMB,2013,21.5130769230769,35.38,2.01,47.68,30951983.97,734224176.96,6.97767605490313,5.05753695047252,20.5127924174127,5.39648333333333,15398997
ZMB,2014,21.2146153846154,38.8,2.43,44.22,38625615.4500001,702890829.3,7.80687553566327,4.69328316376705,20.9269794142477,6.15416666666667,15895315
ZMB,2015,21.6530769230769,40.48,0.199999999999999,47.69,3279817.79999999,782072554.41,10.1105928909618,2.92037511217961,25.7726453305593,8.63166666666667,16399089
ZMB,2016,21.8261538461539,27.6,1.71,51.45,28923663.33,870247063.35,17.8697300795268,3.75510031678988,20.6235684850474,10.3075,16914423
ZMB,2017,21.1776923076923,47.42,0.669999999999998,41.98,11685684.4,732186613.6,6.57731154205644,3.52586277149926,21.9632481696508,9.5175,17441320
ZMB,2018,21.3076923076923,35.35,2.6,45.6,46731279.4,819594746.4,7.49457192728517,4.03449389667165,22.8934937900932,10.4583333333333,17973569
ZMB,2019,21.7661538461538,31.46,1.45,50.41,26845066.5500001,933282623.99,9.15031644316299,1.44130602603785,23.5980964890188,12.89,18513839
ZMB,2020,21.4092307692308,44.27,1.69,46.01,32210377.55,876922763.95,15.7330604721369,-2.78505506545167,31.2059620192927,18.3440926453379,19059395
ZMB,2021,20.7007692307692,36.48,6.01,41.12,117817678.07,806100319.84,22.0207676245776,6.23492204726448,24.3311828486537,20.0184865859688,19603607
ZMB,2022,20.29,56.97,5.54,35.31,111647276.52,711600240.78,10.9932039209136,5.21122360356247,27.1271206443926,16.9375943252989,20152938
ZMB,2023,21.3746153846154,43.18,2.22,46.09,46007202.3,955167546.85,10.884531691282,5.36794285493059,29.9485428239886,20.212017866195,20723965
